2026-09-09 10:43:59 [restartedMain] INFO  c.e.a.ApiProjectApplication - Starting ApiProjectApplication using Java 21.0.7 with PID 9416 (C:\Users\USER\Downloads\api_project\api_project\target\classes started by USER in C:\Users\USER\Downloads\api_project\api_project)
2026-09-09 10:43:59 [restartedMain] INFO  c.e.a.ApiProjectApplication - No active profile set, falling back to 1 default profile: "default"
2026-09-09 10:43:59 [restartedMain] INFO  o.s.b.d.e.DevToolsPropertyDefaultsPostProcessor - Devtools property defaults active! Set 'spring.devtools.add-properties' to 'false' to disable
2026-09-09 10:43:59 [restartedMain] INFO  o.s.b.d.e.DevToolsPropertyDefaultsPostProcessor - For additional web related logging consider setting the 'logging.level.web' property to 'DEBUG'
2026-09-09 10:44:00 [restartedMain] INFO  o.s.d.r.c.RepositoryConfigurationDelegate - Bootstrapping Spring Data JPA repositories in DEFAULT mode.
2026-09-09 10:44:00 [restartedMain] INFO  o.s.d.r.c.RepositoryConfigurationDelegate - Finished Spring Data repository scanning in 133 ms. Found 16 JPA repository interfaces.
2026-09-09 10:44:01 [restartedMain] INFO  o.s.b.w.e.tomcat.TomcatWebServer - Tomcat initialized with port 8080 (http)
2026-09-09 10:44:01 [restartedMain] INFO  o.a.catalina.core.StandardService - Starting service [Tomcat]
2026-09-09 10:44:01 [restartedMain] INFO  o.a.catalina.core.StandardEngine - Starting Servlet engine: [Apache Tomcat/10.1.30]
2026-09-09 10:44:01 [restartedMain] INFO  o.a.c.c.C.[Tomcat].[localhost].[/] - Initializing Spring embedded WebApplicationContext
2026-09-09 10:44:01 [restartedMain] INFO  o.s.b.w.s.c.ServletWebServerApplicationContext - Root WebApplicationContext: initialization completed in 2416 ms
2026-09-09 10:44:01 [restartedMain] INFO  o.h.jpa.internal.util.LogHelper - HHH000204: Processing PersistenceUnitInfo [name: default]
2026-09-09 10:44:01 [restartedMain] INFO  org.hibernate.Version - HHH000412: Hibernate ORM core version 6.5.3.Final
2026-09-09 10:44:01 [restartedMain] INFO  o.h.c.i.RegionFactoryInitiator - HHH000026: Second-level cache disabled
2026-09-09 10:44:02 [restartedMain] INFO  o.s.o.j.p.SpringPersistenceUnitInfo - No LoadTimeWeaver setup: ignoring JPA class transformer
2026-09-09 10:44:02 [restartedMain] INFO  com.zaxxer.hikari.HikariDataSource - HikariPool-1 - Starting...
2026-09-09 10:44:03 [restartedMain] WARN  o.h.e.jdbc.spi.SqlExceptionHelper - SQL Error: 0, SQLState: 08S01
2026-09-09 10:44:03 [restartedMain] ERROR o.h.e.jdbc.spi.SqlExceptionHelper - Communications link failure

The last packet sent successfully to the server was 0 milliseconds ago. The driver has not received any packets from the server.
2026-09-09 10:44:03 [restartedMain] WARN  o.h.e.j.e.i.JdbcEnvironmentInitiator - HHH000342: Could not obtain connection to query metadata
org.hibernate.exception.JDBCConnectionException: unable to obtain isolated JDBC connection [Communications link failure

The last packet sent successfully to the server was 0 milliseconds ago. The driver has not received any packets from the server.] [n/a]
	at org.hibernate.exception.internal.SQLStateConversionDelegate.convert(SQLStateConversionDelegate.java:100)
	at org.hibernate.exception.internal.StandardSQLExceptionConverter.convert(StandardSQLExceptionConverter.java:58)
	at org.hibernate.engine.jdbc.spi.SqlExceptionHelper.convert(SqlExceptionHelper.java:108)
	at org.hibernate.engine.jdbc.spi.SqlExceptionHelper.convert(SqlExceptionHelper.java:94)
	at org.hibernate.resource.transaction.backend.jdbc.internal.JdbcIsolationDelegate.delegateWork(JdbcIsolationDelegate.java:116)
	at org.hibernate.engine.jdbc.env.internal.JdbcEnvironmentInitiator.getJdbcEnvironmentUsingJdbcMetadata(JdbcEnvironmentInitiator.java:292)
	at org.hibernate.engine.jdbc.env.internal.JdbcEnvironmentInitiator.initiateService(JdbcEnvironmentInitiator.java:124)
	at org.hibernate.engine.jdbc.env.internal.JdbcEnvironmentInitiator.initiateService(JdbcEnvironmentInitiator.java:78)
	at org.hibernate.boot.registry.internal.StandardServiceRegistryImpl.initiateService(StandardServiceRegistryImpl.java:130)
	at org.hibernate.service.internal.AbstractServiceRegistryImpl.createService(AbstractServiceRegistryImpl.java:263)
	at org.hibernate.service.internal.AbstractServiceRegistryImpl.initializeService(AbstractServiceRegistryImpl.java:238)
	at org.hibernate.service.internal.AbstractServiceRegistryImpl.getService(AbstractServiceRegistryImpl.java:215)
	at org.hibernate.boot.model.relational.Database.<init>(Database.java:45)
	at org.hibernate.boot.internal.InFlightMetadataCollectorImpl.getDatabase(InFlightMetadataCollectorImpl.java:221)
	at org.hibernate.boot.internal.InFlightMetadataCollectorImpl.<init>(InFlightMetadataCollectorImpl.java:189)
	at org.hibernate.boot.model.process.spi.MetadataBuildingProcess.complete(MetadataBuildingProcess.java:171)
	at org.hibernate.jpa.boot.internal.EntityManagerFactoryBuilderImpl.metadata(EntityManagerFactoryBuilderImpl.java:1431)
	at org.hibernate.jpa.boot.internal.EntityManagerFactoryBuilderImpl.build(EntityManagerFactoryBuilderImpl.java:1502)
	at org.springframework.orm.jpa.vendor.SpringHibernateJpaPersistenceProvider.createContainerEntityManagerFactory(SpringHibernateJpaPersistenceProvider.java:75)
	at org.springframework.orm.jpa.LocalContainerEntityManagerFactoryBean.createNativeEntityManagerFactory(LocalContainerEntityManagerFactoryBean.java:390)
	at org.springframework.orm.jpa.AbstractEntityManagerFactoryBean.buildNativeEntityManagerFactory(AbstractEntityManagerFactoryBean.java:409)
	at org.springframework.orm.jpa.AbstractEntityManagerFactoryBean.afterPropertiesSet(AbstractEntityManagerFactoryBean.java:396)
	at org.springframework.orm.jpa.LocalContainerEntityManagerFactoryBean.afterPropertiesSet(LocalContainerEntityManagerFactoryBean.java:366)
	at org.springframework.beans.factory.support.AbstractAutowireCapableBeanFactory.invokeInitMethods(AbstractAutowireCapableBeanFactory.java:1853)
	at org.springframework.beans.factory.support.AbstractAutowireCapableBeanFactory.initializeBean(AbstractAutowireCapableBeanFactory.java:1802)
	at org.springframework.beans.factory.support.AbstractAutowireCapableBeanFactory.doCreateBean(AbstractAutowireCapableBeanFactory.java:600)
	at org.springframework.beans.factory.support.AbstractAutowireCapableBeanFactory.createBean(AbstractAutowireCapableBeanFactory.java:522)
	at org.springframework.beans.factory.support.AbstractBeanFactory.lambda$doGetBean$0(AbstractBeanFactory.java:337)
	at org.springframework.beans.factory.support.DefaultSingletonBeanRegistry.getSingleton(DefaultSingletonBeanRegistry.java:234)
	at org.springframework.beans.factory.support.AbstractBeanFactory.doGetBean(AbstractBeanFactory.java:335)
	at org.springframework.beans.factory.support.AbstractBeanFactory.getBean(AbstractBeanFactory.java:200)
	at org.springframework.beans.factory.support.BeanDefinitionValueResolver.resolveReference(BeanDefinitionValueResolver.java:365)
	at org.springframework.beans.factory.support.BeanDefinitionValueResolver.resolveValueIfNecessary(BeanDefinitionValueResolver.java:135)
	at org.springframework.beans.factory.support.ConstructorResolver.resolveConstructorArguments(ConstructorResolver.java:682)
	at org.springframework.beans.factory.support.ConstructorResolver.instantiateUsingFactoryMethod(ConstructorResolver.java:509)
	at org.springframework.beans.factory.support.AbstractAutowireCapableBeanFactory.instantiateUsingFactoryMethod(AbstractAutowireCapableBeanFactory.java:1355)
	at org.springframework.beans.factory.support.AbstractAutowireCapableBeanFactory.createBeanInstance(AbstractAutowireCapableBeanFactory.java:1185)
	at org.springframework.beans.factory.support.AbstractAutowireCapableBeanFactory.doCreateBean(AbstractAutowireCapableBeanFactory.java:562)
	at org.springframework.beans.factory.support.AbstractAutowireCapableBeanFactory.createBean(AbstractAutowireCapableBeanFactory.java:522)
	at org.springframework.beans.factory.support.AbstractBeanFactory.lambda$doGetBean$0(AbstractBeanFactory.java:337)
	at org.springframework.beans.factory.support.DefaultSingletonBeanRegistry.getSingleton(DefaultSingletonBeanRegistry.java:234)
	at org.springframework.beans.factory.support.AbstractBeanFactory.doGetBean(AbstractBeanFactory.java:335)
	at org.springframework.beans.factory.support.AbstractBeanFactory.getBean(AbstractBeanFactory.java:200)
	at org.springframework.beans.factory.support.BeanDefinitionValueResolver.resolveReference(BeanDefinitionValueResolver.java:365)
	at org.springframework.beans.factory.support.BeanDefinitionValueResolver.resolveValueIfNecessary(BeanDefinitionValueResolver.java:135)
	at org.springframework.beans.factory.support.AbstractAutowireCapableBeanFactory.applyPropertyValues(AbstractAutowireCapableBeanFactory.java:1705)
	at org.springframework.beans.factory.support.AbstractAutowireCapableBeanFactory.populateBean(AbstractAutowireCapableBeanFactory.java:1454)
	at org.springframework.beans.factory.support.AbstractAutowireCapableBeanFactory.doCreateBean(AbstractAutowireCapableBeanFactory.java:599)
	at org.springframework.beans.factory.support.AbstractAutowireCapableBeanFactory.createBean(AbstractAutowireCapableBeanFactory.java:522)
	at org.springframework.beans.factory.support.AbstractBeanFactory.lambda$doGetBean$0(AbstractBeanFactory.java:337)
	at org.springframework.beans.factory.support.DefaultSingletonBeanRegistry.getSingleton(DefaultSingletonBeanRegistry.java:234)
	at org.springframework.beans.factory.support.AbstractBeanFactory.doGetBean(AbstractBeanFactory.java:335)
	at org.springframework.beans.factory.support.AbstractBeanFactory.getBean(AbstractBeanFactory.java:200)
	at org.springframework.beans.factory.config.DependencyDescriptor.resolveCandidate(DependencyDescriptor.java:254)
	at org.springframework.beans.factory.support.DefaultListableBeanFactory.doResolveDependency(DefaultListableBeanFactory.java:1443)
	at org.springframework.beans.factory.support.DefaultListableBeanFactory.resolveDependency(DefaultListableBeanFactory.java:1353)
	at org.springframework.beans.factory.support.ConstructorResolver.resolveAutowiredArgument(ConstructorResolver.java:904)
	at org.springframework.beans.factory.support.ConstructorResolver.createArgumentArray(ConstructorResolver.java:782)
	at org.springframework.beans.factory.support.ConstructorResolver.autowireConstructor(ConstructorResolver.java:237)
	at org.springframework.beans.factory.support.AbstractAutowireCapableBeanFactory.autowireConstructor(AbstractAutowireCapableBeanFactory.java:1375)
	at org.springframework.beans.factory.support.AbstractAutowireCapableBeanFactory.createBeanInstance(AbstractAutowireCapableBeanFactory.java:1212)
	at org.springframework.beans.factory.support.AbstractAutowireCapableBeanFactory.doCreateBean(AbstractAutowireCapableBeanFactory.java:562)
	at org.springframework.beans.factory.support.AbstractAutowireCapableBeanFactory.createBean(AbstractAutowireCapableBeanFactory.java:522)
	at org.springframework.beans.factory.support.AbstractBeanFactory.lambda$doGetBean$0(AbstractBeanFactory.java:337)
	at org.springframework.beans.factory.support.DefaultSingletonBeanRegistry.getSingleton(DefaultSingletonBeanRegistry.java:234)
	at org.springframework.beans.factory.support.AbstractBeanFactory.doGetBean(AbstractBeanFactory.java:335)
	at org.springframework.beans.factory.support.AbstractBeanFactory.getBean(AbstractBeanFactory.java:200)
	at org.springframework.beans.factory.config.DependencyDescriptor.resolveCandidate(DependencyDescriptor.java:254)
	at org.springframework.beans.factory.support.DefaultListableBeanFactory.doResolveDependency(DefaultListableBeanFactory.java:1443)
	at org.springframework.beans.factory.support.DefaultListableBeanFactory.resolveDependency(DefaultListableBeanFactory.java:1353)
	at org.springframework.beans.factory.support.ConstructorResolver.resolveAutowiredArgument(ConstructorResolver.java:904)
	at org.springframework.beans.factory.support.ConstructorResolver.createArgumentArray(ConstructorResolver.java:782)
	at org.springframework.beans.factory.support.ConstructorResolver.autowireConstructor(ConstructorResolver.java:237)
	at org.springframework.beans.factory.support.AbstractAutowireCapableBeanFactory.autowireConstructor(AbstractAutowireCapableBeanFactory.java:1375)
	at org.springframework.beans.factory.support.AbstractAutowireCapableBeanFactory.createBeanInstance(AbstractAutowireCapableBeanFactory.java:1212)
	at org.springframework.beans.factory.support.AbstractAutowireCapableBeanFactory.doCreateBean(AbstractAutowireCapableBeanFactory.java:562)
	at org.springframework.beans.factory.support.AbstractAutowireCapableBeanFactory.createBean(AbstractAutowireCapableBeanFactory.java:522)
	at org.springframework.beans.factory.support.AbstractBeanFactory.lambda$doGetBean$0(AbstractBeanFactory.java:337)
	at org.springframework.beans.factory.support.DefaultSingletonBeanRegistry.getSingleton(DefaultSingletonBeanRegistry.java:234)
	at org.springframework.beans.factory.support.AbstractBeanFactory.doGetBean(AbstractBeanFactory.java:335)
	at org.springframework.beans.factory.support.AbstractBeanFactory.getBean(AbstractBeanFactory.java:205)
	at org.springframework.boot.web.servlet.ServletContextInitializerBeans.getOrderedBeansOfType(ServletContextInitializerBeans.java:211)
	at org.springframework.boot.web.servlet.ServletContextInitializerBeans.addAsRegistrationBean(ServletContextInitializerBeans.java:174)
	at org.springframework.boot.web.servlet.ServletContextInitializerBeans.addAsRegistrationBean(ServletContextInitializerBeans.java:169)
	at org.springframework.boot.web.servlet.ServletContextInitializerBeans.addAdaptableBeans(ServletContextInitializerBeans.java:154)
	at org.springframework.boot.web.servlet.ServletContextInitializerBeans.<init>(ServletContextInitializerBeans.java:87)
	at org.springframework.boot.web.servlet.context.ServletWebServerApplicationContext.getServletContextInitializerBeans(ServletWebServerApplicationContext.java:266)
	at org.springframework.boot.web.servlet.context.ServletWebServerApplicationContext.selfInitialize(ServletWebServerApplicationContext.java:240)
	at org.springframework.boot.web.embedded.tomcat.TomcatStarter.onStartup(TomcatStarter.java:52)
	at org.apache.catalina.core.StandardContext.startInternal(StandardContext.java:4412)
	at org.apache.catalina.util.LifecycleBase.start(LifecycleBase.java:164)
	at org.apache.catalina.core.ContainerBase$StartChild.call(ContainerBase.java:1203)
	at org.apache.catalina.core.ContainerBase$StartChild.call(ContainerBase.java:1193)
	at java.base/java.util.concurrent.FutureTask.run(FutureTask.java:317)
	at org.apache.tomcat.util.threads.InlineExecutorService.execute(InlineExecutorService.java:75)
	at java.base/java.util.concurrent.AbstractExecutorService.submit(AbstractExecutorService.java:145)
	at org.apache.catalina.core.ContainerBase.startInternal(ContainerBase.java:749)
	at org.apache.catalina.core.StandardHost.startInternal(StandardHost.java:772)
	at org.apache.catalina.util.LifecycleBase.start(LifecycleBase.java:164)
	at org.apache.catalina.core.ContainerBase$StartChild.call(ContainerBase.java:1203)
	at org.apache.catalina.core.ContainerBase$StartChild.call(ContainerBase.java:1193)
	at java.base/java.util.concurrent.FutureTask.run(FutureTask.java:317)
	at org.apache.tomcat.util.threads.InlineExecutorService.execute(InlineExecutorService.java:75)
	at java.base/java.util.concurrent.AbstractExecutorService.submit(AbstractExecutorService.java:145)
	at org.apache.catalina.core.ContainerBase.startInternal(ContainerBase.java:749)
	at org.apache.catalina.core.StandardEngine.startInternal(StandardEngine.java:203)
	at org.apache.catalina.util.LifecycleBase.start(LifecycleBase.java:164)
	at org.apache.catalina.core.StandardService.startInternal(StandardService.java:415)
	at org.apache.catalina.util.LifecycleBase.start(LifecycleBase.java:164)
	at org.apache.catalina.core.StandardServer.startInternal(StandardServer.java:870)
	at org.apache.catalina.util.LifecycleBase.start(LifecycleBase.java:164)
	at org.apache.catalina.startup.Tomcat.start(Tomcat.java:437)
	at org.springframework.boot.web.embedded.tomcat.TomcatWebServer.initialize(TomcatWebServer.java:128)
	at org.springframework.boot.web.embedded.tomcat.TomcatWebServer.<init>(TomcatWebServer.java:107)
	at org.springframework.boot.web.embedded.tomcat.TomcatServletWebServerFactory.getTomcatWebServer(TomcatServletWebServerFactory.java:516)
	at org.springframework.boot.web.embedded.tomcat.TomcatServletWebServerFactory.getWebServer(TomcatServletWebServerFactory.java:222)
	at org.springframework.boot.web.servlet.context.ServletWebServerApplicationContext.createWebServer(ServletWebServerApplicationContext.java:188)
	at org.springframework.boot.web.servlet.context.ServletWebServerApplicationContext.onRefresh(ServletWebServerApplicationContext.java:162)
	at org.springframework.context.support.AbstractApplicationContext.refresh(AbstractApplicationContext.java:619)
	at org.springframework.boot.web.servlet.context.ServletWebServerApplicationContext.refresh(ServletWebServerApplicationContext.java:146)
	at org.springframework.boot.SpringApplication.refresh(SpringApplication.java:754)
	at org.springframework.boot.SpringApplication.refreshContext(SpringApplication.java:456)
	at org.springframework.boot.SpringApplication.run(SpringApplication.java:335)
	at org.springframework.boot.SpringApplication.run(SpringApplication.java:1363)
	at org.springframework.boot.SpringApplication.run(SpringApplication.java:1352)
	at com.example.api_project.ApiProjectApplication.main(ApiProjectApplication.java:10)
	at java.base/jdk.internal.reflect.DirectMethodHandleAccessor.invoke(DirectMethodHandleAccessor.java:103)
	at java.base/java.lang.reflect.Method.invoke(Method.java:580)
	at org.springframework.boot.devtools.restart.RestartLauncher.run(RestartLauncher.java:50)
Caused by: com.mysql.cj.jdbc.exceptions.CommunicationsException: Communications link failure

The last packet sent successfully to the server was 0 milliseconds ago. The driver has not received any packets from the server.
	at com.mysql.cj.jdbc.exceptions.SQLError.createCommunicationsException(SQLError.java:174)
	at com.mysql.cj.jdbc.exceptions.SQLExceptionsMapping.translateException(SQLExceptionsMapping.java:64)
	at com.mysql.cj.jdbc.ConnectionImpl.createNewIO(ConnectionImpl.java:815)
	at com.mysql.cj.jdbc.ConnectionImpl.<init>(ConnectionImpl.java:438)
	at com.mysql.cj.jdbc.ConnectionImpl.getInstance(ConnectionImpl.java:241)
	at com.mysql.cj.jdbc.NonRegisteringDriver.connect(NonRegisteringDriver.java:189)
	at com.zaxxer.hikari.util.DriverDataSource.getConnection(DriverDataSource.java:137)
	at com.zaxxer.hikari.pool.PoolBase.newConnection(PoolBase.java:360)
	at com.zaxxer.hikari.pool.PoolBase.newPoolEntry(PoolBase.java:202)
	at com.zaxxer.hikari.pool.HikariPool.createPoolEntry(HikariPool.java:461)
	at com.zaxxer.hikari.pool.HikariPool.checkFailFast(HikariPool.java:550)
	at com.zaxxer.hikari.pool.HikariPool.<init>(HikariPool.java:98)
	at com.zaxxer.hikari.HikariDataSource.getConnection(HikariDataSource.java:111)
	at org.hibernate.engine.jdbc.connections.internal.DatasourceConnectionProviderImpl.getConnection(DatasourceConnectionProviderImpl.java:122)
	at org.hibernate.engine.jdbc.env.internal.JdbcEnvironmentInitiator$ConnectionProviderJdbcConnectionAccess.obtainConnection(JdbcEnvironmentInitiator.java:439)
	at org.hibernate.resource.transaction.backend.jdbc.internal.JdbcIsolationDelegate.delegateWork(JdbcIsolationDelegate.java:61)
	... 124 common frames omitted
Caused by: com.mysql.cj.exceptions.CJCommunicationsException: Communications link failure

The last packet sent successfully to the server was 0 milliseconds ago. The driver has not received any packets from the server.
	at java.base/jdk.internal.reflect.DirectConstructorHandleAccessor.newInstance(DirectConstructorHandleAccessor.java:62)
	at java.base/java.lang.reflect.Constructor.newInstanceWithCaller(Constructor.java:502)
	at java.base/java.lang.reflect.Constructor.newInstance(Constructor.java:486)
	at com.mysql.cj.exceptions.ExceptionFactory.createException(ExceptionFactory.java:61)
	at com.mysql.cj.exceptions.ExceptionFactory.createException(ExceptionFactory.java:104)
	at com.mysql.cj.exceptions.ExceptionFactory.createException(ExceptionFactory.java:149)
	at com.mysql.cj.exceptions.ExceptionFactory.createCommunicationsException(ExceptionFactory.java:165)
	at com.mysql.cj.protocol.a.NativeSocketConnection.connect(NativeSocketConnection.java:88)
	at com.mysql.cj.NativeSession.connect(NativeSession.java:120)
	at com.mysql.cj.jdbc.ConnectionImpl.connectOneTryOnly(ConnectionImpl.java:935)
	at com.mysql.cj.jdbc.ConnectionImpl.createNewIO(ConnectionImpl.java:805)
	... 137 common frames omitted
Caused by: java.net.ConnectException: Connection refused: getsockopt
	at java.base/sun.nio.ch.Net.pollConnect(Native Method)
	at java.base/sun.nio.ch.Net.pollConnectNow(Net.java:682)
	at java.base/sun.nio.ch.NioSocketImpl.timedFinishConnect(NioSocketImpl.java:542)
	at java.base/sun.nio.ch.NioSocketImpl.connect(NioSocketImpl.java:592)
	at java.base/java.net.SocksSocketImpl.connect(SocksSocketImpl.java:327)
	at java.base/java.net.Socket.connect(Socket.java:751)
	at com.mysql.cj.protocol.StandardSocketFactory.connect(StandardSocketFactory.java:153)
	at com.mysql.cj.protocol.a.NativeSocketConnection.connect(NativeSocketConnection.java:62)
	... 140 common frames omitted
2026-09-09 10:44:03 [restartedMain] WARN  org.hibernate.orm.deprecation - HHH90000025: MySQLDialect does not need to be specified explicitly using 'hibernate.dialect' (remove the property setting and it will be selected by default)
2026-09-09 10:44:05 [restartedMain] INFO  o.h.e.t.j.p.i.JtaPlatformInitiator - HHH000489: No JTA platform available (set 'hibernate.transaction.jta.platform' to enable JTA platform integration)
2026-09-09 10:44:05 [restartedMain] INFO  com.zaxxer.hikari.HikariDataSource - HikariPool-1 - Starting...
2026-09-09 10:44:06 [restartedMain] WARN  o.h.e.jdbc.spi.SqlExceptionHelper - SQL Error: 0, SQLState: 08S01
2026-09-09 10:44:06 [restartedMain] ERROR o.h.e.jdbc.spi.SqlExceptionHelper - Communications link failure

The last packet sent successfully to the server was 0 milliseconds ago. The driver has not received any packets from the server.
2026-09-09 10:44:06 [restartedMain] ERROR o.s.o.j.LocalContainerEntityManagerFactoryBean - Failed to initialize JPA EntityManagerFactory: [PersistenceUnit: default] Unable to build Hibernate SessionFactory; nested exception is org.hibernate.exception.JDBCConnectionException: Unable to open JDBC Connection for DDL execution [Communications link failure

The last packet sent successfully to the server was 0 milliseconds ago. The driver has not received any packets from the server.] [n/a]
2026-09-09 10:44:06 [restartedMain] ERROR o.s.b.w.e.tomcat.TomcatStarter - Error starting Tomcat context. Exception: org.springframework.beans.factory.UnsatisfiedDependencyException. Message: Error creating bean with name 'jwtAuthFilter' defined in file [C:\Users\USER\Downloads\api_project\api_project\target\classes\com\example\api_project\security\JwtAuthFilter.class]: Unsatisfied dependency expressed through constructor parameter 1: Error creating bean with name 'customUserDetailsService' defined in file [C:\Users\USER\Downloads\api_project\api_project\target\classes\com\example\api_project\security\CustomUserDetailsService.class]: Unsatisfied dependency expressed through constructor parameter 0: Error creating bean with name 'userRepository' defined in com.example.api_project.repository.UserRepository defined in @EnableJpaRepositories declared on JpaRepositoriesRegistrar.EnableJpaRepositoriesConfiguration: Cannot resolve reference to bean 'jpaSharedEM_entityManagerFactory' while setting bean property 'entityManager'
2026-09-09 10:44:06 [restartedMain] INFO  o.a.catalina.core.StandardService - Stopping service [Tomcat]
2026-09-09 10:44:06 [restartedMain] WARN  o.s.b.w.s.c.AnnotationConfigServletWebServerApplicationContext - Exception encountered during context initialization - cancelling refresh attempt: org.springframework.context.ApplicationContextException: Unable to start web server
2026-09-09 10:44:06 [restartedMain] INFO  o.s.b.a.l.ConditionEvaluationReportLogger - 

Error starting ApplicationContext. To display the condition evaluation report re-run your application with 'debug' enabled.
2026-09-09 10:44:06 [restartedMain] ERROR o.s.boot.SpringApplication - Application run failed
org.springframework.context.ApplicationContextException: Unable to start web server
	at org.springframework.boot.web.servlet.context.ServletWebServerApplicationContext.onRefresh(ServletWebServerApplicationContext.java:165)
	at org.springframework.context.support.AbstractApplicationContext.refresh(AbstractApplicationContext.java:619)
	at org.springframework.boot.web.servlet.context.ServletWebServerApplicationContext.refresh(ServletWebServerApplicationContext.java:146)
	at org.springframework.boot.SpringApplication.refresh(SpringApplication.java:754)
	at org.springframework.boot.SpringApplication.refreshContext(SpringApplication.java:456)
	at org.springframework.boot.SpringApplication.run(SpringApplication.java:335)
	at org.springframework.boot.SpringApplication.run(SpringApplication.java:1363)
	at org.springframework.boot.SpringApplication.run(SpringApplication.java:1352)
	at com.example.api_project.ApiProjectApplication.main(ApiProjectApplication.java:10)
	at java.base/jdk.internal.reflect.DirectMethodHandleAccessor.invoke(DirectMethodHandleAccessor.java:103)
	at java.base/java.lang.reflect.Method.invoke(Method.java:580)
	at org.springframework.boot.devtools.restart.RestartLauncher.run(RestartLauncher.java:50)
Caused by: org.springframework.boot.web.server.WebServerException: Unable to start embedded Tomcat
	at org.springframework.boot.web.embedded.tomcat.TomcatWebServer.initialize(TomcatWebServer.java:147)
	at org.springframework.boot.web.embedded.tomcat.TomcatWebServer.<init>(TomcatWebServer.java:107)
	at org.springframework.boot.web.embedded.tomcat.TomcatServletWebServerFactory.getTomcatWebServer(TomcatServletWebServerFactory.java:516)
	at org.springframework.boot.web.embedded.tomcat.TomcatServletWebServerFactory.getWebServer(TomcatServletWebServerFactory.java:222)
	at org.springframework.boot.web.servlet.context.ServletWebServerApplicationContext.createWebServer(ServletWebServerApplicationContext.java:188)
	at org.springframework.boot.web.servlet.context.ServletWebServerApplicationContext.onRefresh(ServletWebServerApplicationContext.java:162)
	... 11 common frames omitted
Caused by: org.springframework.beans.factory.UnsatisfiedDependencyException: Error creating bean with name 'jwtAuthFilter' defined in file [C:\Users\USER\Downloads\api_project\api_project\target\classes\com\example\api_project\security\JwtAuthFilter.class]: Unsatisfied dependency expressed through constructor parameter 1: Error creating bean with name 'customUserDetailsService' defined in file [C:\Users\USER\Downloads\api_project\api_project\target\classes\com\example\api_project\security\CustomUserDetailsService.class]: Unsatisfied dependency expressed through constructor parameter 0: Error creating bean with name 'userRepository' defined in com.example.api_project.repository.UserRepository defined in @EnableJpaRepositories declared on JpaRepositoriesRegistrar.EnableJpaRepositoriesConfiguration: Cannot resolve reference to bean 'jpaSharedEM_entityManagerFactory' while setting bean property 'entityManager'
	at org.springframework.beans.factory.support.ConstructorResolver.createArgumentArray(ConstructorResolver.java:795)
	at org.springframework.beans.factory.support.ConstructorResolver.autowireConstructor(ConstructorResolver.java:237)
	at org.springframework.beans.factory.support.AbstractAutowireCapableBeanFactory.autowireConstructor(AbstractAutowireCapableBeanFactory.java:1375)
	at org.springframework.beans.factory.support.AbstractAutowireCapableBeanFactory.createBeanInstance(AbstractAutowireCapableBeanFactory.java:1212)
	at org.springframework.beans.factory.support.AbstractAutowireCapableBeanFactory.doCreateBean(AbstractAutowireCapableBeanFactory.java:562)
	at org.springframework.beans.factory.support.AbstractAutowireCapableBeanFactory.createBean(AbstractAutowireCapableBeanFactory.java:522)
	at org.springframework.beans.factory.support.AbstractBeanFactory.lambda$doGetBean$0(AbstractBeanFactory.java:337)
	at org.springframework.beans.factory.support.DefaultSingletonBeanRegistry.getSingleton(DefaultSingletonBeanRegistry.java:234)
	at org.springframework.beans.factory.support.AbstractBeanFactory.doGetBean(AbstractBeanFactory.java:335)
	at org.springframework.beans.factory.support.AbstractBeanFactory.getBean(AbstractBeanFactory.java:205)
	at org.springframework.boot.web.servlet.ServletContextInitializerBeans.getOrderedBeansOfType(ServletContextInitializerBeans.java:211)
	at org.springframework.boot.web.servlet.ServletContextInitializerBeans.addAsRegistrationBean(ServletContextInitializerBeans.java:174)
	at org.springframework.boot.web.servlet.ServletContextInitializerBeans.addAsRegistrationBean(ServletContextInitializerBeans.java:169)
	at org.springframework.boot.web.servlet.ServletContextInitializerBeans.addAdaptableBeans(ServletContextInitializerBeans.java:154)
	at org.springframework.boot.web.servlet.ServletContextInitializerBeans.<init>(ServletContextInitializerBeans.java:87)
	at org.springframework.boot.web.servlet.context.ServletWebServerApplicationContext.getServletContextInitializerBeans(ServletWebServerApplicationContext.java:266)
	at org.springframework.boot.web.servlet.context.ServletWebServerApplicationContext.selfInitialize(ServletWebServerApplicationContext.java:240)
	at org.springframework.boot.web.embedded.tomcat.TomcatStarter.onStartup(TomcatStarter.java:52)
	at org.apache.catalina.core.StandardContext.startInternal(StandardContext.java:4412)
	at org.apache.catalina.util.LifecycleBase.start(LifecycleBase.java:164)
	at org.apache.catalina.core.ContainerBase$StartChild.call(ContainerBase.java:1203)
	at org.apache.catalina.core.ContainerBase$StartChild.call(ContainerBase.java:1193)
	at java.base/java.util.concurrent.FutureTask.run(FutureTask.java:317)
	at org.apache.tomcat.util.threads.InlineExecutorService.execute(InlineExecutorService.java:75)
	at java.base/java.util.concurrent.AbstractExecutorService.submit(AbstractExecutorService.java:145)
	at org.apache.catalina.core.ContainerBase.startInternal(ContainerBase.java:749)
	at org.apache.catalina.core.StandardHost.startInternal(StandardHost.java:772)
	at org.apache.catalina.util.LifecycleBase.start(LifecycleBase.java:164)
	at org.apache.catalina.core.ContainerBase$StartChild.call(ContainerBase.java:1203)
	at org.apache.catalina.core.ContainerBase$StartChild.call(ContainerBase.java:1193)
	at java.base/java.util.concurrent.FutureTask.run(FutureTask.java:317)
	at org.apache.tomcat.util.threads.InlineExecutorService.execute(InlineExecutorService.java:75)
	at java.base/java.util.concurrent.AbstractExecutorService.submit(AbstractExecutorService.java:145)
	at org.apache.catalina.core.ContainerBase.startInternal(ContainerBase.java:749)
	at org.apache.catalina.core.StandardEngine.startInternal(StandardEngine.java:203)
	at org.apache.catalina.util.LifecycleBase.start(LifecycleBase.java:164)
	at org.apache.catalina.core.StandardService.startInternal(StandardService.java:415)
	at org.apache.catalina.util.LifecycleBase.start(LifecycleBase.java:164)
	at org.apache.catalina.core.StandardServer.startInternal(StandardServer.java:870)
	at org.apache.catalina.util.LifecycleBase.start(LifecycleBase.java:164)
	at org.apache.catalina.startup.Tomcat.start(Tomcat.java:437)
	at org.springframework.boot.web.embedded.tomcat.TomcatWebServer.initialize(TomcatWebServer.java:128)
	... 16 common frames omitted
Caused by: org.springframework.beans.factory.UnsatisfiedDependencyException: Error creating bean with name 'customUserDetailsService' defined in file [C:\Users\USER\Downloads\api_project\api_project\target\classes\com\example\api_project\security\CustomUserDetailsService.class]: Unsatisfied dependency expressed through constructor parameter 0: Error creating bean with name 'userRepository' defined in com.example.api_project.repository.UserRepository defined in @EnableJpaRepositories declared on JpaRepositoriesRegistrar.EnableJpaRepositoriesConfiguration: Cannot resolve reference to bean 'jpaSharedEM_entityManagerFactory' while setting bean property 'entityManager'
	at org.springframework.beans.factory.support.ConstructorResolver.createArgumentArray(ConstructorResolver.java:795)
	at org.springframework.beans.factory.support.ConstructorResolver.autowireConstructor(ConstructorResolver.java:237)
	at org.springframework.beans.factory.support.AbstractAutowireCapableBeanFactory.autowireConstructor(AbstractAutowireCapableBeanFactory.java:1375)
	at org.springframework.beans.factory.support.AbstractAutowireCapableBeanFactory.createBeanInstance(AbstractAutowireCapableBeanFactory.java:1212)
	at org.springframework.beans.factory.support.AbstractAutowireCapableBeanFactory.doCreateBean(AbstractAutowireCapableBeanFactory.java:562)
	at org.springframework.beans.factory.support.AbstractAutowireCapableBeanFactory.createBean(AbstractAutowireCapableBeanFactory.java:522)
	at org.springframework.beans.factory.support.AbstractBeanFactory.lambda$doGetBean$0(AbstractBeanFactory.java:337)
	at org.springframework.beans.factory.support.DefaultSingletonBeanRegistry.getSingleton(DefaultSingletonBeanRegistry.java:234)
	at org.springframework.beans.factory.support.AbstractBeanFactory.doGetBean(AbstractBeanFactory.java:335)
	at org.springframework.beans.factory.support.AbstractBeanFactory.getBean(AbstractBeanFactory.java:200)
	at org.springframework.beans.factory.config.DependencyDescriptor.resolveCandidate(DependencyDescriptor.java:254)
	at org.springframework.beans.factory.support.DefaultListableBeanFactory.doResolveDependency(DefaultListableBeanFactory.java:1443)
	at org.springframework.beans.factory.support.DefaultListableBeanFactory.resolveDependency(DefaultListableBeanFactory.java:1353)
	at org.springframework.beans.factory.support.ConstructorResolver.resolveAutowiredArgument(ConstructorResolver.java:904)
	at org.springframework.beans.factory.support.ConstructorResolver.createArgumentArray(ConstructorResolver.java:782)
	... 57 common frames omitted
Caused by: org.springframework.beans.factory.BeanCreationException: Error creating bean with name 'userRepository' defined in com.example.api_project.repository.UserRepository defined in @EnableJpaRepositories declared on JpaRepositoriesRegistrar.EnableJpaRepositoriesConfiguration: Cannot resolve reference to bean 'jpaSharedEM_entityManagerFactory' while setting bean property 'entityManager'
	at org.springframework.beans.factory.support.BeanDefinitionValueResolver.resolveReference(BeanDefinitionValueResolver.java:377)
	at org.springframework.beans.factory.support.BeanDefinitionValueResolver.resolveValueIfNecessary(BeanDefinitionValueResolver.java:135)
	at org.springframework.beans.factory.support.AbstractAutowireCapableBeanFactory.applyPropertyValues(AbstractAutowireCapableBeanFactory.java:1705)
	at org.springframework.beans.factory.support.AbstractAutowireCapableBeanFactory.populateBean(AbstractAutowireCapableBeanFactory.java:1454)
	at org.springframework.beans.factory.support.AbstractAutowireCapableBeanFactory.doCreateBean(AbstractAutowireCapableBeanFactory.java:599)
	at org.springframework.beans.factory.support.AbstractAutowireCapableBeanFactory.createBean(AbstractAutowireCapableBeanFactory.java:522)
	at org.springframework.beans.factory.support.AbstractBeanFactory.lambda$doGetBean$0(AbstractBeanFactory.java:337)
	at org.springframework.beans.factory.support.DefaultSingletonBeanRegistry.getSingleton(DefaultSingletonBeanRegistry.java:234)
	at org.springframework.beans.factory.support.AbstractBeanFactory.doGetBean(AbstractBeanFactory.java:335)
	at org.springframework.beans.factory.support.AbstractBeanFactory.getBean(AbstractBeanFactory.java:200)
	at org.springframework.beans.factory.config.DependencyDescriptor.resolveCandidate(DependencyDescriptor.java:254)
	at org.springframework.beans.factory.support.DefaultListableBeanFactory.doResolveDependency(DefaultListableBeanFactory.java:1443)
	at org.springframework.beans.factory.support.DefaultListableBeanFactory.resolveDependency(DefaultListableBeanFactory.java:1353)
	at org.springframework.beans.factory.support.ConstructorResolver.resolveAutowiredArgument(ConstructorResolver.java:904)
	at org.springframework.beans.factory.support.ConstructorResolver.createArgumentArray(ConstructorResolver.java:782)
	... 71 common frames omitted
Caused by: org.springframework.beans.factory.BeanCreationException: Error creating bean with name 'jpaSharedEM_entityManagerFactory': Cannot resolve reference to bean 'entityManagerFactory' while setting constructor argument
	at org.springframework.beans.factory.support.BeanDefinitionValueResolver.resolveReference(BeanDefinitionValueResolver.java:377)
	at org.springframework.beans.factory.support.BeanDefinitionValueResolver.resolveValueIfNecessary(BeanDefinitionValueResolver.java:135)
	at org.springframework.beans.factory.support.ConstructorResolver.resolveConstructorArguments(ConstructorResolver.java:682)
	at org.springframework.beans.factory.support.ConstructorResolver.instantiateUsingFactoryMethod(ConstructorResolver.java:509)
	at org.springframework.beans.factory.support.AbstractAutowireCapableBeanFactory.instantiateUsingFactoryMethod(AbstractAutowireCapableBeanFactory.java:1355)
	at org.springframework.beans.factory.support.AbstractAutowireCapableBeanFactory.createBeanInstance(AbstractAutowireCapableBeanFactory.java:1185)
	at org.springframework.beans.factory.support.AbstractAutowireCapableBeanFactory.doCreateBean(AbstractAutowireCapableBeanFactory.java:562)
	at org.springframework.beans.factory.support.AbstractAutowireCapableBeanFactory.createBean(AbstractAutowireCapableBeanFactory.java:522)
	at org.springframework.beans.factory.support.AbstractBeanFactory.lambda$doGetBean$0(AbstractBeanFactory.java:337)
	at org.springframework.beans.factory.support.DefaultSingletonBeanRegistry.getSingleton(DefaultSingletonBeanRegistry.java:234)
	at org.springframework.beans.factory.support.AbstractBeanFactory.doGetBean(AbstractBeanFactory.java:335)
	at org.springframework.beans.factory.support.AbstractBeanFactory.getBean(AbstractBeanFactory.java:200)
	at org.springframework.beans.factory.support.BeanDefinitionValueResolver.resolveReference(BeanDefinitionValueResolver.java:365)
	... 85 common frames omitted
Caused by: org.springframework.beans.factory.BeanCreationException: Error creating bean with name 'entityManagerFactory' defined in class path resource [org/springframework/boot/autoconfigure/orm/jpa/HibernateJpaConfiguration.class]: [PersistenceUnit: default] Unable to build Hibernate SessionFactory; nested exception is org.hibernate.exception.JDBCConnectionException: Unable to open JDBC Connection for DDL execution [Communications link failure

The last packet sent successfully to the server was 0 milliseconds ago. The driver has not received any packets from the server.] [n/a]
	at org.springframework.beans.factory.support.AbstractAutowireCapableBeanFactory.initializeBean(AbstractAutowireCapableBeanFactory.java:1806)
	at org.springframework.beans.factory.support.AbstractAutowireCapableBeanFactory.doCreateBean(AbstractAutowireCapableBeanFactory.java:600)
	at org.springframework.beans.factory.support.AbstractAutowireCapableBeanFactory.createBean(AbstractAutowireCapableBeanFactory.java:522)
	at org.springframework.beans.factory.support.AbstractBeanFactory.lambda$doGetBean$0(AbstractBeanFactory.java:337)
	at org.springframework.beans.factory.support.DefaultSingletonBeanRegistry.getSingleton(DefaultSingletonBeanRegistry.java:234)
	at org.springframework.beans.factory.support.AbstractBeanFactory.doGetBean(AbstractBeanFactory.java:335)
	at org.springframework.beans.factory.support.AbstractBeanFactory.getBean(AbstractBeanFactory.java:200)
	at org.springframework.beans.factory.support.BeanDefinitionValueResolver.resolveReference(BeanDefinitionValueResolver.java:365)
	... 97 common frames omitted
Caused by: jakarta.persistence.PersistenceException: [PersistenceUnit: default] Unable to build Hibernate SessionFactory; nested exception is org.hibernate.exception.JDBCConnectionException: Unable to open JDBC Connection for DDL execution [Communications link failure

The last packet sent successfully to the server was 0 milliseconds ago. The driver has not received any packets from the server.] [n/a]
	at org.springframework.orm.jpa.AbstractEntityManagerFactoryBean.buildNativeEntityManagerFactory(AbstractEntityManagerFactoryBean.java:421)
	at org.springframework.orm.jpa.AbstractEntityManagerFactoryBean.afterPropertiesSet(AbstractEntityManagerFactoryBean.java:396)
	at org.springframework.orm.jpa.LocalContainerEntityManagerFactoryBean.afterPropertiesSet(LocalContainerEntityManagerFactoryBean.java:366)
	at org.springframework.beans.factory.support.AbstractAutowireCapableBeanFactory.invokeInitMethods(AbstractAutowireCapableBeanFactory.java:1853)
	at org.springframework.beans.factory.support.AbstractAutowireCapableBeanFactory.initializeBean(AbstractAutowireCapableBeanFactory.java:1802)
	... 104 common frames omitted
Caused by: org.hibernate.exception.JDBCConnectionException: Unable to open JDBC Connection for DDL execution [Communications link failure

The last packet sent successfully to the server was 0 milliseconds ago. The driver has not received any packets from the server.] [n/a]
	at org.hibernate.exception.internal.SQLStateConversionDelegate.convert(SQLStateConversionDelegate.java:100)
	at org.hibernate.exception.internal.StandardSQLExceptionConverter.convert(StandardSQLExceptionConverter.java:58)
	at org.hibernate.engine.jdbc.spi.SqlExceptionHelper.convert(SqlExceptionHelper.java:108)
	at org.hibernate.engine.jdbc.spi.SqlExceptionHelper.convert(SqlExceptionHelper.java:94)
	at org.hibernate.resource.transaction.backend.jdbc.internal.DdlTransactionIsolatorNonJtaImpl.getIsolatedConnection(DdlTransactionIsolatorNonJtaImpl.java:74)
	at org.hibernate.resource.transaction.backend.jdbc.internal.DdlTransactionIsolatorNonJtaImpl.getIsolatedConnection(DdlTransactionIsolatorNonJtaImpl.java:39)
	at org.hibernate.tool.schema.internal.exec.ImprovedExtractionContextImpl.getJdbcConnection(ImprovedExtractionContextImpl.java:63)
	at org.hibernate.tool.schema.internal.exec.ImprovedExtractionContextImpl.getJdbcDatabaseMetaData(ImprovedExtractionContextImpl.java:70)
	at org.hibernate.tool.schema.extract.internal.InformationExtractorJdbcDatabaseMetaDataImpl.processTableResultSet(InformationExtractorJdbcDatabaseMetaDataImpl.java:65)
	at org.hibernate.tool.schema.extract.internal.AbstractInformationExtractorImpl.getTables(AbstractInformationExtractorImpl.java:570)
	at org.hibernate.tool.schema.extract.internal.DatabaseInformationImpl.getTablesInformation(DatabaseInformationImpl.java:122)
	at org.hibernate.tool.schema.internal.GroupedSchemaMigratorImpl.performTablesMigration(GroupedSchemaMigratorImpl.java:72)
	at org.hibernate.tool.schema.internal.AbstractSchemaMigrator.performMigration(AbstractSchemaMigrator.java:240)
	at org.hibernate.tool.schema.internal.AbstractSchemaMigrator.doMigration(AbstractSchemaMigrator.java:119)
	at org.hibernate.tool.schema.spi.SchemaManagementToolCoordinator.performDatabaseAction(SchemaManagementToolCoordinator.java:280)
	at org.hibernate.tool.schema.spi.SchemaManagementToolCoordinator.lambda$process$5(SchemaManagementToolCoordinator.java:144)
	at java.base/java.util.HashMap.forEach(HashMap.java:1429)
	at org.hibernate.tool.schema.spi.SchemaManagementToolCoordinator.process(SchemaManagementToolCoordinator.java:141)
	at org.hibernate.boot.internal.SessionFactoryObserverForSchemaExport.sessionFactoryCreated(SessionFactoryObserverForSchemaExport.java:37)
	at org.hibernate.internal.SessionFactoryObserverChain.sessionFactoryCreated(SessionFactoryObserverChain.java:35)
	at org.hibernate.internal.SessionFactoryImpl.<init>(SessionFactoryImpl.java:322)
	at org.hibernate.boot.internal.SessionFactoryBuilderImpl.build(SessionFactoryBuilderImpl.java:457)
	at org.hibernate.jpa.boot.internal.EntityManagerFactoryBuilderImpl.build(EntityManagerFactoryBuilderImpl.java:1506)
	at org.springframework.orm.jpa.vendor.SpringHibernateJpaPersistenceProvider.createContainerEntityManagerFactory(SpringHibernateJpaPersistenceProvider.java:75)
	at org.springframework.orm.jpa.LocalContainerEntityManagerFactoryBean.createNativeEntityManagerFactory(LocalContainerEntityManagerFactoryBean.java:390)
	at org.springframework.orm.jpa.AbstractEntityManagerFactoryBean.buildNativeEntityManagerFactory(AbstractEntityManagerFactoryBean.java:409)
	... 108 common frames omitted
Caused by: com.mysql.cj.jdbc.exceptions.CommunicationsException: Communications link failure

The last packet sent successfully to the server was 0 milliseconds ago. The driver has not received any packets from the server.
	at com.mysql.cj.jdbc.exceptions.SQLError.createCommunicationsException(SQLError.java:174)
	at com.mysql.cj.jdbc.exceptions.SQLExceptionsMapping.translateException(SQLExceptionsMapping.java:64)
	at com.mysql.cj.jdbc.ConnectionImpl.createNewIO(ConnectionImpl.java:815)
	at com.mysql.cj.jdbc.ConnectionImpl.<init>(ConnectionImpl.java:438)
	at com.mysql.cj.jdbc.ConnectionImpl.getInstance(ConnectionImpl.java:241)
	at com.mysql.cj.jdbc.NonRegisteringDriver.connect(NonRegisteringDriver.java:189)
	at com.zaxxer.hikari.util.DriverDataSource.getConnection(DriverDataSource.java:137)
	at com.zaxxer.hikari.pool.PoolBase.newConnection(PoolBase.java:360)
	at com.zaxxer.hikari.pool.PoolBase.newPoolEntry(PoolBase.java:202)
	at com.zaxxer.hikari.pool.HikariPool.createPoolEntry(HikariPool.java:461)
	at com.zaxxer.hikari.pool.HikariPool.checkFailFast(HikariPool.java:550)
	at com.zaxxer.hikari.pool.HikariPool.<init>(HikariPool.java:98)
	at com.zaxxer.hikari.HikariDataSource.getConnection(HikariDataSource.java:111)
	at org.hibernate.engine.jdbc.connections.internal.DatasourceConnectionProviderImpl.getConnection(DatasourceConnectionProviderImpl.java:122)
	at org.hibernate.engine.jdbc.env.internal.JdbcEnvironmentInitiator$ConnectionProviderJdbcConnectionAccess.obtainConnection(JdbcEnvironmentInitiator.java:439)
	at org.hibernate.resource.transaction.backend.jdbc.internal.DdlTransactionIsolatorNonJtaImpl.getIsolatedConnection(DdlTransactionIsolatorNonJtaImpl.java:46)
	... 129 common frames omitted
Caused by: com.mysql.cj.exceptions.CJCommunicationsException: Communications link failure

The last packet sent successfully to the server was 0 milliseconds ago. The driver has not received any packets from the server.
	at java.base/jdk.internal.reflect.DirectConstructorHandleAccessor.newInstance(DirectConstructorHandleAccessor.java:62)
	at java.base/java.lang.reflect.Constructor.newInstanceWithCaller(Constructor.java:502)
	at java.base/java.lang.reflect.Constructor.newInstance(Constructor.java:486)
	at com.mysql.cj.exceptions.ExceptionFactory.createException(ExceptionFactory.java:61)
	at com.mysql.cj.exceptions.ExceptionFactory.createException(ExceptionFactory.java:104)
	at com.mysql.cj.exceptions.ExceptionFactory.createException(ExceptionFactory.java:149)
	at com.mysql.cj.exceptions.ExceptionFactory.createCommunicationsException(ExceptionFactory.java:165)
	at com.mysql.cj.protocol.a.NativeSocketConnection.connect(NativeSocketConnection.java:88)
	at com.mysql.cj.NativeSession.connect(NativeSession.java:120)
	at com.mysql.cj.jdbc.ConnectionImpl.connectOneTryOnly(ConnectionImpl.java:935)
	at com.mysql.cj.jdbc.ConnectionImpl.createNewIO(ConnectionImpl.java:805)
	... 142 common frames omitted
Caused by: java.net.ConnectException: Connection refused: getsockopt
	at java.base/sun.nio.ch.Net.pollConnect(Native Method)
	at java.base/sun.nio.ch.Net.pollConnectNow(Net.java:682)
	at java.base/sun.nio.ch.NioSocketImpl.timedFinishConnect(NioSocketImpl.java:542)
	at java.base/sun.nio.ch.NioSocketImpl.connect(NioSocketImpl.java:592)
	at java.base/java.net.SocksSocketImpl.connect(SocksSocketImpl.java:327)
	at java.base/java.net.Socket.connect(Socket.java:751)
	at com.mysql.cj.protocol.StandardSocketFactory.connect(StandardSocketFactory.java:153)
	at com.mysql.cj.protocol.a.NativeSocketConnection.connect(NativeSocketConnection.java:62)
	... 145 common frames omitted
2026-09-09 10:44:44 [restartedMain] INFO  c.e.a.ApiProjectApplication - Starting ApiProjectApplication using Java 21.0.7 with PID 8904 (C:\Users\USER\Downloads\api_project\api_project\target\classes started by USER in C:\Users\USER\Downloads\api_project\api_project)
2026-09-09 10:44:44 [restartedMain] INFO  c.e.a.ApiProjectApplication - No active profile set, falling back to 1 default profile: "default"
2026-09-09 10:44:44 [restartedMain] INFO  o.s.b.d.e.DevToolsPropertyDefaultsPostProcessor - Devtools property defaults active! Set 'spring.devtools.add-properties' to 'false' to disable
2026-09-09 10:44:44 [restartedMain] INFO  o.s.b.d.e.DevToolsPropertyDefaultsPostProcessor - For additional web related logging consider setting the 'logging.level.web' property to 'DEBUG'
2026-09-09 10:44:45 [restartedMain] INFO  o.s.d.r.c.RepositoryConfigurationDelegate - Bootstrapping Spring Data JPA repositories in DEFAULT mode.
2026-09-09 10:44:45 [restartedMain] INFO  o.s.d.r.c.RepositoryConfigurationDelegate - Finished Spring Data repository scanning in 129 ms. Found 16 JPA repository interfaces.
2026-09-09 10:44:46 [restartedMain] INFO  o.s.b.w.e.tomcat.TomcatWebServer - Tomcat initialized with port 8080 (http)
2026-09-09 10:44:46 [restartedMain] INFO  o.a.catalina.core.StandardService - Starting service [Tomcat]
2026-09-09 10:44:46 [restartedMain] INFO  o.a.catalina.core.StandardEngine - Starting Servlet engine: [Apache Tomcat/10.1.30]
2026-09-09 10:44:46 [restartedMain] INFO  o.a.c.c.C.[Tomcat].[localhost].[/] - Initializing Spring embedded WebApplicationContext
2026-09-09 10:44:46 [restartedMain] INFO  o.s.b.w.s.c.ServletWebServerApplicationContext - Root WebApplicationContext: initialization completed in 2571 ms
2026-09-09 10:44:47 [restartedMain] INFO  o.h.jpa.internal.util.LogHelper - HHH000204: Processing PersistenceUnitInfo [name: default]
2026-09-09 10:44:47 [restartedMain] INFO  org.hibernate.Version - HHH000412: Hibernate ORM core version 6.5.3.Final
2026-09-09 10:44:47 [restartedMain] INFO  o.h.c.i.RegionFactoryInitiator - HHH000026: Second-level cache disabled
2026-09-09 10:44:47 [restartedMain] INFO  o.s.o.j.p.SpringPersistenceUnitInfo - No LoadTimeWeaver setup: ignoring JPA class transformer
2026-09-09 10:44:47 [restartedMain] INFO  com.zaxxer.hikari.HikariDataSource - HikariPool-1 - Starting...
2026-09-09 10:44:47 [restartedMain] INFO  com.zaxxer.hikari.pool.HikariPool - HikariPool-1 - Added connection com.mysql.cj.jdbc.ConnectionImpl@7ee19f21
2026-09-09 10:44:47 [restartedMain] INFO  com.zaxxer.hikari.HikariDataSource - HikariPool-1 - Start completed.
2026-09-09 10:44:48 [restartedMain] WARN  org.hibernate.orm.deprecation - HHH90000025: MySQLDialect does not need to be specified explicitly using 'hibernate.dialect' (remove the property setting and it will be selected by default)
2026-09-09 10:44:49 [restartedMain] INFO  o.h.e.t.j.p.i.JtaPlatformInitiator - HHH000489: No JTA platform available (set 'hibernate.transaction.jta.platform' to enable JTA platform integration)
2026-09-09 10:44:49 [restartedMain] DEBUG org.hibernate.SQL - 
    alter table discounts 
       modify column type enum ('FIXED','PERCENTAGE') not null
2026-09-09 10:44:49 [restartedMain] DEBUG org.hibernate.SQL - 
    alter table payments 
       modify column method enum ('CARD','CASH','ONLINE') not null
2026-09-09 10:44:49 [restartedMain] DEBUG org.hibernate.SQL - 
    alter table payments 
       modify column status enum ('FAILED','PENDING','REFUNDED','SUCCESS') not null
2026-09-09 10:44:49 [restartedMain] DEBUG org.hibernate.SQL - 
    alter table purchase_orders 
       modify column status enum ('APPROVED','CANCELLED','PENDING','RECEIVED') not null
2026-09-09 10:44:49 [restartedMain] DEBUG org.hibernate.SQL - 
    alter table sales_orders 
       modify column status enum ('CANCELLED','COMPLETED','PENDING','REFUNDED') not null
2026-09-09 10:44:50 [restartedMain] INFO  o.s.o.j.LocalContainerEntityManagerFactoryBean - Initialized JPA EntityManagerFactory for persistence unit 'default'
2026-09-09 10:44:51 [restartedMain] INFO  o.s.s.c.a.a.c.InitializeAuthenticationProviderBeanManagerConfigurer$InitializeAuthenticationProviderManagerConfigurer - Global AuthenticationManager configured with AuthenticationProvider bean with name authenticationProvider
2026-09-09 10:44:51 [restartedMain] WARN  o.s.s.c.a.a.c.InitializeUserDetailsBeanManagerConfigurer$InitializeUserDetailsManagerConfigurer - Global AuthenticationManager configured with an AuthenticationProvider bean. UserDetailsService beans will not be used for username/password login. Consider removing the AuthenticationProvider bean. Alternatively, consider using the UserDetailsService in a manually instantiated DaoAuthenticationProvider.
2026-09-09 10:44:53 [restartedMain] INFO  o.s.b.d.a.OptionalLiveReloadServer - LiveReload server is running on port 35729
2026-09-09 10:44:53 [restartedMain] INFO  o.s.b.w.e.tomcat.TomcatWebServer - Tomcat started on port 8080 (http) with context path '/'
2026-09-09 10:44:53 [restartedMain] INFO  c.e.a.ApiProjectApplication - Started ApiProjectApplication in 9.481 seconds (process running for 10.489)
2026-09-09 10:44:53 [restartedMain] DEBUG org.hibernate.SQL - 
    select
        r1_0.id,
        r1_0.description,
        r1_0.name 
    from
        roles r1_0 
    where
        r1_0.name=?
2026-09-09 10:44:53 [restartedMain] DEBUG org.hibernate.SQL - 
    select
        r1_0.id,
        r1_0.description,
        r1_0.name 
    from
        roles r1_0 
    where
        r1_0.name=?
2026-09-09 10:44:53 [restartedMain] DEBUG org.hibernate.SQL - 
    select
        r1_0.id,
        r1_0.description,
        r1_0.name 
    from
        roles r1_0 
    where
        r1_0.name=?
2026-09-09 10:44:53 [restartedMain] DEBUG org.hibernate.SQL - 
    select
        count(*) 
    from
        branches b1_0
2026-09-09 10:44:53 [restartedMain] DEBUG org.hibernate.SQL - 
    select
        b1_0.id,
        b1_0.active,
        b1_0.address,
        b1_0.created_at,
        b1_0.name,
        b1_0.phone,
        b1_0.updated_at 
    from
        branches b1_0
2026-09-09 10:44:53 [restartedMain] DEBUG org.hibernate.SQL - 
    select
        u1_0.id 
    from
        users u1_0 
    where
        u1_0.username=? 
    limit
        ?
2026-09-09 10:45:13 [http-nio-8080-exec-1] INFO  o.a.c.c.C.[Tomcat].[localhost].[/] - Initializing Spring DispatcherServlet 'dispatcherServlet'
2026-09-09 10:45:13 [http-nio-8080-exec-1] INFO  o.s.web.servlet.DispatcherServlet - Initializing Servlet 'dispatcherServlet'
2026-09-09 10:45:13 [http-nio-8080-exec-1] INFO  o.s.web.servlet.DispatcherServlet - Completed initialization in 0 ms
2026-09-09 10:45:14 [http-nio-8080-exec-2] DEBUG org.hibernate.SQL - 
    select
        u1_0.id,
        u1_0.branch_id,
        u1_0.created_at,
        u1_0.email,
        u1_0.enabled,
        u1_0.full_name,
        u1_0.password,
        u1_0.phone,
        u1_0.role_id,
        u1_0.updated_at,
        u1_0.username 
    from
        users u1_0 
    where
        u1_0.username=?
2026-09-09 10:45:14 [http-nio-8080-exec-2] DEBUG org.hibernate.SQL - 
    select
        b1_0.id,
        b1_0.active,
        b1_0.address,
        b1_0.created_at,
        b1_0.name,
        b1_0.phone,
        b1_0.updated_at 
    from
        branches b1_0 
    where
        b1_0.id=?
2026-09-09 10:45:14 [http-nio-8080-exec-2] DEBUG org.hibernate.SQL - 
    select
        r1_0.id,
        r1_0.description,
        r1_0.name 
    from
        roles r1_0 
    where
        r1_0.id=?
2026-09-09 10:45:14 [http-nio-8080-exec-2] DEBUG org.hibernate.SQL - 
    select
        u1_0.id,
        u1_0.branch_id,
        u1_0.created_at,
        u1_0.email,
        u1_0.enabled,
        u1_0.full_name,
        u1_0.password,
        u1_0.phone,
        u1_0.role_id,
        u1_0.updated_at,
        u1_0.username 
    from
        users u1_0 
    where
        u1_0.username=?
2026-09-09 10:45:15 [http-nio-8080-exec-2] DEBUG org.hibernate.SQL - 
    insert 
    into
        audit_logs
        (action, details, entity_id, entity_name, timestamp, user_id) 
    values
        (?, ?, ?, ?, ?, ?)
2026-09-09 10:45:15 [http-nio-8080-exec-2] INFO  c.e.api_project.util.AuditLogger - AUDIT [LOGIN] User #1 - User logged in: admin
2026-09-09 10:45:15 [http-nio-8080-exec-2] INFO  c.e.api_project.service.AuthService - User logged in: admin
2026-09-09 10:45:15 [http-nio-8080-exec-4] DEBUG org.hibernate.SQL - 
    select
        u1_0.id,
        u1_0.branch_id,
        u1_0.created_at,
        u1_0.email,
        u1_0.enabled,
        u1_0.full_name,
        u1_0.password,
        u1_0.phone,
        u1_0.role_id,
        u1_0.updated_at,
        u1_0.username 
    from
        users u1_0 
    where
        u1_0.username=?
2026-09-09 10:45:15 [http-nio-8080-exec-4] DEBUG org.hibernate.SQL - 
    select
        b1_0.id,
        b1_0.active,
        b1_0.address,
        b1_0.created_at,
        b1_0.name,
        b1_0.phone,
        b1_0.updated_at 
    from
        branches b1_0 
    where
        b1_0.id=?
2026-09-09 10:45:15 [http-nio-8080-exec-4] DEBUG org.hibernate.SQL - 
    select
        r1_0.id,
        r1_0.description,
        r1_0.name 
    from
        roles r1_0 
    where
        r1_0.id=?
2026-09-09 10:45:15 [http-nio-8080-exec-4] DEBUG org.hibernate.SQL - 
    select
        u1_0.id,
        b1_0.id,
        b1_0.active,
        b1_0.address,
        b1_0.created_at,
        b1_0.name,
        b1_0.phone,
        b1_0.updated_at,
        u1_0.created_at,
        u1_0.email,
        u1_0.enabled,
        u1_0.full_name,
        u1_0.password,
        u1_0.phone,
        u1_0.role_id,
        r1_0.id,
        r1_0.description,
        r1_0.name,
        u1_0.updated_at,
        u1_0.username 
    from
        users u1_0 
    left join
        branches b1_0 
            on b1_0.id=u1_0.branch_id 
    join
        roles r1_0 
            on r1_0.id=u1_0.role_id 
    where
        u1_0.id=?
2026-09-09 10:45:15 [http-nio-8080-exec-6] DEBUG org.hibernate.SQL - 
    select
        u1_0.id,
        u1_0.branch_id,
        u1_0.created_at,
        u1_0.email,
        u1_0.enabled,
        u1_0.full_name,
        u1_0.password,
        u1_0.phone,
        u1_0.role_id,
        u1_0.updated_at,
        u1_0.username 
    from
        users u1_0 
    where
        u1_0.username=?
2026-09-09 10:45:15 [http-nio-8080-exec-6] DEBUG org.hibernate.SQL - 
    select
        b1_0.id,
        b1_0.active,
        b1_0.address,
        b1_0.created_at,
        b1_0.name,
        b1_0.phone,
        b1_0.updated_at 
    from
        branches b1_0 
    where
        b1_0.id=?
2026-09-09 10:45:15 [http-nio-8080-exec-6] DEBUG org.hibernate.SQL - 
    select
        r1_0.id,
        r1_0.description,
        r1_0.name 
    from
        roles r1_0 
    where
        r1_0.id=?
2026-09-09 10:45:15 [http-nio-8080-exec-6] DEBUG org.hibernate.SQL - 
    select
        b1_0.id,
        b1_0.active,
        b1_0.address,
        b1_0.created_at,
        b1_0.name,
        b1_0.phone,
        b1_0.updated_at 
    from
        branches b1_0
2026-09-09 10:45:15 [http-nio-8080-exec-1] DEBUG org.hibernate.SQL - 
    select
        u1_0.id,
        u1_0.branch_id,
        u1_0.created_at,
        u1_0.email,
        u1_0.enabled,
        u1_0.full_name,
        u1_0.password,
        u1_0.phone,
        u1_0.role_id,
        u1_0.updated_at,
        u1_0.username 
    from
        users u1_0 
    where
        u1_0.username=?
2026-09-09 10:45:15 [http-nio-8080-exec-1] DEBUG org.hibernate.SQL - 
    select
        b1_0.id,
        b1_0.active,
        b1_0.address,
        b1_0.created_at,
        b1_0.name,
        b1_0.phone,
        b1_0.updated_at 
    from
        branches b1_0 
    where
        b1_0.id=?
2026-09-09 10:45:15 [http-nio-8080-exec-2] DEBUG org.hibernate.SQL - 
    select
        u1_0.id,
        u1_0.branch_id,
        u1_0.created_at,
        u1_0.email,
        u1_0.enabled,
        u1_0.full_name,
        u1_0.password,
        u1_0.phone,
        u1_0.role_id,
        u1_0.updated_at,
        u1_0.username 
    from
        users u1_0 
    where
        u1_0.username=?
2026-09-09 10:45:15 [http-nio-8080-exec-3] DEBUG org.hibernate.SQL - 
    select
        u1_0.id,
        u1_0.branch_id,
        u1_0.created_at,
        u1_0.email,
        u1_0.enabled,
        u1_0.full_name,
        u1_0.password,
        u1_0.phone,
        u1_0.role_id,
        u1_0.updated_at,
        u1_0.username 
    from
        users u1_0 
    where
        u1_0.username=?
2026-09-09 10:45:15 [http-nio-8080-exec-1] DEBUG org.hibernate.SQL - 
    select
        r1_0.id,
        r1_0.description,
        r1_0.name 
    from
        roles r1_0 
    where
        r1_0.id=?
2026-09-09 10:45:15 [http-nio-8080-exec-4] DEBUG org.hibernate.SQL - 
    select
        u1_0.id,
        u1_0.branch_id,
        u1_0.created_at,
        u1_0.email,
        u1_0.enabled,
        u1_0.full_name,
        u1_0.password,
        u1_0.phone,
        u1_0.role_id,
        u1_0.updated_at,
        u1_0.username 
    from
        users u1_0 
    where
        u1_0.username=?
2026-09-09 10:45:15 [http-nio-8080-exec-2] DEBUG org.hibernate.SQL - 
    select
        b1_0.id,
        b1_0.active,
        b1_0.address,
        b1_0.created_at,
        b1_0.name,
        b1_0.phone,
        b1_0.updated_at 
    from
        branches b1_0 
    where
        b1_0.id=?
2026-09-09 10:45:15 [http-nio-8080-exec-3] DEBUG org.hibernate.SQL - 
    select
        b1_0.id,
        b1_0.active,
        b1_0.address,
        b1_0.created_at,
        b1_0.name,
        b1_0.phone,
        b1_0.updated_at 
    from
        branches b1_0 
    where
        b1_0.id=?
2026-09-09 10:45:15 [http-nio-8080-exec-4] DEBUG org.hibernate.SQL - 
    select
        b1_0.id,
        b1_0.active,
        b1_0.address,
        b1_0.created_at,
        b1_0.name,
        b1_0.phone,
        b1_0.updated_at 
    from
        branches b1_0 
    where
        b1_0.id=?
2026-09-09 10:45:15 [http-nio-8080-exec-2] DEBUG org.hibernate.SQL - 
    select
        r1_0.id,
        r1_0.description,
        r1_0.name 
    from
        roles r1_0 
    where
        r1_0.id=?
2026-09-09 10:45:15 [http-nio-8080-exec-3] DEBUG org.hibernate.SQL - 
    select
        r1_0.id,
        r1_0.description,
        r1_0.name 
    from
        roles r1_0 
    where
        r1_0.id=?
2026-09-09 10:45:15 [http-nio-8080-exec-4] DEBUG org.hibernate.SQL - 
    select
        r1_0.id,
        r1_0.description,
        r1_0.name 
    from
        roles r1_0 
    where
        r1_0.id=?
2026-09-09 10:45:15 [http-nio-8080-exec-1] DEBUG org.hibernate.SQL - 
    select
        p1_0.id,
        p1_0.active,
        p1_0.created_at,
        p1_0.name,
        p1_0.reorder_level,
        p1_0.sku,
        p1_0.sub_category_id,
        p1_0.supplier_id,
        p1_0.unit,
        p1_0.unit_price,
        p1_0.updated_at 
    from
        products p1_0
2026-09-09 10:45:15 [http-nio-8080-exec-3] DEBUG org.hibernate.SQL - 
    select
        i1_0.id,
        i1_0.branch_id,
        i1_0.created_at,
        i1_0.product_id,
        i1_0.quantity,
        i1_0.updated_at 
    from
        inventory i1_0 
    where
        i1_0.branch_id=?
2026-09-09 10:45:15 [http-nio-8080-exec-4] DEBUG org.hibernate.SQL - 
    select
        so1_0.id,
        so1_0.branch_id,
        so1_0.cashier_id,
        so1_0.created_at,
        so1_0.customer_id,
        so1_0.discount_id,
        so1_0.order_date,
        so1_0.status,
        so1_0.total_amount,
        so1_0.updated_at 
    from
        sales_orders so1_0 
    where
        so1_0.branch_id=?
2026-09-09 10:45:15 [http-nio-8080-exec-3] DEBUG org.hibernate.SQL - 
    select
        p1_0.id,
        p1_0.active,
        p1_0.created_at,
        p1_0.name,
        p1_0.reorder_level,
        p1_0.sku,
        p1_0.sub_category_id,
        p1_0.supplier_id,
        p1_0.unit,
        p1_0.unit_price,
        p1_0.updated_at 
    from
        products p1_0 
    where
        p1_0.id=?
2026-09-09 10:45:15 [http-nio-8080-exec-1] DEBUG org.hibernate.SQL - 
    select
        sc1_0.id,
        sc1_0.category_id,
        sc1_0.created_at,
        sc1_0.name,
        sc1_0.updated_at 
    from
        sub_categories sc1_0 
    where
        sc1_0.id=?
2026-09-09 10:45:15 [http-nio-8080-exec-3] DEBUG org.hibernate.SQL - 
    select
        sc1_0.id,
        sc1_0.category_id,
        sc1_0.created_at,
        sc1_0.name,
        sc1_0.updated_at 
    from
        sub_categories sc1_0 
    where
        sc1_0.id=?
2026-09-09 10:45:15 [http-nio-8080-exec-3] DEBUG org.hibernate.SQL - 
    select
        c1_0.id,
        c1_0.created_at,
        c1_0.description,
        c1_0.name,
        c1_0.updated_at 
    from
        categories c1_0 
    where
        c1_0.id=?
2026-09-09 10:45:15 [http-nio-8080-exec-1] DEBUG org.hibernate.SQL - 
    select
        c1_0.id,
        c1_0.created_at,
        c1_0.description,
        c1_0.name,
        c1_0.updated_at 
    from
        categories c1_0 
    where
        c1_0.id=?
2026-09-09 10:45:15 [http-nio-8080-exec-1] DEBUG org.hibernate.SQL - 
    select
        s1_0.id,
        s1_0.address,
        s1_0.contact_person,
        s1_0.created_at,
        s1_0.email,
        s1_0.name,
        s1_0.phone,
        s1_0.updated_at 
    from
        suppliers s1_0 
    where
        s1_0.id=?
2026-09-09 10:45:15 [http-nio-8080-exec-3] DEBUG org.hibernate.SQL - 
    select
        s1_0.id,
        s1_0.address,
        s1_0.contact_person,
        s1_0.created_at,
        s1_0.email,
        s1_0.name,
        s1_0.phone,
        s1_0.updated_at 
    from
        suppliers s1_0 
    where
        s1_0.id=?
2026-09-09 10:45:15 [http-nio-8080-exec-4] DEBUG org.hibernate.SQL - 
    select
        c1_0.id,
        c1_0.address,
        c1_0.created_at,
        c1_0.email,
        c1_0.loyalty_points,
        c1_0.name,
        c1_0.phone,
        c1_0.updated_at 
    from
        customers c1_0 
    where
        c1_0.id=?
2026-09-09 10:45:16 [http-nio-8080-exec-3] DEBUG org.hibernate.SQL - 
    select
        b1_0.id,
        b1_0.active,
        b1_0.address,
        b1_0.created_at,
        b1_0.name,
        b1_0.phone,
        b1_0.updated_at 
    from
        branches b1_0 
    where
        b1_0.id=?
2026-09-09 10:45:16 [http-nio-8080-exec-1] DEBUG org.hibernate.SQL - 
    select
        sc1_0.id,
        sc1_0.category_id,
        sc1_0.created_at,
        sc1_0.name,
        sc1_0.updated_at 
    from
        sub_categories sc1_0 
    where
        sc1_0.id=?
2026-09-09 10:45:16 [http-nio-8080-exec-4] DEBUG org.hibernate.SQL - 
    select
        b1_0.id,
        b1_0.active,
        b1_0.address,
        b1_0.created_at,
        b1_0.name,
        b1_0.phone,
        b1_0.updated_at 
    from
        branches b1_0 
    where
        b1_0.id=?
2026-09-09 10:45:16 [http-nio-8080-exec-3] DEBUG org.hibernate.SQL - 
    select
        p1_0.id,
        p1_0.active,
        p1_0.created_at,
        p1_0.name,
        p1_0.reorder_level,
        p1_0.sku,
        p1_0.sub_category_id,
        p1_0.supplier_id,
        p1_0.unit,
        p1_0.unit_price,
        p1_0.updated_at 
    from
        products p1_0 
    where
        p1_0.id=?
2026-09-09 10:45:16 [http-nio-8080-exec-1] DEBUG org.hibernate.SQL - 
    select
        c1_0.id,
        c1_0.created_at,
        c1_0.description,
        c1_0.name,
        c1_0.updated_at 
    from
        categories c1_0 
    where
        c1_0.id=?
2026-09-09 10:45:16 [http-nio-8080-exec-1] DEBUG org.hibernate.SQL - 
    select
        sc1_0.id,
        sc1_0.category_id,
        sc1_0.created_at,
        sc1_0.name,
        sc1_0.updated_at 
    from
        sub_categories sc1_0 
    where
        sc1_0.id=?
2026-09-09 10:45:16 [http-nio-8080-exec-4] DEBUG org.hibernate.SQL - 
    select
        u1_0.id,
        b1_0.id,
        b1_0.active,
        b1_0.address,
        b1_0.created_at,
        b1_0.name,
        b1_0.phone,
        b1_0.updated_at,
        u1_0.created_at,
        u1_0.email,
        u1_0.enabled,
        u1_0.full_name,
        u1_0.password,
        u1_0.phone,
        u1_0.role_id,
        r1_0.id,
        r1_0.description,
        r1_0.name,
        u1_0.updated_at,
        u1_0.username 
    from
        users u1_0 
    left join
        branches b1_0 
            on b1_0.id=u1_0.branch_id 
    join
        roles r1_0 
            on r1_0.id=u1_0.role_id 
    where
        u1_0.id=?
2026-09-09 10:45:16 [http-nio-8080-exec-3] DEBUG org.hibernate.SQL - 
    select
        p1_0.id,
        p1_0.active,
        p1_0.created_at,
        p1_0.name,
        p1_0.reorder_level,
        p1_0.sku,
        p1_0.sub_category_id,
        p1_0.supplier_id,
        p1_0.unit,
        p1_0.unit_price,
        p1_0.updated_at 
    from
        products p1_0 
    where
        p1_0.id=?
2026-09-09 10:45:16 [http-nio-8080-exec-1] DEBUG org.hibernate.SQL - 
    select
        c1_0.id,
        c1_0.created_at,
        c1_0.description,
        c1_0.name,
        c1_0.updated_at 
    from
        categories c1_0 
    where
        c1_0.id=?
2026-09-09 10:45:16 [http-nio-8080-exec-3] DEBUG org.hibernate.SQL - 
    select
        sc1_0.id,
        sc1_0.category_id,
        sc1_0.created_at,
        sc1_0.name,
        sc1_0.updated_at 
    from
        sub_categories sc1_0 
    where
        sc1_0.id=?
2026-09-09 10:45:16 [http-nio-8080-exec-1] DEBUG org.hibernate.SQL - 
    select
        s1_0.id,
        s1_0.address,
        s1_0.contact_person,
        s1_0.created_at,
        s1_0.email,
        s1_0.name,
        s1_0.phone,
        s1_0.updated_at 
    from
        suppliers s1_0 
    where
        s1_0.id=?
2026-09-09 10:45:16 [http-nio-8080-exec-3] DEBUG org.hibernate.SQL - 
    select
        c1_0.id,
        c1_0.created_at,
        c1_0.description,
        c1_0.name,
        c1_0.updated_at 
    from
        categories c1_0 
    where
        c1_0.id=?
2026-09-09 10:45:16 [http-nio-8080-exec-1] DEBUG org.hibernate.SQL - 
    select
        sc1_0.id,
        sc1_0.category_id,
        sc1_0.created_at,
        sc1_0.name,
        sc1_0.updated_at 
    from
        sub_categories sc1_0 
    where
        sc1_0.id=?
2026-09-09 10:45:16 [http-nio-8080-exec-2] DEBUG org.hibernate.SQL - 
    select
        po1_0.id,
        po1_0.branch_id,
        po1_0.created_at,
        po1_0.order_date,
        po1_0.ordered_by,
        po1_0.status,
        po1_0.supplier_id,
        po1_0.total_amount,
        po1_0.updated_at 
    from
        purchase_orders po1_0 
    where
        po1_0.branch_id=?
2026-09-09 10:45:16 [http-nio-8080-exec-3] DEBUG org.hibernate.SQL - 
    select
        p1_0.id,
        p1_0.active,
        p1_0.created_at,
        p1_0.name,
        p1_0.reorder_level,
        p1_0.sku,
        p1_0.sub_category_id,
        p1_0.supplier_id,
        p1_0.unit,
        p1_0.unit_price,
        p1_0.updated_at 
    from
        products p1_0 
    where
        p1_0.id=?
2026-09-09 10:45:16 [http-nio-8080-exec-4] DEBUG org.hibernate.SQL - 
    select
        i1_0.sales_order_id,
        i1_0.id,
        i1_0.product_id,
        i1_0.quantity,
        i1_0.subtotal,
        i1_0.unit_price 
    from
        sales_order_items i1_0 
    where
        i1_0.sales_order_id=?
2026-09-09 10:45:16 [http-nio-8080-exec-1] DEBUG org.hibernate.SQL - 
    select
        c1_0.id,
        c1_0.created_at,
        c1_0.description,
        c1_0.name,
        c1_0.updated_at 
    from
        categories c1_0 
    where
        c1_0.id=?
2026-09-09 10:45:16 [http-nio-8080-exec-3] DEBUG org.hibernate.SQL - 
    select
        sc1_0.id,
        sc1_0.category_id,
        sc1_0.created_at,
        sc1_0.name,
        sc1_0.updated_at 
    from
        sub_categories sc1_0 
    where
        sc1_0.id=?
2026-09-09 10:45:16 [http-nio-8080-exec-1] DEBUG org.hibernate.SQL - 
    select
        sc1_0.id,
        sc1_0.category_id,
        sc1_0.created_at,
        sc1_0.name,
        sc1_0.updated_at 
    from
        sub_categories sc1_0 
    where
        sc1_0.id=?
2026-09-09 10:45:16 [http-nio-8080-exec-1] DEBUG org.hibernate.SQL - 
    select
        c1_0.id,
        c1_0.created_at,
        c1_0.description,
        c1_0.name,
        c1_0.updated_at 
    from
        categories c1_0 
    where
        c1_0.id=?
2026-09-09 10:45:16 [http-nio-8080-exec-3] DEBUG org.hibernate.SQL - 
    select
        c1_0.id,
        c1_0.created_at,
        c1_0.description,
        c1_0.name,
        c1_0.updated_at 
    from
        categories c1_0 
    where
        c1_0.id=?
2026-09-09 10:45:16 [http-nio-8080-exec-3] DEBUG org.hibernate.SQL - 
    select
        p1_0.id,
        p1_0.active,
        p1_0.created_at,
        p1_0.name,
        p1_0.reorder_level,
        p1_0.sku,
        p1_0.sub_category_id,
        p1_0.supplier_id,
        p1_0.unit,
        p1_0.unit_price,
        p1_0.updated_at 
    from
        products p1_0 
    where
        p1_0.id=?
2026-09-09 10:45:16 [http-nio-8080-exec-1] DEBUG org.hibernate.SQL - 
    select
        s1_0.id,
        s1_0.address,
        s1_0.contact_person,
        s1_0.created_at,
        s1_0.email,
        s1_0.name,
        s1_0.phone,
        s1_0.updated_at 
    from
        suppliers s1_0 
    where
        s1_0.id=?
2026-09-09 10:45:16 [http-nio-8080-exec-2] DEBUG org.hibernate.SQL - 
    select
        s1_0.id,
        s1_0.address,
        s1_0.contact_person,
        s1_0.created_at,
        s1_0.email,
        s1_0.name,
        s1_0.phone,
        s1_0.updated_at 
    from
        suppliers s1_0 
    where
        s1_0.id=?
2026-09-09 10:45:16 [http-nio-8080-exec-3] DEBUG org.hibernate.SQL - 
    select
        s1_0.id,
        s1_0.address,
        s1_0.contact_person,
        s1_0.created_at,
        s1_0.email,
        s1_0.name,
        s1_0.phone,
        s1_0.updated_at 
    from
        suppliers s1_0 
    where
        s1_0.id=?
2026-09-09 10:45:16 [http-nio-8080-exec-4] DEBUG org.hibernate.SQL - 
    select
        p1_0.id,
        p1_0.active,
        p1_0.created_at,
        p1_0.name,
        p1_0.reorder_level,
        p1_0.sku,
        p1_0.sub_category_id,
        p1_0.supplier_id,
        p1_0.unit,
        p1_0.unit_price,
        p1_0.updated_at 
    from
        products p1_0 
    where
        p1_0.id=?
2026-09-09 10:45:16 [http-nio-8080-exec-1] DEBUG org.hibernate.SQL - 
    select
        sc1_0.id,
        sc1_0.category_id,
        sc1_0.created_at,
        sc1_0.name,
        sc1_0.updated_at 
    from
        sub_categories sc1_0 
    where
        sc1_0.id=?
2026-09-09 10:45:16 [http-nio-8080-exec-2] DEBUG org.hibernate.SQL - 
    select
        b1_0.id,
        b1_0.active,
        b1_0.address,
        b1_0.created_at,
        b1_0.name,
        b1_0.phone,
        b1_0.updated_at 
    from
        branches b1_0 
    where
        b1_0.id=?
2026-09-09 10:45:16 [http-nio-8080-exec-3] DEBUG org.hibernate.SQL - 
    select
        p1_0.id,
        p1_0.active,
        p1_0.created_at,
        p1_0.name,
        p1_0.reorder_level,
        p1_0.sku,
        p1_0.sub_category_id,
        p1_0.supplier_id,
        p1_0.unit,
        p1_0.unit_price,
        p1_0.updated_at 
    from
        products p1_0 
    where
        p1_0.id=?
2026-09-09 10:45:16 [http-nio-8080-exec-1] DEBUG org.hibernate.SQL - 
    select
        c1_0.id,
        c1_0.created_at,
        c1_0.description,
        c1_0.name,
        c1_0.updated_at 
    from
        categories c1_0 
    where
        c1_0.id=?
2026-09-09 10:45:16 [http-nio-8080-exec-4] DEBUG org.hibernate.SQL - 
    select
        sc1_0.id,
        sc1_0.category_id,
        sc1_0.created_at,
        sc1_0.name,
        sc1_0.updated_at 
    from
        sub_categories sc1_0 
    where
        sc1_0.id=?
2026-09-09 10:45:16 [http-nio-8080-exec-1] DEBUG org.hibernate.SQL - 
    select
        sc1_0.id,
        sc1_0.category_id,
        sc1_0.created_at,
        sc1_0.name,
        sc1_0.updated_at 
    from
        sub_categories sc1_0 
    where
        sc1_0.id=?
2026-09-09 10:45:16 [http-nio-8080-exec-4] DEBUG org.hibernate.SQL - 
    select
        c1_0.id,
        c1_0.created_at,
        c1_0.description,
        c1_0.name,
        c1_0.updated_at 
    from
        categories c1_0 
    where
        c1_0.id=?
2026-09-09 10:45:16 [http-nio-8080-exec-3] DEBUG org.hibernate.SQL - 
    select
        sc1_0.id,
        sc1_0.category_id,
        sc1_0.created_at,
        sc1_0.name,
        sc1_0.updated_at 
    from
        sub_categories sc1_0 
    where
        sc1_0.id=?
2026-09-09 10:45:16 [http-nio-8080-exec-2] DEBUG org.hibernate.SQL - 
    select
        u1_0.id,
        b1_0.id,
        b1_0.active,
        b1_0.address,
        b1_0.created_at,
        b1_0.name,
        b1_0.phone,
        b1_0.updated_at,
        u1_0.created_at,
        u1_0.email,
        u1_0.enabled,
        u1_0.full_name,
        u1_0.password,
        u1_0.phone,
        u1_0.role_id,
        r1_0.id,
        r1_0.description,
        r1_0.name,
        u1_0.updated_at,
        u1_0.username 
    from
        users u1_0 
    left join
        branches b1_0 
            on b1_0.id=u1_0.branch_id 
    join
        roles r1_0 
            on r1_0.id=u1_0.role_id 
    where
        u1_0.id=?
2026-09-09 10:45:16 [http-nio-8080-exec-3] DEBUG org.hibernate.SQL - 
    select
        c1_0.id,
        c1_0.created_at,
        c1_0.description,
        c1_0.name,
        c1_0.updated_at 
    from
        categories c1_0 
    where
        c1_0.id=?
2026-09-09 10:45:16 [http-nio-8080-exec-1] DEBUG org.hibernate.SQL - 
    select
        sc1_0.id,
        sc1_0.category_id,
        sc1_0.created_at,
        sc1_0.name,
        sc1_0.updated_at 
    from
        sub_categories sc1_0 
    where
        sc1_0.id=?
2026-09-09 10:45:16 [http-nio-8080-exec-4] DEBUG org.hibernate.SQL - 
    select
        s1_0.id,
        s1_0.address,
        s1_0.contact_person,
        s1_0.created_at,
        s1_0.email,
        s1_0.name,
        s1_0.phone,
        s1_0.updated_at 
    from
        suppliers s1_0 
    where
        s1_0.id=?
2026-09-09 10:45:16 [http-nio-8080-exec-3] DEBUG org.hibernate.SQL - 
    select
        p1_0.id,
        p1_0.active,
        p1_0.created_at,
        p1_0.name,
        p1_0.reorder_level,
        p1_0.sku,
        p1_0.sub_category_id,
        p1_0.supplier_id,
        p1_0.unit,
        p1_0.unit_price,
        p1_0.updated_at 
    from
        products p1_0 
    where
        p1_0.id=?
2026-09-09 10:45:16 [http-nio-8080-exec-4] DEBUG org.hibernate.SQL - 
    select
        p1_0.id,
        p1_0.active,
        p1_0.created_at,
        p1_0.name,
        p1_0.reorder_level,
        p1_0.sku,
        p1_0.sub_category_id,
        p1_0.supplier_id,
        p1_0.unit,
        p1_0.unit_price,
        p1_0.updated_at 
    from
        products p1_0 
    where
        p1_0.id=?
2026-09-09 10:45:16 [http-nio-8080-exec-1] DEBUG org.hibernate.SQL - 
    select
        sc1_0.id,
        sc1_0.category_id,
        sc1_0.created_at,
        sc1_0.name,
        sc1_0.updated_at 
    from
        sub_categories sc1_0 
    where
        sc1_0.id=?
2026-09-09 10:45:16 [http-nio-8080-exec-1] DEBUG org.hibernate.SQL - 
    select
        c1_0.id,
        c1_0.created_at,
        c1_0.description,
        c1_0.name,
        c1_0.updated_at 
    from
        categories c1_0 
    where
        c1_0.id=?
2026-09-09 10:45:16 [http-nio-8080-exec-3] DEBUG org.hibernate.SQL - 
    select
        sc1_0.id,
        sc1_0.category_id,
        sc1_0.created_at,
        sc1_0.name,
        sc1_0.updated_at 
    from
        sub_categories sc1_0 
    where
        sc1_0.id=?
2026-09-09 10:45:16 [http-nio-8080-exec-4] DEBUG org.hibernate.SQL - 
    select
        p1_0.id,
        p1_0.active,
        p1_0.created_at,
        p1_0.name,
        p1_0.reorder_level,
        p1_0.sku,
        p1_0.sub_category_id,
        p1_0.supplier_id,
        p1_0.unit,
        p1_0.unit_price,
        p1_0.updated_at 
    from
        products p1_0 
    where
        p1_0.id=?
2026-09-09 10:45:16 [http-nio-8080-exec-2] DEBUG org.hibernate.SQL - 
    select
        i1_0.purchase_order_id,
        i1_0.id,
        i1_0.product_id,
        i1_0.quantity,
        i1_0.subtotal,
        i1_0.unit_cost 
    from
        purchase_order_items i1_0 
    where
        i1_0.purchase_order_id=?
2026-09-09 10:45:16 [http-nio-8080-exec-1] DEBUG org.hibernate.SQL - 
    select
        sc1_0.id,
        sc1_0.category_id,
        sc1_0.created_at,
        sc1_0.name,
        sc1_0.updated_at 
    from
        sub_categories sc1_0 
    where
        sc1_0.id=?
2026-09-09 10:45:16 [http-nio-8080-exec-3] DEBUG org.hibernate.SQL - 
    select
        c1_0.id,
        c1_0.created_at,
        c1_0.description,
        c1_0.name,
        c1_0.updated_at 
    from
        categories c1_0 
    where
        c1_0.id=?
2026-09-09 10:45:16 [http-nio-8080-exec-4] DEBUG org.hibernate.SQL - 
    select
        sc1_0.id,
        sc1_0.category_id,
        sc1_0.created_at,
        sc1_0.name,
        sc1_0.updated_at 
    from
        sub_categories sc1_0 
    where
        sc1_0.id=?
2026-09-09 10:45:16 [http-nio-8080-exec-4] DEBUG org.hibernate.SQL - 
    select
        c1_0.id,
        c1_0.created_at,
        c1_0.description,
        c1_0.name,
        c1_0.updated_at 
    from
        categories c1_0 
    where
        c1_0.id=?
2026-09-09 10:45:16 [http-nio-8080-exec-3] DEBUG org.hibernate.SQL - 
    select
        p1_0.id,
        p1_0.active,
        p1_0.created_at,
        p1_0.name,
        p1_0.reorder_level,
        p1_0.sku,
        p1_0.sub_category_id,
        p1_0.supplier_id,
        p1_0.unit,
        p1_0.unit_price,
        p1_0.updated_at 
    from
        products p1_0 
    where
        p1_0.id=?
2026-09-09 10:45:16 [http-nio-8080-exec-1] DEBUG org.hibernate.SQL - 
    select
        c1_0.id,
        c1_0.created_at,
        c1_0.description,
        c1_0.name,
        c1_0.updated_at 
    from
        categories c1_0 
    where
        c1_0.id=?
2026-09-09 10:45:16 [http-nio-8080-exec-3] DEBUG org.hibernate.SQL - 
    select
        sc1_0.id,
        sc1_0.category_id,
        sc1_0.created_at,
        sc1_0.name,
        sc1_0.updated_at 
    from
        sub_categories sc1_0 
    where
        sc1_0.id=?
2026-09-09 10:45:16 [http-nio-8080-exec-2] DEBUG org.hibernate.SQL - 
    select
        p1_0.id,
        p1_0.active,
        p1_0.created_at,
        p1_0.name,
        p1_0.reorder_level,
        p1_0.sku,
        p1_0.sub_category_id,
        p1_0.supplier_id,
        p1_0.unit,
        p1_0.unit_price,
        p1_0.updated_at 
    from
        products p1_0 
    where
        p1_0.id=?
2026-09-09 10:45:16 [http-nio-8080-exec-1] DEBUG org.hibernate.SQL - 
    select
        sc1_0.id,
        sc1_0.category_id,
        sc1_0.created_at,
        sc1_0.name,
        sc1_0.updated_at 
    from
        sub_categories sc1_0 
    where
        sc1_0.id=?
2026-09-09 10:45:16 [http-nio-8080-exec-4] DEBUG org.hibernate.SQL - 
    select
        p1_0.sales_order_id,
        p1_0.id,
        p1_0.amount,
        p1_0.created_at,
        p1_0.method,
        p1_0.payment_date,
        p1_0.status,
        p1_0.updated_at 
    from
        payments p1_0 
    where
        p1_0.sales_order_id=?
2026-09-09 10:45:16 [http-nio-8080-exec-2] DEBUG org.hibernate.SQL - 
    select
        sc1_0.id,
        sc1_0.category_id,
        sc1_0.created_at,
        sc1_0.name,
        sc1_0.updated_at 
    from
        sub_categories sc1_0 
    where
        sc1_0.id=?
2026-09-09 10:45:16 [http-nio-8080-exec-3] DEBUG org.hibernate.SQL - 
    select
        p1_0.id,
        p1_0.active,
        p1_0.created_at,
        p1_0.name,
        p1_0.reorder_level,
        p1_0.sku,
        p1_0.sub_category_id,
        p1_0.supplier_id,
        p1_0.unit,
        p1_0.unit_price,
        p1_0.updated_at 
    from
        products p1_0 
    where
        p1_0.id=?
2026-09-09 10:45:16 [http-nio-8080-exec-2] DEBUG org.hibernate.SQL - 
    select
        c1_0.id,
        c1_0.created_at,
        c1_0.description,
        c1_0.name,
        c1_0.updated_at 
    from
        categories c1_0 
    where
        c1_0.id=?
2026-09-09 10:45:16 [http-nio-8080-exec-4] DEBUG org.hibernate.SQL - 
    select
        i1_0.sales_order_id,
        i1_0.id,
        i1_0.product_id,
        i1_0.quantity,
        i1_0.subtotal,
        i1_0.unit_price 
    from
        sales_order_items i1_0 
    where
        i1_0.sales_order_id=?
2026-09-09 10:45:16 [http-nio-8080-exec-3] DEBUG org.hibernate.SQL - 
    select
        sc1_0.id,
        sc1_0.category_id,
        sc1_0.created_at,
        sc1_0.name,
        sc1_0.updated_at 
    from
        sub_categories sc1_0 
    where
        sc1_0.id=?
2026-09-09 10:45:16 [http-nio-8080-exec-2] DEBUG org.hibernate.SQL - 
    select
        s1_0.id,
        s1_0.address,
        s1_0.contact_person,
        s1_0.created_at,
        s1_0.email,
        s1_0.name,
        s1_0.phone,
        s1_0.updated_at 
    from
        suppliers s1_0 
    where
        s1_0.id=?
2026-09-09 10:45:16 [http-nio-8080-exec-4] DEBUG org.hibernate.SQL - 
    select
        p1_0.sales_order_id,
        p1_0.id,
        p1_0.amount,
        p1_0.created_at,
        p1_0.method,
        p1_0.payment_date,
        p1_0.status,
        p1_0.updated_at 
    from
        payments p1_0 
    where
        p1_0.sales_order_id=?
2026-09-09 10:45:16 [http-nio-8080-exec-3] DEBUG org.hibernate.SQL - 
    select
        c1_0.id,
        c1_0.created_at,
        c1_0.description,
        c1_0.name,
        c1_0.updated_at 
    from
        categories c1_0 
    where
        c1_0.id=?
2026-09-09 10:45:16 [http-nio-8080-exec-2] DEBUG org.hibernate.SQL - 
    select
        i1_0.purchase_order_id,
        i1_0.id,
        i1_0.product_id,
        i1_0.quantity,
        i1_0.subtotal,
        i1_0.unit_cost 
    from
        purchase_order_items i1_0 
    where
        i1_0.purchase_order_id=?
2026-09-09 10:45:16 [http-nio-8080-exec-4] DEBUG org.hibernate.SQL - 
    select
        i1_0.sales_order_id,
        i1_0.id,
        i1_0.product_id,
        i1_0.quantity,
        i1_0.subtotal,
        i1_0.unit_price 
    from
        sales_order_items i1_0 
    where
        i1_0.sales_order_id=?
2026-09-09 10:45:16 [http-nio-8080-exec-3] DEBUG org.hibernate.SQL - 
    select
        s1_0.id,
        s1_0.address,
        s1_0.contact_person,
        s1_0.created_at,
        s1_0.email,
        s1_0.name,
        s1_0.phone,
        s1_0.updated_at 
    from
        suppliers s1_0 
    where
        s1_0.id=?
2026-09-09 10:45:16 [http-nio-8080-exec-2] DEBUG org.hibernate.SQL - 
    select
        p1_0.id,
        p1_0.active,
        p1_0.created_at,
        p1_0.name,
        p1_0.reorder_level,
        p1_0.sku,
        p1_0.sub_category_id,
        p1_0.supplier_id,
        p1_0.unit,
        p1_0.unit_price,
        p1_0.updated_at 
    from
        products p1_0 
    where
        p1_0.id=?
2026-09-09 10:45:16 [http-nio-8080-exec-4] DEBUG org.hibernate.SQL - 
    select
        p1_0.sales_order_id,
        p1_0.id,
        p1_0.amount,
        p1_0.created_at,
        p1_0.method,
        p1_0.payment_date,
        p1_0.status,
        p1_0.updated_at 
    from
        payments p1_0 
    where
        p1_0.sales_order_id=?
2026-09-09 10:45:16 [http-nio-8080-exec-3] DEBUG org.hibernate.SQL - 
    select
        p1_0.id,
        p1_0.active,
        p1_0.created_at,
        p1_0.name,
        p1_0.reorder_level,
        p1_0.sku,
        p1_0.sub_category_id,
        p1_0.supplier_id,
        p1_0.unit,
        p1_0.unit_price,
        p1_0.updated_at 
    from
        products p1_0 
    where
        p1_0.id=?
2026-09-09 10:45:16 [http-nio-8080-exec-4] DEBUG org.hibernate.SQL - 
    select
        i1_0.sales_order_id,
        i1_0.id,
        i1_0.product_id,
        i1_0.quantity,
        i1_0.subtotal,
        i1_0.unit_price 
    from
        sales_order_items i1_0 
    where
        i1_0.sales_order_id=?
2026-09-09 10:45:16 [http-nio-8080-exec-2] DEBUG org.hibernate.SQL - 
    select
        sc1_0.id,
        sc1_0.category_id,
        sc1_0.created_at,
        sc1_0.name,
        sc1_0.updated_at 
    from
        sub_categories sc1_0 
    where
        sc1_0.id=?
2026-09-09 10:45:16 [http-nio-8080-exec-3] DEBUG org.hibernate.SQL - 
    select
        p1_0.id,
        p1_0.active,
        p1_0.created_at,
        p1_0.name,
        p1_0.reorder_level,
        p1_0.sku,
        p1_0.sub_category_id,
        p1_0.supplier_id,
        p1_0.unit,
        p1_0.unit_price,
        p1_0.updated_at 
    from
        products p1_0 
    where
        p1_0.id=?
2026-09-09 10:45:16 [http-nio-8080-exec-3] DEBUG org.hibernate.SQL - 
    select
        sc1_0.id,
        sc1_0.category_id,
        sc1_0.created_at,
        sc1_0.name,
        sc1_0.updated_at 
    from
        sub_categories sc1_0 
    where
        sc1_0.id=?
2026-09-09 10:45:16 [http-nio-8080-exec-2] DEBUG org.hibernate.SQL - 
    select
        c1_0.id,
        c1_0.created_at,
        c1_0.description,
        c1_0.name,
        c1_0.updated_at 
    from
        categories c1_0 
    where
        c1_0.id=?
2026-09-09 10:45:16 [http-nio-8080-exec-4] DEBUG org.hibernate.SQL - 
    select
        p1_0.sales_order_id,
        p1_0.id,
        p1_0.amount,
        p1_0.created_at,
        p1_0.method,
        p1_0.payment_date,
        p1_0.status,
        p1_0.updated_at 
    from
        payments p1_0 
    where
        p1_0.sales_order_id=?
2026-09-09 10:45:16 [http-nio-8080-exec-4] DEBUG org.hibernate.SQL - 
    select
        c1_0.id,
        c1_0.address,
        c1_0.created_at,
        c1_0.email,
        c1_0.loyalty_points,
        c1_0.name,
        c1_0.phone,
        c1_0.updated_at 
    from
        customers c1_0 
    where
        c1_0.id=?
2026-09-09 10:45:16 [http-nio-8080-exec-2] DEBUG org.hibernate.SQL - 
    select
        i1_0.purchase_order_id,
        i1_0.id,
        i1_0.product_id,
        i1_0.quantity,
        i1_0.subtotal,
        i1_0.unit_cost 
    from
        purchase_order_items i1_0 
    where
        i1_0.purchase_order_id=?
2026-09-09 10:45:16 [http-nio-8080-exec-3] DEBUG org.hibernate.SQL - 
    select
        p1_0.id,
        p1_0.active,
        p1_0.created_at,
        p1_0.name,
        p1_0.reorder_level,
        p1_0.sku,
        p1_0.sub_category_id,
        p1_0.supplier_id,
        p1_0.unit,
        p1_0.unit_price,
        p1_0.updated_at 
    from
        products p1_0 
    where
        p1_0.id=?
2026-09-09 10:45:16 [http-nio-8080-exec-2] DEBUG org.hibernate.SQL - 
    select
        i1_0.purchase_order_id,
        i1_0.id,
        i1_0.product_id,
        i1_0.quantity,
        i1_0.subtotal,
        i1_0.unit_cost 
    from
        purchase_order_items i1_0 
    where
        i1_0.purchase_order_id=?
2026-09-09 10:45:16 [http-nio-8080-exec-4] DEBUG org.hibernate.SQL - 
    select
        i1_0.sales_order_id,
        i1_0.id,
        i1_0.product_id,
        i1_0.quantity,
        i1_0.subtotal,
        i1_0.unit_price 
    from
        sales_order_items i1_0 
    where
        i1_0.sales_order_id=?
2026-09-09 10:45:16 [http-nio-8080-exec-3] DEBUG org.hibernate.SQL - 
    select
        sc1_0.id,
        sc1_0.category_id,
        sc1_0.created_at,
        sc1_0.name,
        sc1_0.updated_at 
    from
        sub_categories sc1_0 
    where
        sc1_0.id=?
2026-09-09 10:45:16 [http-nio-8080-exec-2] DEBUG org.hibernate.SQL - 
    select
        i1_0.purchase_order_id,
        i1_0.id,
        i1_0.product_id,
        i1_0.quantity,
        i1_0.subtotal,
        i1_0.unit_cost 
    from
        purchase_order_items i1_0 
    where
        i1_0.purchase_order_id=?
2026-09-09 10:45:16 [http-nio-8080-exec-3] DEBUG org.hibernate.SQL - 
    select
        c1_0.id,
        c1_0.created_at,
        c1_0.description,
        c1_0.name,
        c1_0.updated_at 
    from
        categories c1_0 
    where
        c1_0.id=?
2026-09-09 10:45:16 [http-nio-8080-exec-4] DEBUG org.hibernate.SQL - 
    select
        p1_0.sales_order_id,
        p1_0.id,
        p1_0.amount,
        p1_0.created_at,
        p1_0.method,
        p1_0.payment_date,
        p1_0.status,
        p1_0.updated_at 
    from
        payments p1_0 
    where
        p1_0.sales_order_id=?
2026-09-09 10:45:16 [http-nio-8080-exec-4] DEBUG org.hibernate.SQL - 
    select
        i1_0.sales_order_id,
        i1_0.id,
        i1_0.product_id,
        i1_0.quantity,
        i1_0.subtotal,
        i1_0.unit_price 
    from
        sales_order_items i1_0 
    where
        i1_0.sales_order_id=?
2026-09-09 10:45:16 [http-nio-8080-exec-2] DEBUG org.hibernate.SQL - 
    select
        p1_0.id,
        p1_0.active,
        p1_0.created_at,
        p1_0.name,
        p1_0.reorder_level,
        p1_0.sku,
        p1_0.sub_category_id,
        p1_0.supplier_id,
        p1_0.unit,
        p1_0.unit_price,
        p1_0.updated_at 
    from
        products p1_0 
    where
        p1_0.id=?
2026-09-09 10:45:16 [http-nio-8080-exec-2] DEBUG org.hibernate.SQL - 
    select
        sc1_0.id,
        sc1_0.category_id,
        sc1_0.created_at,
        sc1_0.name,
        sc1_0.updated_at 
    from
        sub_categories sc1_0 
    where
        sc1_0.id=?
2026-09-09 10:45:16 [http-nio-8080-exec-4] DEBUG org.hibernate.SQL - 
    select
        p1_0.sales_order_id,
        p1_0.id,
        p1_0.amount,
        p1_0.created_at,
        p1_0.method,
        p1_0.payment_date,
        p1_0.status,
        p1_0.updated_at 
    from
        payments p1_0 
    where
        p1_0.sales_order_id=?
2026-09-09 10:45:16 [http-nio-8080-exec-4] DEBUG org.hibernate.SQL - 
    select
        i1_0.sales_order_id,
        i1_0.id,
        i1_0.product_id,
        i1_0.quantity,
        i1_0.subtotal,
        i1_0.unit_price 
    from
        sales_order_items i1_0 
    where
        i1_0.sales_order_id=?
2026-09-09 10:45:16 [http-nio-8080-exec-2] DEBUG org.hibernate.SQL - 
    select
        c1_0.id,
        c1_0.created_at,
        c1_0.description,
        c1_0.name,
        c1_0.updated_at 
    from
        categories c1_0 
    where
        c1_0.id=?
2026-09-09 10:45:16 [http-nio-8080-exec-2] DEBUG org.hibernate.SQL - 
    select
        s1_0.id,
        s1_0.address,
        s1_0.contact_person,
        s1_0.created_at,
        s1_0.email,
        s1_0.name,
        s1_0.phone,
        s1_0.updated_at 
    from
        suppliers s1_0 
    where
        s1_0.id=?
2026-09-09 10:45:16 [http-nio-8080-exec-4] DEBUG org.hibernate.SQL - 
    select
        p1_0.sales_order_id,
        p1_0.id,
        p1_0.amount,
        p1_0.created_at,
        p1_0.method,
        p1_0.payment_date,
        p1_0.status,
        p1_0.updated_at 
    from
        payments p1_0 
    where
        p1_0.sales_order_id=?
2026-09-09 10:45:16 [http-nio-8080-exec-4] DEBUG org.hibernate.SQL - 
    select
        i1_0.sales_order_id,
        i1_0.id,
        i1_0.product_id,
        i1_0.quantity,
        i1_0.subtotal,
        i1_0.unit_price 
    from
        sales_order_items i1_0 
    where
        i1_0.sales_order_id=?
2026-09-09 10:45:16 [http-nio-8080-exec-4] DEBUG org.hibernate.SQL - 
    select
        p1_0.sales_order_id,
        p1_0.id,
        p1_0.amount,
        p1_0.created_at,
        p1_0.method,
        p1_0.payment_date,
        p1_0.status,
        p1_0.updated_at 
    from
        payments p1_0 
    where
        p1_0.sales_order_id=?
2026-09-09 10:45:16 [http-nio-8080-exec-4] DEBUG org.hibernate.SQL - 
    select
        i1_0.sales_order_id,
        i1_0.id,
        i1_0.product_id,
        i1_0.quantity,
        i1_0.subtotal,
        i1_0.unit_price 
    from
        sales_order_items i1_0 
    where
        i1_0.sales_order_id=?
2026-09-09 10:45:16 [http-nio-8080-exec-4] DEBUG org.hibernate.SQL - 
    select
        p1_0.sales_order_id,
        p1_0.id,
        p1_0.amount,
        p1_0.created_at,
        p1_0.method,
        p1_0.payment_date,
        p1_0.status,
        p1_0.updated_at 
    from
        payments p1_0 
    where
        p1_0.sales_order_id=?
2026-09-09 10:45:16 [http-nio-8080-exec-4] DEBUG org.hibernate.SQL - 
    select
        i1_0.sales_order_id,
        i1_0.id,
        i1_0.product_id,
        i1_0.quantity,
        i1_0.subtotal,
        i1_0.unit_price 
    from
        sales_order_items i1_0 
    where
        i1_0.sales_order_id=?
2026-09-09 10:45:16 [http-nio-8080-exec-4] DEBUG org.hibernate.SQL - 
    select
        p1_0.sales_order_id,
        p1_0.id,
        p1_0.amount,
        p1_0.created_at,
        p1_0.method,
        p1_0.payment_date,
        p1_0.status,
        p1_0.updated_at 
    from
        payments p1_0 
    where
        p1_0.sales_order_id=?
2026-09-09 10:45:16 [http-nio-8080-exec-4] DEBUG org.hibernate.SQL - 
    select
        u1_0.id,
        b1_0.id,
        b1_0.active,
        b1_0.address,
        b1_0.created_at,
        b1_0.name,
        b1_0.phone,
        b1_0.updated_at,
        u1_0.created_at,
        u1_0.email,
        u1_0.enabled,
        u1_0.full_name,
        u1_0.password,
        u1_0.phone,
        u1_0.role_id,
        r1_0.id,
        r1_0.description,
        r1_0.name,
        u1_0.updated_at,
        u1_0.username 
    from
        users u1_0 
    left join
        branches b1_0 
            on b1_0.id=u1_0.branch_id 
    join
        roles r1_0 
            on r1_0.id=u1_0.role_id 
    where
        u1_0.id=?
2026-09-09 10:45:16 [http-nio-8080-exec-4] DEBUG org.hibernate.SQL - 
    select
        i1_0.sales_order_id,
        i1_0.id,
        i1_0.product_id,
        i1_0.quantity,
        i1_0.subtotal,
        i1_0.unit_price 
    from
        sales_order_items i1_0 
    where
        i1_0.sales_order_id=?
2026-09-09 10:45:16 [http-nio-8080-exec-4] DEBUG org.hibernate.SQL - 
    select
        p1_0.id,
        p1_0.active,
        p1_0.created_at,
        p1_0.name,
        p1_0.reorder_level,
        p1_0.sku,
        p1_0.sub_category_id,
        p1_0.supplier_id,
        p1_0.unit,
        p1_0.unit_price,
        p1_0.updated_at 
    from
        products p1_0 
    where
        p1_0.id=?
2026-09-09 10:45:16 [http-nio-8080-exec-4] DEBUG org.hibernate.SQL - 
    select
        sc1_0.id,
        sc1_0.category_id,
        sc1_0.created_at,
        sc1_0.name,
        sc1_0.updated_at 
    from
        sub_categories sc1_0 
    where
        sc1_0.id=?
2026-09-09 10:45:16 [http-nio-8080-exec-4] DEBUG org.hibernate.SQL - 
    select
        c1_0.id,
        c1_0.created_at,
        c1_0.description,
        c1_0.name,
        c1_0.updated_at 
    from
        categories c1_0 
    where
        c1_0.id=?
2026-09-09 10:45:16 [http-nio-8080-exec-4] DEBUG org.hibernate.SQL - 
    select
        p1_0.sales_order_id,
        p1_0.id,
        p1_0.amount,
        p1_0.created_at,
        p1_0.method,
        p1_0.payment_date,
        p1_0.status,
        p1_0.updated_at 
    from
        payments p1_0 
    where
        p1_0.sales_order_id=?
2026-09-09 10:45:16 [http-nio-8080-exec-4] DEBUG org.hibernate.SQL - 
    select
        i1_0.sales_order_id,
        i1_0.id,
        i1_0.product_id,
        i1_0.quantity,
        i1_0.subtotal,
        i1_0.unit_price 
    from
        sales_order_items i1_0 
    where
        i1_0.sales_order_id=?
2026-09-09 10:45:16 [http-nio-8080-exec-4] DEBUG org.hibernate.SQL - 
    select
        p1_0.sales_order_id,
        p1_0.id,
        p1_0.amount,
        p1_0.created_at,
        p1_0.method,
        p1_0.payment_date,
        p1_0.status,
        p1_0.updated_at 
    from
        payments p1_0 
    where
        p1_0.sales_order_id=?
2026-09-09 10:45:16 [http-nio-8080-exec-4] DEBUG org.hibernate.SQL - 
    select
        c1_0.id,
        c1_0.address,
        c1_0.created_at,
        c1_0.email,
        c1_0.loyalty_points,
        c1_0.name,
        c1_0.phone,
        c1_0.updated_at 
    from
        customers c1_0 
    where
        c1_0.id=?
2026-09-09 10:45:16 [http-nio-8080-exec-4] DEBUG org.hibernate.SQL - 
    select
        i1_0.sales_order_id,
        i1_0.id,
        i1_0.product_id,
        i1_0.quantity,
        i1_0.subtotal,
        i1_0.unit_price 
    from
        sales_order_items i1_0 
    where
        i1_0.sales_order_id=?
2026-09-09 10:45:16 [http-nio-8080-exec-4] DEBUG org.hibernate.SQL - 
    select
        p1_0.id,
        p1_0.active,
        p1_0.created_at,
        p1_0.name,
        p1_0.reorder_level,
        p1_0.sku,
        p1_0.sub_category_id,
        p1_0.supplier_id,
        p1_0.unit,
        p1_0.unit_price,
        p1_0.updated_at 
    from
        products p1_0 
    where
        p1_0.id=?
2026-09-09 10:45:16 [http-nio-8080-exec-4] DEBUG org.hibernate.SQL - 
    select
        sc1_0.id,
        sc1_0.category_id,
        sc1_0.created_at,
        sc1_0.name,
        sc1_0.updated_at 
    from
        sub_categories sc1_0 
    where
        sc1_0.id=?
2026-09-09 10:45:16 [http-nio-8080-exec-4] DEBUG org.hibernate.SQL - 
    select
        c1_0.id,
        c1_0.created_at,
        c1_0.description,
        c1_0.name,
        c1_0.updated_at 
    from
        categories c1_0 
    where
        c1_0.id=?
2026-09-09 10:45:16 [http-nio-8080-exec-4] DEBUG org.hibernate.SQL - 
    select
        p1_0.id,
        p1_0.active,
        p1_0.created_at,
        p1_0.name,
        p1_0.reorder_level,
        p1_0.sku,
        p1_0.sub_category_id,
        p1_0.supplier_id,
        p1_0.unit,
        p1_0.unit_price,
        p1_0.updated_at 
    from
        products p1_0 
    where
        p1_0.id=?
2026-09-09 10:45:16 [http-nio-8080-exec-4] DEBUG org.hibernate.SQL - 
    select
        s1_0.id,
        s1_0.address,
        s1_0.contact_person,
        s1_0.created_at,
        s1_0.email,
        s1_0.name,
        s1_0.phone,
        s1_0.updated_at 
    from
        suppliers s1_0 
    where
        s1_0.id=?
2026-09-09 10:45:16 [http-nio-8080-exec-4] DEBUG org.hibernate.SQL - 
    select
        p1_0.sales_order_id,
        p1_0.id,
        p1_0.amount,
        p1_0.created_at,
        p1_0.method,
        p1_0.payment_date,
        p1_0.status,
        p1_0.updated_at 
    from
        payments p1_0 
    where
        p1_0.sales_order_id=?
2026-09-09 10:45:16 [http-nio-8080-exec-4] DEBUG org.hibernate.SQL - 
    select
        i1_0.sales_order_id,
        i1_0.id,
        i1_0.product_id,
        i1_0.quantity,
        i1_0.subtotal,
        i1_0.unit_price 
    from
        sales_order_items i1_0 
    where
        i1_0.sales_order_id=?
2026-09-09 10:45:16 [http-nio-8080-exec-4] DEBUG org.hibernate.SQL - 
    select
        p1_0.sales_order_id,
        p1_0.id,
        p1_0.amount,
        p1_0.created_at,
        p1_0.method,
        p1_0.payment_date,
        p1_0.status,
        p1_0.updated_at 
    from
        payments p1_0 
    where
        p1_0.sales_order_id=?
2026-09-09 10:45:16 [http-nio-8080-exec-4] DEBUG org.hibernate.SQL - 
    select
        i1_0.sales_order_id,
        i1_0.id,
        i1_0.product_id,
        i1_0.quantity,
        i1_0.subtotal,
        i1_0.unit_price 
    from
        sales_order_items i1_0 
    where
        i1_0.sales_order_id=?
2026-09-09 10:45:16 [http-nio-8080-exec-4] DEBUG org.hibernate.SQL - 
    select
        p1_0.id,
        p1_0.active,
        p1_0.created_at,
        p1_0.name,
        p1_0.reorder_level,
        p1_0.sku,
        p1_0.sub_category_id,
        p1_0.supplier_id,
        p1_0.unit,
        p1_0.unit_price,
        p1_0.updated_at 
    from
        products p1_0 
    where
        p1_0.id=?
2026-09-09 10:45:16 [http-nio-8080-exec-4] DEBUG org.hibernate.SQL - 
    select
        sc1_0.id,
        sc1_0.category_id,
        sc1_0.created_at,
        sc1_0.name,
        sc1_0.updated_at 
    from
        sub_categories sc1_0 
    where
        sc1_0.id=?
2026-09-09 10:45:16 [http-nio-8080-exec-4] DEBUG org.hibernate.SQL - 
    select
        c1_0.id,
        c1_0.created_at,
        c1_0.description,
        c1_0.name,
        c1_0.updated_at 
    from
        categories c1_0 
    where
        c1_0.id=?
2026-09-09 10:45:16 [http-nio-8080-exec-4] DEBUG org.hibernate.SQL - 
    select
        p1_0.sales_order_id,
        p1_0.id,
        p1_0.amount,
        p1_0.created_at,
        p1_0.method,
        p1_0.payment_date,
        p1_0.status,
        p1_0.updated_at 
    from
        payments p1_0 
    where
        p1_0.sales_order_id=?
2026-09-09 10:45:16 [http-nio-8080-exec-4] DEBUG org.hibernate.SQL - 
    select
        i1_0.sales_order_id,
        i1_0.id,
        i1_0.product_id,
        i1_0.quantity,
        i1_0.subtotal,
        i1_0.unit_price 
    from
        sales_order_items i1_0 
    where
        i1_0.sales_order_id=?
2026-09-09 10:45:16 [http-nio-8080-exec-4] DEBUG org.hibernate.SQL - 
    select
        p1_0.sales_order_id,
        p1_0.id,
        p1_0.amount,
        p1_0.created_at,
        p1_0.method,
        p1_0.payment_date,
        p1_0.status,
        p1_0.updated_at 
    from
        payments p1_0 
    where
        p1_0.sales_order_id=?
2026-09-09 10:45:16 [http-nio-8080-exec-4] DEBUG org.hibernate.SQL - 
    select
        i1_0.sales_order_id,
        i1_0.id,
        i1_0.product_id,
        i1_0.quantity,
        i1_0.subtotal,
        i1_0.unit_price 
    from
        sales_order_items i1_0 
    where
        i1_0.sales_order_id=?
2026-09-09 10:45:16 [http-nio-8080-exec-4] DEBUG org.hibernate.SQL - 
    select
        p1_0.id,
        p1_0.active,
        p1_0.created_at,
        p1_0.name,
        p1_0.reorder_level,
        p1_0.sku,
        p1_0.sub_category_id,
        p1_0.supplier_id,
        p1_0.unit,
        p1_0.unit_price,
        p1_0.updated_at 
    from
        products p1_0 
    where
        p1_0.id=?
2026-09-09 10:45:16 [http-nio-8080-exec-4] DEBUG org.hibernate.SQL - 
    select
        sc1_0.id,
        sc1_0.category_id,
        sc1_0.created_at,
        sc1_0.name,
        sc1_0.updated_at 
    from
        sub_categories sc1_0 
    where
        sc1_0.id=?
2026-09-09 10:45:16 [http-nio-8080-exec-4] DEBUG org.hibernate.SQL - 
    select
        p1_0.sales_order_id,
        p1_0.id,
        p1_0.amount,
        p1_0.created_at,
        p1_0.method,
        p1_0.payment_date,
        p1_0.status,
        p1_0.updated_at 
    from
        payments p1_0 
    where
        p1_0.sales_order_id=?
2026-09-09 10:45:16 [http-nio-8080-exec-4] DEBUG org.hibernate.SQL - 
    select
        i1_0.sales_order_id,
        i1_0.id,
        i1_0.product_id,
        i1_0.quantity,
        i1_0.subtotal,
        i1_0.unit_price 
    from
        sales_order_items i1_0 
    where
        i1_0.sales_order_id=?
2026-09-09 10:45:16 [http-nio-8080-exec-4] DEBUG org.hibernate.SQL - 
    select
        p1_0.id,
        p1_0.active,
        p1_0.created_at,
        p1_0.name,
        p1_0.reorder_level,
        p1_0.sku,
        p1_0.sub_category_id,
        p1_0.supplier_id,
        p1_0.unit,
        p1_0.unit_price,
        p1_0.updated_at 
    from
        products p1_0 
    where
        p1_0.id=?
2026-09-09 10:45:16 [http-nio-8080-exec-4] DEBUG org.hibernate.SQL - 
    select
        p1_0.sales_order_id,
        p1_0.id,
        p1_0.amount,
        p1_0.created_at,
        p1_0.method,
        p1_0.payment_date,
        p1_0.status,
        p1_0.updated_at 
    from
        payments p1_0 
    where
        p1_0.sales_order_id=?
2026-09-09 10:45:16 [http-nio-8080-exec-4] DEBUG org.hibernate.SQL - 
    select
        c1_0.id,
        c1_0.address,
        c1_0.created_at,
        c1_0.email,
        c1_0.loyalty_points,
        c1_0.name,
        c1_0.phone,
        c1_0.updated_at 
    from
        customers c1_0 
    where
        c1_0.id=?
2026-09-09 10:45:16 [http-nio-8080-exec-4] DEBUG org.hibernate.SQL - 
    select
        i1_0.sales_order_id,
        i1_0.id,
        i1_0.product_id,
        i1_0.quantity,
        i1_0.subtotal,
        i1_0.unit_price 
    from
        sales_order_items i1_0 
    where
        i1_0.sales_order_id=?
2026-09-09 10:45:16 [http-nio-8080-exec-4] DEBUG org.hibernate.SQL - 
    select
        p1_0.id,
        p1_0.active,
        p1_0.created_at,
        p1_0.name,
        p1_0.reorder_level,
        p1_0.sku,
        p1_0.sub_category_id,
        p1_0.supplier_id,
        p1_0.unit,
        p1_0.unit_price,
        p1_0.updated_at 
    from
        products p1_0 
    where
        p1_0.id=?
2026-09-09 10:45:16 [http-nio-8080-exec-4] DEBUG org.hibernate.SQL - 
    select
        sc1_0.id,
        sc1_0.category_id,
        sc1_0.created_at,
        sc1_0.name,
        sc1_0.updated_at 
    from
        sub_categories sc1_0 
    where
        sc1_0.id=?
2026-09-09 10:45:16 [http-nio-8080-exec-4] DEBUG org.hibernate.SQL - 
    select
        c1_0.id,
        c1_0.created_at,
        c1_0.description,
        c1_0.name,
        c1_0.updated_at 
    from
        categories c1_0 
    where
        c1_0.id=?
2026-09-09 10:45:16 [http-nio-8080-exec-4] DEBUG org.hibernate.SQL - 
    select
        s1_0.id,
        s1_0.address,
        s1_0.contact_person,
        s1_0.created_at,
        s1_0.email,
        s1_0.name,
        s1_0.phone,
        s1_0.updated_at 
    from
        suppliers s1_0 
    where
        s1_0.id=?
2026-09-09 10:45:16 [http-nio-8080-exec-4] DEBUG org.hibernate.SQL - 
    select
        p1_0.sales_order_id,
        p1_0.id,
        p1_0.amount,
        p1_0.created_at,
        p1_0.method,
        p1_0.payment_date,
        p1_0.status,
        p1_0.updated_at 
    from
        payments p1_0 
    where
        p1_0.sales_order_id=?
2026-09-09 10:45:16 [http-nio-8080-exec-4] DEBUG org.hibernate.SQL - 
    select
        c1_0.id,
        c1_0.address,
        c1_0.created_at,
        c1_0.email,
        c1_0.loyalty_points,
        c1_0.name,
        c1_0.phone,
        c1_0.updated_at 
    from
        customers c1_0 
    where
        c1_0.id=?
2026-09-09 10:45:16 [http-nio-8080-exec-4] DEBUG org.hibernate.SQL - 
    select
        i1_0.sales_order_id,
        i1_0.id,
        i1_0.product_id,
        i1_0.quantity,
        i1_0.subtotal,
        i1_0.unit_price 
    from
        sales_order_items i1_0 
    where
        i1_0.sales_order_id=?
2026-09-09 10:45:16 [http-nio-8080-exec-4] DEBUG org.hibernate.SQL - 
    select
        p1_0.id,
        p1_0.active,
        p1_0.created_at,
        p1_0.name,
        p1_0.reorder_level,
        p1_0.sku,
        p1_0.sub_category_id,
        p1_0.supplier_id,
        p1_0.unit,
        p1_0.unit_price,
        p1_0.updated_at 
    from
        products p1_0 
    where
        p1_0.id=?
2026-09-09 10:45:16 [http-nio-8080-exec-4] DEBUG org.hibernate.SQL - 
    select
        sc1_0.id,
        sc1_0.category_id,
        sc1_0.created_at,
        sc1_0.name,
        sc1_0.updated_at 
    from
        sub_categories sc1_0 
    where
        sc1_0.id=?
2026-09-09 10:45:16 [http-nio-8080-exec-4] DEBUG org.hibernate.SQL - 
    select
        c1_0.id,
        c1_0.created_at,
        c1_0.description,
        c1_0.name,
        c1_0.updated_at 
    from
        categories c1_0 
    where
        c1_0.id=?
2026-09-09 10:45:16 [http-nio-8080-exec-4] DEBUG org.hibernate.SQL - 
    select
        p1_0.sales_order_id,
        p1_0.id,
        p1_0.amount,
        p1_0.created_at,
        p1_0.method,
        p1_0.payment_date,
        p1_0.status,
        p1_0.updated_at 
    from
        payments p1_0 
    where
        p1_0.sales_order_id=?
2026-09-09 10:45:16 [http-nio-8080-exec-4] DEBUG org.hibernate.SQL - 
    select
        c1_0.id,
        c1_0.address,
        c1_0.created_at,
        c1_0.email,
        c1_0.loyalty_points,
        c1_0.name,
        c1_0.phone,
        c1_0.updated_at 
    from
        customers c1_0 
    where
        c1_0.id=?
2026-09-09 10:45:16 [http-nio-8080-exec-4] DEBUG org.hibernate.SQL - 
    select
        i1_0.sales_order_id,
        i1_0.id,
        i1_0.product_id,
        i1_0.quantity,
        i1_0.subtotal,
        i1_0.unit_price 
    from
        sales_order_items i1_0 
    where
        i1_0.sales_order_id=?
2026-09-09 10:45:16 [http-nio-8080-exec-4] DEBUG org.hibernate.SQL - 
    select
        p1_0.sales_order_id,
        p1_0.id,
        p1_0.amount,
        p1_0.created_at,
        p1_0.method,
        p1_0.payment_date,
        p1_0.status,
        p1_0.updated_at 
    from
        payments p1_0 
    where
        p1_0.sales_order_id=?
2026-09-09 10:45:25 [http-nio-8080-exec-6] DEBUG org.hibernate.SQL - 
    select
        u1_0.id,
        u1_0.branch_id,
        u1_0.created_at,
        u1_0.email,
        u1_0.enabled,
        u1_0.full_name,
        u1_0.password,
        u1_0.phone,
        u1_0.role_id,
        u1_0.updated_at,
        u1_0.username 
    from
        users u1_0 
    where
        u1_0.username=?
2026-09-09 10:45:25 [http-nio-8080-exec-6] DEBUG org.hibernate.SQL - 
    select
        b1_0.id,
        b1_0.active,
        b1_0.address,
        b1_0.created_at,
        b1_0.name,
        b1_0.phone,
        b1_0.updated_at 
    from
        branches b1_0 
    where
        b1_0.id=?
2026-09-09 10:45:25 [http-nio-8080-exec-6] DEBUG org.hibernate.SQL - 
    select
        r1_0.id,
        r1_0.description,
        r1_0.name 
    from
        roles r1_0 
    where
        r1_0.id=?
2026-09-09 10:45:25 [http-nio-8080-exec-6] DEBUG org.hibernate.SQL - 
    select
        u1_0.id,
        b1_0.id,
        b1_0.active,
        b1_0.address,
        b1_0.created_at,
        b1_0.name,
        b1_0.phone,
        b1_0.updated_at,
        u1_0.created_at,
        u1_0.email,
        u1_0.enabled,
        u1_0.full_name,
        u1_0.password,
        u1_0.phone,
        u1_0.role_id,
        r1_0.id,
        r1_0.description,
        r1_0.name,
        u1_0.updated_at,
        u1_0.username 
    from
        users u1_0 
    left join
        branches b1_0 
            on b1_0.id=u1_0.branch_id 
    join
        roles r1_0 
            on r1_0.id=u1_0.role_id 
    where
        u1_0.id=?
2026-09-09 10:45:25 [http-nio-8080-exec-10] DEBUG org.hibernate.SQL - 
    select
        u1_0.id,
        u1_0.branch_id,
        u1_0.created_at,
        u1_0.email,
        u1_0.enabled,
        u1_0.full_name,
        u1_0.password,
        u1_0.phone,
        u1_0.role_id,
        u1_0.updated_at,
        u1_0.username 
    from
        users u1_0 
    where
        u1_0.username=?
2026-09-09 10:45:25 [http-nio-8080-exec-10] DEBUG org.hibernate.SQL - 
    select
        b1_0.id,
        b1_0.active,
        b1_0.address,
        b1_0.created_at,
        b1_0.name,
        b1_0.phone,
        b1_0.updated_at 
    from
        branches b1_0 
    where
        b1_0.id=?
2026-09-09 10:45:25 [http-nio-8080-exec-10] DEBUG org.hibernate.SQL - 
    select
        r1_0.id,
        r1_0.description,
        r1_0.name 
    from
        roles r1_0 
    where
        r1_0.id=?
2026-09-09 10:45:25 [http-nio-8080-exec-10] DEBUG org.hibernate.SQL - 
    select
        b1_0.id,
        b1_0.active,
        b1_0.address,
        b1_0.created_at,
        b1_0.name,
        b1_0.phone,
        b1_0.updated_at 
    from
        branches b1_0
2026-09-09 10:45:25 [http-nio-8080-exec-4] DEBUG org.hibernate.SQL - 
    select
        u1_0.id,
        u1_0.branch_id,
        u1_0.created_at,
        u1_0.email,
        u1_0.enabled,
        u1_0.full_name,
        u1_0.password,
        u1_0.phone,
        u1_0.role_id,
        u1_0.updated_at,
        u1_0.username 
    from
        users u1_0 
    where
        u1_0.username=?
2026-09-09 10:45:25 [http-nio-8080-exec-7] DEBUG org.hibernate.SQL - 
    select
        u1_0.id,
        u1_0.branch_id,
        u1_0.created_at,
        u1_0.email,
        u1_0.enabled,
        u1_0.full_name,
        u1_0.password,
        u1_0.phone,
        u1_0.role_id,
        u1_0.updated_at,
        u1_0.username 
    from
        users u1_0 
    where
        u1_0.username=?
2026-09-09 10:45:25 [http-nio-8080-exec-6] DEBUG org.hibernate.SQL - 
    select
        u1_0.id,
        u1_0.branch_id,
        u1_0.created_at,
        u1_0.email,
        u1_0.enabled,
        u1_0.full_name,
        u1_0.password,
        u1_0.phone,
        u1_0.role_id,
        u1_0.updated_at,
        u1_0.username 
    from
        users u1_0 
    where
        u1_0.username=?
2026-09-09 10:45:25 [http-nio-8080-exec-5] DEBUG org.hibernate.SQL - 
    select
        u1_0.id,
        u1_0.branch_id,
        u1_0.created_at,
        u1_0.email,
        u1_0.enabled,
        u1_0.full_name,
        u1_0.password,
        u1_0.phone,
        u1_0.role_id,
        u1_0.updated_at,
        u1_0.username 
    from
        users u1_0 
    where
        u1_0.username=?
2026-09-09 10:45:25 [http-nio-8080-exec-10] DEBUG org.hibernate.SQL - 
    select
        u1_0.id,
        u1_0.branch_id,
        u1_0.created_at,
        u1_0.email,
        u1_0.enabled,
        u1_0.full_name,
        u1_0.password,
        u1_0.phone,
        u1_0.role_id,
        u1_0.updated_at,
        u1_0.username 
    from
        users u1_0 
    where
        u1_0.username=?
2026-09-09 10:45:25 [http-nio-8080-exec-7] DEBUG org.hibernate.SQL - 
    select
        b1_0.id,
        b1_0.active,
        b1_0.address,
        b1_0.created_at,
        b1_0.name,
        b1_0.phone,
        b1_0.updated_at 
    from
        branches b1_0 
    where
        b1_0.id=?
2026-09-09 10:45:25 [http-nio-8080-exec-4] DEBUG org.hibernate.SQL - 
    select
        b1_0.id,
        b1_0.active,
        b1_0.address,
        b1_0.created_at,
        b1_0.name,
        b1_0.phone,
        b1_0.updated_at 
    from
        branches b1_0 
    where
        b1_0.id=?
2026-09-09 10:45:25 [http-nio-8080-exec-5] DEBUG org.hibernate.SQL - 
    select
        b1_0.id,
        b1_0.active,
        b1_0.address,
        b1_0.created_at,
        b1_0.name,
        b1_0.phone,
        b1_0.updated_at 
    from
        branches b1_0 
    where
        b1_0.id=?
2026-09-09 10:45:25 [http-nio-8080-exec-7] DEBUG org.hibernate.SQL - 
    select
        r1_0.id,
        r1_0.description,
        r1_0.name 
    from
        roles r1_0 
    where
        r1_0.id=?
2026-09-09 10:45:25 [http-nio-8080-exec-6] DEBUG org.hibernate.SQL - 
    select
        b1_0.id,
        b1_0.active,
        b1_0.address,
        b1_0.created_at,
        b1_0.name,
        b1_0.phone,
        b1_0.updated_at 
    from
        branches b1_0 
    where
        b1_0.id=?
2026-09-09 10:45:25 [http-nio-8080-exec-5] DEBUG org.hibernate.SQL - 
    select
        r1_0.id,
        r1_0.description,
        r1_0.name 
    from
        roles r1_0 
    where
        r1_0.id=?
2026-09-09 10:45:25 [http-nio-8080-exec-4] DEBUG org.hibernate.SQL - 
    select
        r1_0.id,
        r1_0.description,
        r1_0.name 
    from
        roles r1_0 
    where
        r1_0.id=?
2026-09-09 10:45:25 [http-nio-8080-exec-10] DEBUG org.hibernate.SQL - 
    select
        b1_0.id,
        b1_0.active,
        b1_0.address,
        b1_0.created_at,
        b1_0.name,
        b1_0.phone,
        b1_0.updated_at 
    from
        branches b1_0 
    where
        b1_0.id=?
2026-09-09 10:45:25 [http-nio-8080-exec-6] DEBUG org.hibernate.SQL - 
    select
        r1_0.id,
        r1_0.description,
        r1_0.name 
    from
        roles r1_0 
    where
        r1_0.id=?
2026-09-09 10:45:25 [http-nio-8080-exec-10] DEBUG org.hibernate.SQL - 
    select
        r1_0.id,
        r1_0.description,
        r1_0.name 
    from
        roles r1_0 
    where
        r1_0.id=?
2026-09-09 10:45:25 [http-nio-8080-exec-4] DEBUG org.hibernate.SQL - 
    select
        so1_0.id,
        so1_0.branch_id,
        so1_0.cashier_id,
        so1_0.created_at,
        so1_0.customer_id,
        so1_0.discount_id,
        so1_0.order_date,
        so1_0.status,
        so1_0.total_amount,
        so1_0.updated_at 
    from
        sales_orders so1_0 
    where
        so1_0.status=?
2026-09-09 10:45:25 [http-nio-8080-exec-7] DEBUG org.hibernate.SQL - 
    select
        so1_0.id,
        so1_0.branch_id,
        so1_0.cashier_id,
        so1_0.created_at,
        so1_0.customer_id,
        so1_0.discount_id,
        so1_0.order_date,
        so1_0.status,
        so1_0.total_amount,
        so1_0.updated_at 
    from
        sales_orders so1_0 
    where
        so1_0.status=?
2026-09-09 10:45:25 [http-nio-8080-exec-5] DEBUG org.hibernate.SQL - 
    select
        so1_0.id,
        so1_0.branch_id,
        so1_0.cashier_id,
        so1_0.created_at,
        so1_0.customer_id,
        so1_0.discount_id,
        so1_0.order_date,
        so1_0.status,
        so1_0.total_amount,
        so1_0.updated_at 
    from
        sales_orders so1_0 
    where
        so1_0.status=?
2026-09-09 10:45:25 [http-nio-8080-exec-6] DEBUG org.hibernate.SQL - 
    select
        so1_0.id,
        so1_0.branch_id,
        so1_0.cashier_id,
        so1_0.created_at,
        so1_0.customer_id,
        so1_0.discount_id,
        so1_0.order_date,
        so1_0.status,
        so1_0.total_amount,
        so1_0.updated_at 
    from
        sales_orders so1_0 
    where
        so1_0.status=?
2026-09-09 10:45:25 [http-nio-8080-exec-7] DEBUG org.hibernate.SQL - 
    select
        i1_0.sales_order_id,
        i1_0.id,
        i1_0.product_id,
        i1_0.quantity,
        i1_0.subtotal,
        i1_0.unit_price 
    from
        sales_order_items i1_0 
    where
        i1_0.sales_order_id=?
2026-09-09 10:45:25 [http-nio-8080-exec-5] DEBUG org.hibernate.SQL - 
    select
        c1_0.id,
        c1_0.address,
        c1_0.created_at,
        c1_0.email,
        c1_0.loyalty_points,
        c1_0.name,
        c1_0.phone,
        c1_0.updated_at 
    from
        customers c1_0 
    where
        c1_0.id=?
2026-09-09 10:45:25 [http-nio-8080-exec-10] DEBUG org.hibernate.SQL - 
    select
        p1_0.id,
        p1_0.amount,
        p1_0.created_at,
        p1_0.method,
        p1_0.payment_date,
        p1_0.sales_order_id,
        p1_0.status,
        p1_0.updated_at 
    from
        payments p1_0
2026-09-09 10:45:25 [http-nio-8080-exec-7] DEBUG org.hibernate.SQL - 
    select
        p1_0.id,
        p1_0.active,
        p1_0.created_at,
        p1_0.name,
        p1_0.reorder_level,
        p1_0.sku,
        p1_0.sub_category_id,
        p1_0.supplier_id,
        p1_0.unit,
        p1_0.unit_price,
        p1_0.updated_at 
    from
        products p1_0 
    where
        p1_0.id=?
2026-09-09 10:45:25 [http-nio-8080-exec-5] DEBUG org.hibernate.SQL - 
    select
        c1_0.id,
        c1_0.address,
        c1_0.created_at,
        c1_0.email,
        c1_0.loyalty_points,
        c1_0.name,
        c1_0.phone,
        c1_0.updated_at 
    from
        customers c1_0 
    where
        c1_0.id=?
2026-09-09 10:45:25 [http-nio-8080-exec-7] DEBUG org.hibernate.SQL - 
    select
        i1_0.sales_order_id,
        i1_0.id,
        i1_0.product_id,
        i1_0.quantity,
        i1_0.subtotal,
        i1_0.unit_price 
    from
        sales_order_items i1_0 
    where
        i1_0.sales_order_id=?
2026-09-09 10:45:25 [http-nio-8080-exec-4] DEBUG org.hibernate.SQL - 
    select
        i1_0.id,
        i1_0.branch_id,
        i1_0.created_at,
        i1_0.product_id,
        i1_0.quantity,
        i1_0.updated_at 
    from
        inventory i1_0
2026-09-09 10:45:25 [http-nio-8080-exec-5] DEBUG org.hibernate.SQL - 
    select
        c1_0.id,
        c1_0.address,
        c1_0.created_at,
        c1_0.email,
        c1_0.loyalty_points,
        c1_0.name,
        c1_0.phone,
        c1_0.updated_at 
    from
        customers c1_0 
    where
        c1_0.id=?
2026-09-09 10:45:25 [http-nio-8080-exec-7] DEBUG org.hibernate.SQL - 
    select
        p1_0.id,
        p1_0.active,
        p1_0.created_at,
        p1_0.name,
        p1_0.reorder_level,
        p1_0.sku,
        p1_0.sub_category_id,
        p1_0.supplier_id,
        p1_0.unit,
        p1_0.unit_price,
        p1_0.updated_at 
    from
        products p1_0 
    where
        p1_0.id=?
2026-09-09 10:45:25 [http-nio-8080-exec-5] DEBUG org.hibernate.SQL - 
    select
        c1_0.id,
        c1_0.address,
        c1_0.created_at,
        c1_0.email,
        c1_0.loyalty_points,
        c1_0.name,
        c1_0.phone,
        c1_0.updated_at 
    from
        customers c1_0 
    where
        c1_0.id=?
2026-09-09 10:45:25 [http-nio-8080-exec-7] DEBUG org.hibernate.SQL - 
    select
        i1_0.sales_order_id,
        i1_0.id,
        i1_0.product_id,
        i1_0.quantity,
        i1_0.subtotal,
        i1_0.unit_price 
    from
        sales_order_items i1_0 
    where
        i1_0.sales_order_id=?
2026-09-09 10:45:25 [http-nio-8080-exec-7] DEBUG org.hibernate.SQL - 
    select
        p1_0.id,
        p1_0.active,
        p1_0.created_at,
        p1_0.name,
        p1_0.reorder_level,
        p1_0.sku,
        p1_0.sub_category_id,
        p1_0.supplier_id,
        p1_0.unit,
        p1_0.unit_price,
        p1_0.updated_at 
    from
        products p1_0 
    where
        p1_0.id=?
2026-09-09 10:45:25 [http-nio-8080-exec-5] DEBUG org.hibernate.SQL - 
    select
        c1_0.id,
        c1_0.address,
        c1_0.created_at,
        c1_0.email,
        c1_0.loyalty_points,
        c1_0.name,
        c1_0.phone,
        c1_0.updated_at 
    from
        customers c1_0 
    where
        c1_0.id=?
2026-09-09 10:45:25 [http-nio-8080-exec-5] DEBUG org.hibernate.SQL - 
    select
        c1_0.id,
        c1_0.address,
        c1_0.created_at,
        c1_0.email,
        c1_0.loyalty_points,
        c1_0.name,
        c1_0.phone,
        c1_0.updated_at 
    from
        customers c1_0 
    where
        c1_0.id=?
2026-09-09 10:45:25 [http-nio-8080-exec-7] DEBUG org.hibernate.SQL - 
    select
        i1_0.sales_order_id,
        i1_0.id,
        i1_0.product_id,
        i1_0.quantity,
        i1_0.subtotal,
        i1_0.unit_price 
    from
        sales_order_items i1_0 
    where
        i1_0.sales_order_id=?
2026-09-09 10:45:25 [http-nio-8080-exec-4] DEBUG org.hibernate.SQL - 
    select
        p1_0.id,
        p1_0.active,
        p1_0.created_at,
        p1_0.name,
        p1_0.reorder_level,
        p1_0.sku,
        p1_0.sub_category_id,
        p1_0.supplier_id,
        p1_0.unit,
        p1_0.unit_price,
        p1_0.updated_at 
    from
        products p1_0 
    where
        p1_0.id=?
2026-09-09 10:45:25 [http-nio-8080-exec-7] DEBUG org.hibernate.SQL - 
    select
        p1_0.id,
        p1_0.active,
        p1_0.created_at,
        p1_0.name,
        p1_0.reorder_level,
        p1_0.sku,
        p1_0.sub_category_id,
        p1_0.supplier_id,
        p1_0.unit,
        p1_0.unit_price,
        p1_0.updated_at 
    from
        products p1_0 
    where
        p1_0.id=?
2026-09-09 10:45:25 [http-nio-8080-exec-4] DEBUG org.hibernate.SQL - 
    select
        p1_0.id,
        p1_0.active,
        p1_0.created_at,
        p1_0.name,
        p1_0.reorder_level,
        p1_0.sku,
        p1_0.sub_category_id,
        p1_0.supplier_id,
        p1_0.unit,
        p1_0.unit_price,
        p1_0.updated_at 
    from
        products p1_0 
    where
        p1_0.id=?
2026-09-09 10:45:25 [http-nio-8080-exec-7] DEBUG org.hibernate.SQL - 
    select
        i1_0.sales_order_id,
        i1_0.id,
        i1_0.product_id,
        i1_0.quantity,
        i1_0.subtotal,
        i1_0.unit_price 
    from
        sales_order_items i1_0 
    where
        i1_0.sales_order_id=?
2026-09-09 10:45:25 [http-nio-8080-exec-7] DEBUG org.hibernate.SQL - 
    select
        i1_0.sales_order_id,
        i1_0.id,
        i1_0.product_id,
        i1_0.quantity,
        i1_0.subtotal,
        i1_0.unit_price 
    from
        sales_order_items i1_0 
    where
        i1_0.sales_order_id=?
2026-09-09 10:45:25 [http-nio-8080-exec-4] DEBUG org.hibernate.SQL - 
    select
        p1_0.id,
        p1_0.active,
        p1_0.created_at,
        p1_0.name,
        p1_0.reorder_level,
        p1_0.sku,
        p1_0.sub_category_id,
        p1_0.supplier_id,
        p1_0.unit,
        p1_0.unit_price,
        p1_0.updated_at 
    from
        products p1_0 
    where
        p1_0.id=?
2026-09-09 10:45:25 [http-nio-8080-exec-4] DEBUG org.hibernate.SQL - 
    select
        p1_0.id,
        p1_0.active,
        p1_0.created_at,
        p1_0.name,
        p1_0.reorder_level,
        p1_0.sku,
        p1_0.sub_category_id,
        p1_0.supplier_id,
        p1_0.unit,
        p1_0.unit_price,
        p1_0.updated_at 
    from
        products p1_0 
    where
        p1_0.id=?
2026-09-09 10:45:25 [http-nio-8080-exec-7] DEBUG org.hibernate.SQL - 
    select
        p1_0.id,
        p1_0.active,
        p1_0.created_at,
        p1_0.name,
        p1_0.reorder_level,
        p1_0.sku,
        p1_0.sub_category_id,
        p1_0.supplier_id,
        p1_0.unit,
        p1_0.unit_price,
        p1_0.updated_at 
    from
        products p1_0 
    where
        p1_0.id=?
2026-09-09 10:45:25 [http-nio-8080-exec-7] DEBUG org.hibernate.SQL - 
    select
        p1_0.id,
        p1_0.active,
        p1_0.created_at,
        p1_0.name,
        p1_0.reorder_level,
        p1_0.sku,
        p1_0.sub_category_id,
        p1_0.supplier_id,
        p1_0.unit,
        p1_0.unit_price,
        p1_0.updated_at 
    from
        products p1_0 
    where
        p1_0.id=?
2026-09-09 10:45:25 [http-nio-8080-exec-4] DEBUG org.hibernate.SQL - 
    select
        p1_0.id,
        p1_0.active,
        p1_0.created_at,
        p1_0.name,
        p1_0.reorder_level,
        p1_0.sku,
        p1_0.sub_category_id,
        p1_0.supplier_id,
        p1_0.unit,
        p1_0.unit_price,
        p1_0.updated_at 
    from
        products p1_0 
    where
        p1_0.id=?
2026-09-09 10:45:25 [http-nio-8080-exec-4] DEBUG org.hibernate.SQL - 
    select
        p1_0.id,
        p1_0.active,
        p1_0.created_at,
        p1_0.name,
        p1_0.reorder_level,
        p1_0.sku,
        p1_0.sub_category_id,
        p1_0.supplier_id,
        p1_0.unit,
        p1_0.unit_price,
        p1_0.updated_at 
    from
        products p1_0 
    where
        p1_0.id=?
2026-09-09 10:45:25 [http-nio-8080-exec-7] DEBUG org.hibernate.SQL - 
    select
        i1_0.sales_order_id,
        i1_0.id,
        i1_0.product_id,
        i1_0.quantity,
        i1_0.subtotal,
        i1_0.unit_price 
    from
        sales_order_items i1_0 
    where
        i1_0.sales_order_id=?
2026-09-09 10:45:25 [http-nio-8080-exec-7] DEBUG org.hibernate.SQL - 
    select
        i1_0.sales_order_id,
        i1_0.id,
        i1_0.product_id,
        i1_0.quantity,
        i1_0.subtotal,
        i1_0.unit_price 
    from
        sales_order_items i1_0 
    where
        i1_0.sales_order_id=?
2026-09-09 10:45:25 [http-nio-8080-exec-4] DEBUG org.hibernate.SQL - 
    select
        p1_0.id,
        p1_0.active,
        p1_0.created_at,
        p1_0.name,
        p1_0.reorder_level,
        p1_0.sku,
        p1_0.sub_category_id,
        p1_0.supplier_id,
        p1_0.unit,
        p1_0.unit_price,
        p1_0.updated_at 
    from
        products p1_0 
    where
        p1_0.id=?
2026-09-09 10:45:25 [http-nio-8080-exec-7] DEBUG org.hibernate.SQL - 
    select
        p1_0.id,
        p1_0.active,
        p1_0.created_at,
        p1_0.name,
        p1_0.reorder_level,
        p1_0.sku,
        p1_0.sub_category_id,
        p1_0.supplier_id,
        p1_0.unit,
        p1_0.unit_price,
        p1_0.updated_at 
    from
        products p1_0 
    where
        p1_0.id=?
2026-09-09 10:45:25 [http-nio-8080-exec-4] DEBUG org.hibernate.SQL - 
    select
        p1_0.id,
        p1_0.active,
        p1_0.created_at,
        p1_0.name,
        p1_0.reorder_level,
        p1_0.sku,
        p1_0.sub_category_id,
        p1_0.supplier_id,
        p1_0.unit,
        p1_0.unit_price,
        p1_0.updated_at 
    from
        products p1_0 
    where
        p1_0.id=?
2026-09-09 10:45:25 [http-nio-8080-exec-4] DEBUG org.hibernate.SQL - 
    select
        p1_0.id,
        p1_0.active,
        p1_0.created_at,
        p1_0.name,
        p1_0.reorder_level,
        p1_0.sku,
        p1_0.sub_category_id,
        p1_0.supplier_id,
        p1_0.unit,
        p1_0.unit_price,
        p1_0.updated_at 
    from
        products p1_0 
    where
        p1_0.id=?
2026-09-09 10:45:25 [http-nio-8080-exec-7] DEBUG org.hibernate.SQL - 
    select
        i1_0.sales_order_id,
        i1_0.id,
        i1_0.product_id,
        i1_0.quantity,
        i1_0.subtotal,
        i1_0.unit_price 
    from
        sales_order_items i1_0 
    where
        i1_0.sales_order_id=?
2026-09-09 10:45:25 [http-nio-8080-exec-7] DEBUG org.hibernate.SQL - 
    select
        i1_0.sales_order_id,
        i1_0.id,
        i1_0.product_id,
        i1_0.quantity,
        i1_0.subtotal,
        i1_0.unit_price 
    from
        sales_order_items i1_0 
    where
        i1_0.sales_order_id=?
2026-09-09 10:45:25 [http-nio-8080-exec-4] DEBUG org.hibernate.SQL - 
    select
        p1_0.id,
        p1_0.active,
        p1_0.created_at,
        p1_0.name,
        p1_0.reorder_level,
        p1_0.sku,
        p1_0.sub_category_id,
        p1_0.supplier_id,
        p1_0.unit,
        p1_0.unit_price,
        p1_0.updated_at 
    from
        products p1_0 
    where
        p1_0.id=?
2026-09-09 10:45:25 [http-nio-8080-exec-7] DEBUG org.hibernate.SQL - 
    select
        p1_0.id,
        p1_0.active,
        p1_0.created_at,
        p1_0.name,
        p1_0.reorder_level,
        p1_0.sku,
        p1_0.sub_category_id,
        p1_0.supplier_id,
        p1_0.unit,
        p1_0.unit_price,
        p1_0.updated_at 
    from
        products p1_0 
    where
        p1_0.id=?
2026-09-09 10:45:25 [http-nio-8080-exec-4] DEBUG org.hibernate.SQL - 
    select
        p1_0.id,
        p1_0.active,
        p1_0.created_at,
        p1_0.name,
        p1_0.reorder_level,
        p1_0.sku,
        p1_0.sub_category_id,
        p1_0.supplier_id,
        p1_0.unit,
        p1_0.unit_price,
        p1_0.updated_at 
    from
        products p1_0 
    where
        p1_0.id=?
2026-09-09 10:45:25 [http-nio-8080-exec-7] DEBUG org.hibernate.SQL - 
    select
        i1_0.sales_order_id,
        i1_0.id,
        i1_0.product_id,
        i1_0.quantity,
        i1_0.subtotal,
        i1_0.unit_price 
    from
        sales_order_items i1_0 
    where
        i1_0.sales_order_id=?
2026-09-09 10:45:25 [http-nio-8080-exec-4] DEBUG org.hibernate.SQL - 
    select
        p1_0.id,
        p1_0.active,
        p1_0.created_at,
        p1_0.name,
        p1_0.reorder_level,
        p1_0.sku,
        p1_0.sub_category_id,
        p1_0.supplier_id,
        p1_0.unit,
        p1_0.unit_price,
        p1_0.updated_at 
    from
        products p1_0 
    where
        p1_0.id=?
2026-09-09 10:45:25 [http-nio-8080-exec-4] DEBUG org.hibernate.SQL - 
    select
        p1_0.id,
        p1_0.active,
        p1_0.created_at,
        p1_0.name,
        p1_0.reorder_level,
        p1_0.sku,
        p1_0.sub_category_id,
        p1_0.supplier_id,
        p1_0.unit,
        p1_0.unit_price,
        p1_0.updated_at 
    from
        products p1_0 
    where
        p1_0.id=?
2026-09-09 10:45:25 [http-nio-8080-exec-7] DEBUG org.hibernate.SQL - 
    select
        p1_0.id,
        p1_0.active,
        p1_0.created_at,
        p1_0.name,
        p1_0.reorder_level,
        p1_0.sku,
        p1_0.sub_category_id,
        p1_0.supplier_id,
        p1_0.unit,
        p1_0.unit_price,
        p1_0.updated_at 
    from
        products p1_0 
    where
        p1_0.id=?
2026-09-09 10:45:25 [http-nio-8080-exec-7] DEBUG org.hibernate.SQL - 
    select
        i1_0.sales_order_id,
        i1_0.id,
        i1_0.product_id,
        i1_0.quantity,
        i1_0.subtotal,
        i1_0.unit_price 
    from
        sales_order_items i1_0 
    where
        i1_0.sales_order_id=?
2026-09-09 10:45:25 [http-nio-8080-exec-4] DEBUG org.hibernate.SQL - 
    select
        p1_0.id,
        p1_0.active,
        p1_0.created_at,
        p1_0.name,
        p1_0.reorder_level,
        p1_0.sku,
        p1_0.sub_category_id,
        p1_0.supplier_id,
        p1_0.unit,
        p1_0.unit_price,
        p1_0.updated_at 
    from
        products p1_0 
    where
        p1_0.id=?
2026-09-09 10:45:25 [http-nio-8080-exec-7] DEBUG org.hibernate.SQL - 
    select
        p1_0.id,
        p1_0.active,
        p1_0.created_at,
        p1_0.name,
        p1_0.reorder_level,
        p1_0.sku,
        p1_0.sub_category_id,
        p1_0.supplier_id,
        p1_0.unit,
        p1_0.unit_price,
        p1_0.updated_at 
    from
        products p1_0 
    where
        p1_0.id=?
2026-09-09 10:45:25 [http-nio-8080-exec-4] DEBUG org.hibernate.SQL - 
    select
        po1_0.id,
        po1_0.branch_id,
        po1_0.created_at,
        po1_0.order_date,
        po1_0.ordered_by,
        po1_0.status,
        po1_0.supplier_id,
        po1_0.total_amount,
        po1_0.updated_at 
    from
        purchase_orders po1_0 
    where
        po1_0.status=?
2026-09-09 10:45:25 [http-nio-8080-exec-7] DEBUG org.hibernate.SQL - 
    select
        i1_0.sales_order_id,
        i1_0.id,
        i1_0.product_id,
        i1_0.quantity,
        i1_0.subtotal,
        i1_0.unit_price 
    from
        sales_order_items i1_0 
    where
        i1_0.sales_order_id=?
2026-09-09 10:45:25 [http-nio-8080-exec-7] DEBUG org.hibernate.SQL - 
    select
        p1_0.id,
        p1_0.active,
        p1_0.created_at,
        p1_0.name,
        p1_0.reorder_level,
        p1_0.sku,
        p1_0.sub_category_id,
        p1_0.supplier_id,
        p1_0.unit,
        p1_0.unit_price,
        p1_0.updated_at 
    from
        products p1_0 
    where
        p1_0.id=?
2026-09-09 10:45:25 [http-nio-8080-exec-4] DEBUG org.hibernate.SQL - 
    select
        po1_0.id,
        po1_0.branch_id,
        po1_0.created_at,
        po1_0.order_date,
        po1_0.ordered_by,
        po1_0.status,
        po1_0.supplier_id,
        po1_0.total_amount,
        po1_0.updated_at 
    from
        purchase_orders po1_0 
    where
        po1_0.status=?
2026-09-09 10:45:25 [http-nio-8080-exec-7] DEBUG org.hibernate.SQL - 
    select
        i1_0.sales_order_id,
        i1_0.id,
        i1_0.product_id,
        i1_0.quantity,
        i1_0.subtotal,
        i1_0.unit_price 
    from
        sales_order_items i1_0 
    where
        i1_0.sales_order_id=?
2026-09-09 10:45:25 [http-nio-8080-exec-7] DEBUG org.hibernate.SQL - 
    select
        i1_0.sales_order_id,
        i1_0.id,
        i1_0.product_id,
        i1_0.quantity,
        i1_0.subtotal,
        i1_0.unit_price 
    from
        sales_order_items i1_0 
    where
        i1_0.sales_order_id=?
2026-09-09 10:45:25 [http-nio-8080-exec-7] DEBUG org.hibernate.SQL - 
    select
        i1_0.sales_order_id,
        i1_0.id,
        i1_0.product_id,
        i1_0.quantity,
        i1_0.subtotal,
        i1_0.unit_price 
    from
        sales_order_items i1_0 
    where
        i1_0.sales_order_id=?
2026-09-09 10:45:43 [http-nio-8080-exec-2] DEBUG org.hibernate.SQL - 
    select
        u1_0.id,
        u1_0.branch_id,
        u1_0.created_at,
        u1_0.email,
        u1_0.enabled,
        u1_0.full_name,
        u1_0.password,
        u1_0.phone,
        u1_0.role_id,
        u1_0.updated_at,
        u1_0.username 
    from
        users u1_0 
    where
        u1_0.username=?
2026-09-09 10:45:43 [http-nio-8080-exec-2] DEBUG org.hibernate.SQL - 
    select
        b1_0.id,
        b1_0.active,
        b1_0.address,
        b1_0.created_at,
        b1_0.name,
        b1_0.phone,
        b1_0.updated_at 
    from
        branches b1_0 
    where
        b1_0.id=?
2026-09-09 10:45:43 [http-nio-8080-exec-2] DEBUG org.hibernate.SQL - 
    select
        r1_0.id,
        r1_0.description,
        r1_0.name 
    from
        roles r1_0 
    where
        r1_0.id=?
2026-09-09 10:45:43 [http-nio-8080-exec-2] DEBUG org.hibernate.SQL - 
    select
        u1_0.id,
        b1_0.id,
        b1_0.active,
        b1_0.address,
        b1_0.created_at,
        b1_0.name,
        b1_0.phone,
        b1_0.updated_at,
        u1_0.created_at,
        u1_0.email,
        u1_0.enabled,
        u1_0.full_name,
        u1_0.password,
        u1_0.phone,
        u1_0.role_id,
        r1_0.id,
        r1_0.description,
        r1_0.name,
        u1_0.updated_at,
        u1_0.username 
    from
        users u1_0 
    left join
        branches b1_0 
            on b1_0.id=u1_0.branch_id 
    join
        roles r1_0 
            on r1_0.id=u1_0.role_id 
    where
        u1_0.id=?
2026-09-09 10:45:43 [http-nio-8080-exec-9] DEBUG org.hibernate.SQL - 
    select
        u1_0.id,
        u1_0.branch_id,
        u1_0.created_at,
        u1_0.email,
        u1_0.enabled,
        u1_0.full_name,
        u1_0.password,
        u1_0.phone,
        u1_0.role_id,
        u1_0.updated_at,
        u1_0.username 
    from
        users u1_0 
    where
        u1_0.username=?
2026-09-09 10:45:43 [http-nio-8080-exec-9] DEBUG org.hibernate.SQL - 
    select
        b1_0.id,
        b1_0.active,
        b1_0.address,
        b1_0.created_at,
        b1_0.name,
        b1_0.phone,
        b1_0.updated_at 
    from
        branches b1_0 
    where
        b1_0.id=?
2026-09-09 10:45:43 [http-nio-8080-exec-9] DEBUG org.hibernate.SQL - 
    select
        r1_0.id,
        r1_0.description,
        r1_0.name 
    from
        roles r1_0 
    where
        r1_0.id=?
2026-09-09 10:45:43 [http-nio-8080-exec-9] DEBUG org.hibernate.SQL - 
    select
        b1_0.id,
        b1_0.active,
        b1_0.address,
        b1_0.created_at,
        b1_0.name,
        b1_0.phone,
        b1_0.updated_at 
    from
        branches b1_0
2026-09-09 10:45:43 [http-nio-8080-exec-4] DEBUG org.hibernate.SQL - 
    select
        u1_0.id,
        u1_0.branch_id,
        u1_0.created_at,
        u1_0.email,
        u1_0.enabled,
        u1_0.full_name,
        u1_0.password,
        u1_0.phone,
        u1_0.role_id,
        u1_0.updated_at,
        u1_0.username 
    from
        users u1_0 
    where
        u1_0.username=?
2026-09-09 10:45:43 [http-nio-8080-exec-8] DEBUG org.hibernate.SQL - 
    select
        u1_0.id,
        u1_0.branch_id,
        u1_0.created_at,
        u1_0.email,
        u1_0.enabled,
        u1_0.full_name,
        u1_0.password,
        u1_0.phone,
        u1_0.role_id,
        u1_0.updated_at,
        u1_0.username 
    from
        users u1_0 
    where
        u1_0.username=?
2026-09-09 10:45:43 [http-nio-8080-exec-7] DEBUG org.hibernate.SQL - 
    select
        u1_0.id,
        u1_0.branch_id,
        u1_0.created_at,
        u1_0.email,
        u1_0.enabled,
        u1_0.full_name,
        u1_0.password,
        u1_0.phone,
        u1_0.role_id,
        u1_0.updated_at,
        u1_0.username 
    from
        users u1_0 
    where
        u1_0.username=?
2026-09-09 10:45:43 [http-nio-8080-exec-8] DEBUG org.hibernate.SQL - 
    select
        b1_0.id,
        b1_0.active,
        b1_0.address,
        b1_0.created_at,
        b1_0.name,
        b1_0.phone,
        b1_0.updated_at 
    from
        branches b1_0 
    where
        b1_0.id=?
2026-09-09 10:45:43 [http-nio-8080-exec-7] DEBUG org.hibernate.SQL - 
    select
        b1_0.id,
        b1_0.active,
        b1_0.address,
        b1_0.created_at,
        b1_0.name,
        b1_0.phone,
        b1_0.updated_at 
    from
        branches b1_0 
    where
        b1_0.id=?
2026-09-09 10:45:43 [http-nio-8080-exec-4] DEBUG org.hibernate.SQL - 
    select
        b1_0.id,
        b1_0.active,
        b1_0.address,
        b1_0.created_at,
        b1_0.name,
        b1_0.phone,
        b1_0.updated_at 
    from
        branches b1_0 
    where
        b1_0.id=?
2026-09-09 10:45:43 [http-nio-8080-exec-2] DEBUG org.hibernate.SQL - 
    select
        u1_0.id,
        u1_0.branch_id,
        u1_0.created_at,
        u1_0.email,
        u1_0.enabled,
        u1_0.full_name,
        u1_0.password,
        u1_0.phone,
        u1_0.role_id,
        u1_0.updated_at,
        u1_0.username 
    from
        users u1_0 
    where
        u1_0.username=?
2026-09-09 10:45:43 [http-nio-8080-exec-4] DEBUG org.hibernate.SQL - 
    select
        r1_0.id,
        r1_0.description,
        r1_0.name 
    from
        roles r1_0 
    where
        r1_0.id=?
2026-09-09 10:45:43 [http-nio-8080-exec-8] DEBUG org.hibernate.SQL - 
    select
        r1_0.id,
        r1_0.description,
        r1_0.name 
    from
        roles r1_0 
    where
        r1_0.id=?
2026-09-09 10:45:43 [http-nio-8080-exec-7] DEBUG org.hibernate.SQL - 
    select
        r1_0.id,
        r1_0.description,
        r1_0.name 
    from
        roles r1_0 
    where
        r1_0.id=?
2026-09-09 10:45:43 [http-nio-8080-exec-2] DEBUG org.hibernate.SQL - 
    select
        b1_0.id,
        b1_0.active,
        b1_0.address,
        b1_0.created_at,
        b1_0.name,
        b1_0.phone,
        b1_0.updated_at 
    from
        branches b1_0 
    where
        b1_0.id=?
2026-09-09 10:45:43 [http-nio-8080-exec-2] DEBUG org.hibernate.SQL - 
    select
        r1_0.id,
        r1_0.description,
        r1_0.name 
    from
        roles r1_0 
    where
        r1_0.id=?
2026-09-09 10:45:43 [http-nio-8080-exec-7] DEBUG org.hibernate.SQL - 
    select
        i1_0.id,
        i1_0.branch_id,
        i1_0.created_at,
        i1_0.product_id,
        i1_0.quantity,
        i1_0.updated_at 
    from
        inventory i1_0 
    where
        i1_0.branch_id=?
2026-09-09 10:45:43 [http-nio-8080-exec-4] DEBUG org.hibernate.SQL - 
    select
        p1_0.id,
        p1_0.active,
        p1_0.created_at,
        p1_0.name,
        p1_0.reorder_level,
        p1_0.sku,
        p1_0.sub_category_id,
        p1_0.supplier_id,
        p1_0.unit,
        p1_0.unit_price,
        p1_0.updated_at 
    from
        products p1_0
2026-09-09 10:45:43 [http-nio-8080-exec-8] DEBUG org.hibernate.SQL - 
    select
        c1_0.id,
        c1_0.address,
        c1_0.created_at,
        c1_0.email,
        c1_0.loyalty_points,
        c1_0.name,
        c1_0.phone,
        c1_0.updated_at 
    from
        customers c1_0
2026-09-09 10:45:43 [http-nio-8080-exec-7] DEBUG org.hibernate.SQL - 
    select
        p1_0.id,
        p1_0.active,
        p1_0.created_at,
        p1_0.name,
        p1_0.reorder_level,
        p1_0.sku,
        p1_0.sub_category_id,
        p1_0.supplier_id,
        p1_0.unit,
        p1_0.unit_price,
        p1_0.updated_at 
    from
        products p1_0 
    where
        p1_0.id=?
2026-09-09 10:45:43 [http-nio-8080-exec-7] DEBUG org.hibernate.SQL - 
    select
        sc1_0.id,
        sc1_0.category_id,
        sc1_0.created_at,
        sc1_0.name,
        sc1_0.updated_at 
    from
        sub_categories sc1_0 
    where
        sc1_0.id=?
2026-09-09 10:45:43 [http-nio-8080-exec-2] DEBUG org.hibernate.SQL - 
    select
        d1_0.id,
        d1_0.active,
        d1_0.code,
        d1_0.created_at,
        d1_0.description,
        d1_0.type,
        d1_0.updated_at,
        d1_0.valid_from,
        d1_0.valid_to,
        d1_0.value 
    from
        discounts d1_0
2026-09-09 10:45:43 [http-nio-8080-exec-4] DEBUG org.hibernate.SQL - 
    select
        sc1_0.id,
        sc1_0.category_id,
        sc1_0.created_at,
        sc1_0.name,
        sc1_0.updated_at 
    from
        sub_categories sc1_0 
    where
        sc1_0.id=?
2026-09-09 10:45:43 [http-nio-8080-exec-7] DEBUG org.hibernate.SQL - 
    select
        c1_0.id,
        c1_0.created_at,
        c1_0.description,
        c1_0.name,
        c1_0.updated_at 
    from
        categories c1_0 
    where
        c1_0.id=?
2026-09-09 10:45:43 [http-nio-8080-exec-4] DEBUG org.hibernate.SQL - 
    select
        c1_0.id,
        c1_0.created_at,
        c1_0.description,
        c1_0.name,
        c1_0.updated_at 
    from
        categories c1_0 
    where
        c1_0.id=?
2026-09-09 10:45:43 [http-nio-8080-exec-7] DEBUG org.hibernate.SQL - 
    select
        s1_0.id,
        s1_0.address,
        s1_0.contact_person,
        s1_0.created_at,
        s1_0.email,
        s1_0.name,
        s1_0.phone,
        s1_0.updated_at 
    from
        suppliers s1_0 
    where
        s1_0.id=?
2026-09-09 10:45:43 [http-nio-8080-exec-4] DEBUG org.hibernate.SQL - 
    select
        s1_0.id,
        s1_0.address,
        s1_0.contact_person,
        s1_0.created_at,
        s1_0.email,
        s1_0.name,
        s1_0.phone,
        s1_0.updated_at 
    from
        suppliers s1_0 
    where
        s1_0.id=?
2026-09-09 10:45:43 [http-nio-8080-exec-7] DEBUG org.hibernate.SQL - 
    select
        b1_0.id,
        b1_0.active,
        b1_0.address,
        b1_0.created_at,
        b1_0.name,
        b1_0.phone,
        b1_0.updated_at 
    from
        branches b1_0 
    where
        b1_0.id=?
2026-09-09 10:45:43 [http-nio-8080-exec-4] DEBUG org.hibernate.SQL - 
    select
        sc1_0.id,
        sc1_0.category_id,
        sc1_0.created_at,
        sc1_0.name,
        sc1_0.updated_at 
    from
        sub_categories sc1_0 
    where
        sc1_0.id=?
2026-09-09 10:45:43 [http-nio-8080-exec-7] DEBUG org.hibernate.SQL - 
    select
        p1_0.id,
        p1_0.active,
        p1_0.created_at,
        p1_0.name,
        p1_0.reorder_level,
        p1_0.sku,
        p1_0.sub_category_id,
        p1_0.supplier_id,
        p1_0.unit,
        p1_0.unit_price,
        p1_0.updated_at 
    from
        products p1_0 
    where
        p1_0.id=?
2026-09-09 10:45:43 [http-nio-8080-exec-7] DEBUG org.hibernate.SQL - 
    select
        p1_0.id,
        p1_0.active,
        p1_0.created_at,
        p1_0.name,
        p1_0.reorder_level,
        p1_0.sku,
        p1_0.sub_category_id,
        p1_0.supplier_id,
        p1_0.unit,
        p1_0.unit_price,
        p1_0.updated_at 
    from
        products p1_0 
    where
        p1_0.id=?
2026-09-09 10:45:43 [http-nio-8080-exec-4] DEBUG org.hibernate.SQL - 
    select
        c1_0.id,
        c1_0.created_at,
        c1_0.description,
        c1_0.name,
        c1_0.updated_at 
    from
        categories c1_0 
    where
        c1_0.id=?
2026-09-09 10:45:43 [http-nio-8080-exec-7] DEBUG org.hibernate.SQL - 
    select
        sc1_0.id,
        sc1_0.category_id,
        sc1_0.created_at,
        sc1_0.name,
        sc1_0.updated_at 
    from
        sub_categories sc1_0 
    where
        sc1_0.id=?
2026-09-09 10:45:43 [http-nio-8080-exec-4] DEBUG org.hibernate.SQL - 
    select
        sc1_0.id,
        sc1_0.category_id,
        sc1_0.created_at,
        sc1_0.name,
        sc1_0.updated_at 
    from
        sub_categories sc1_0 
    where
        sc1_0.id=?
2026-09-09 10:45:43 [http-nio-8080-exec-7] DEBUG org.hibernate.SQL - 
    select
        c1_0.id,
        c1_0.created_at,
        c1_0.description,
        c1_0.name,
        c1_0.updated_at 
    from
        categories c1_0 
    where
        c1_0.id=?
2026-09-09 10:45:43 [http-nio-8080-exec-4] DEBUG org.hibernate.SQL - 
    select
        c1_0.id,
        c1_0.created_at,
        c1_0.description,
        c1_0.name,
        c1_0.updated_at 
    from
        categories c1_0 
    where
        c1_0.id=?
2026-09-09 10:45:43 [http-nio-8080-exec-7] DEBUG org.hibernate.SQL - 
    select
        p1_0.id,
        p1_0.active,
        p1_0.created_at,
        p1_0.name,
        p1_0.reorder_level,
        p1_0.sku,
        p1_0.sub_category_id,
        p1_0.supplier_id,
        p1_0.unit,
        p1_0.unit_price,
        p1_0.updated_at 
    from
        products p1_0 
    where
        p1_0.id=?
2026-09-09 10:45:43 [http-nio-8080-exec-4] DEBUG org.hibernate.SQL - 
    select
        s1_0.id,
        s1_0.address,
        s1_0.contact_person,
        s1_0.created_at,
        s1_0.email,
        s1_0.name,
        s1_0.phone,
        s1_0.updated_at 
    from
        suppliers s1_0 
    where
        s1_0.id=?
2026-09-09 10:45:44 [http-nio-8080-exec-7] DEBUG org.hibernate.SQL - 
    select
        sc1_0.id,
        sc1_0.category_id,
        sc1_0.created_at,
        sc1_0.name,
        sc1_0.updated_at 
    from
        sub_categories sc1_0 
    where
        sc1_0.id=?
2026-09-09 10:45:43 [http-nio-8080-exec-4] DEBUG org.hibernate.SQL - 
    select
        sc1_0.id,
        sc1_0.category_id,
        sc1_0.created_at,
        sc1_0.name,
        sc1_0.updated_at 
    from
        sub_categories sc1_0 
    where
        sc1_0.id=?
2026-09-09 10:45:44 [http-nio-8080-exec-4] DEBUG org.hibernate.SQL - 
    select
        c1_0.id,
        c1_0.created_at,
        c1_0.description,
        c1_0.name,
        c1_0.updated_at 
    from
        categories c1_0 
    where
        c1_0.id=?
2026-09-09 10:45:44 [http-nio-8080-exec-7] DEBUG org.hibernate.SQL - 
    select
        c1_0.id,
        c1_0.created_at,
        c1_0.description,
        c1_0.name,
        c1_0.updated_at 
    from
        categories c1_0 
    where
        c1_0.id=?
2026-09-09 10:45:44 [http-nio-8080-exec-7] DEBUG org.hibernate.SQL - 
    select
        p1_0.id,
        p1_0.active,
        p1_0.created_at,
        p1_0.name,
        p1_0.reorder_level,
        p1_0.sku,
        p1_0.sub_category_id,
        p1_0.supplier_id,
        p1_0.unit,
        p1_0.unit_price,
        p1_0.updated_at 
    from
        products p1_0 
    where
        p1_0.id=?
2026-09-09 10:45:44 [http-nio-8080-exec-4] DEBUG org.hibernate.SQL - 
    select
        sc1_0.id,
        sc1_0.category_id,
        sc1_0.created_at,
        sc1_0.name,
        sc1_0.updated_at 
    from
        sub_categories sc1_0 
    where
        sc1_0.id=?
2026-09-09 10:45:44 [http-nio-8080-exec-7] DEBUG org.hibernate.SQL - 
    select
        s1_0.id,
        s1_0.address,
        s1_0.contact_person,
        s1_0.created_at,
        s1_0.email,
        s1_0.name,
        s1_0.phone,
        s1_0.updated_at 
    from
        suppliers s1_0 
    where
        s1_0.id=?
2026-09-09 10:45:44 [http-nio-8080-exec-4] DEBUG org.hibernate.SQL - 
    select
        c1_0.id,
        c1_0.created_at,
        c1_0.description,
        c1_0.name,
        c1_0.updated_at 
    from
        categories c1_0 
    where
        c1_0.id=?
2026-09-09 10:45:44 [http-nio-8080-exec-4] DEBUG org.hibernate.SQL - 
    select
        s1_0.id,
        s1_0.address,
        s1_0.contact_person,
        s1_0.created_at,
        s1_0.email,
        s1_0.name,
        s1_0.phone,
        s1_0.updated_at 
    from
        suppliers s1_0 
    where
        s1_0.id=?
2026-09-09 10:45:44 [http-nio-8080-exec-7] DEBUG org.hibernate.SQL - 
    select
        p1_0.id,
        p1_0.active,
        p1_0.created_at,
        p1_0.name,
        p1_0.reorder_level,
        p1_0.sku,
        p1_0.sub_category_id,
        p1_0.supplier_id,
        p1_0.unit,
        p1_0.unit_price,
        p1_0.updated_at 
    from
        products p1_0 
    where
        p1_0.id=?
2026-09-09 10:45:44 [http-nio-8080-exec-7] DEBUG org.hibernate.SQL - 
    select
        sc1_0.id,
        sc1_0.category_id,
        sc1_0.created_at,
        sc1_0.name,
        sc1_0.updated_at 
    from
        sub_categories sc1_0 
    where
        sc1_0.id=?
2026-09-09 10:45:44 [http-nio-8080-exec-4] DEBUG org.hibernate.SQL - 
    select
        sc1_0.id,
        sc1_0.category_id,
        sc1_0.created_at,
        sc1_0.name,
        sc1_0.updated_at 
    from
        sub_categories sc1_0 
    where
        sc1_0.id=?
2026-09-09 10:45:44 [http-nio-8080-exec-4] DEBUG org.hibernate.SQL - 
    select
        c1_0.id,
        c1_0.created_at,
        c1_0.description,
        c1_0.name,
        c1_0.updated_at 
    from
        categories c1_0 
    where
        c1_0.id=?
2026-09-09 10:45:44 [http-nio-8080-exec-7] DEBUG org.hibernate.SQL - 
    select
        c1_0.id,
        c1_0.created_at,
        c1_0.description,
        c1_0.name,
        c1_0.updated_at 
    from
        categories c1_0 
    where
        c1_0.id=?
2026-09-09 10:45:44 [http-nio-8080-exec-4] DEBUG org.hibernate.SQL - 
    select
        sc1_0.id,
        sc1_0.category_id,
        sc1_0.created_at,
        sc1_0.name,
        sc1_0.updated_at 
    from
        sub_categories sc1_0 
    where
        sc1_0.id=?
2026-09-09 10:45:44 [http-nio-8080-exec-7] DEBUG org.hibernate.SQL - 
    select
        p1_0.id,
        p1_0.active,
        p1_0.created_at,
        p1_0.name,
        p1_0.reorder_level,
        p1_0.sku,
        p1_0.sub_category_id,
        p1_0.supplier_id,
        p1_0.unit,
        p1_0.unit_price,
        p1_0.updated_at 
    from
        products p1_0 
    where
        p1_0.id=?
2026-09-09 10:45:44 [http-nio-8080-exec-7] DEBUG org.hibernate.SQL - 
    select
        sc1_0.id,
        sc1_0.category_id,
        sc1_0.created_at,
        sc1_0.name,
        sc1_0.updated_at 
    from
        sub_categories sc1_0 
    where
        sc1_0.id=?
2026-09-09 10:45:44 [http-nio-8080-exec-4] DEBUG org.hibernate.SQL - 
    select
        sc1_0.id,
        sc1_0.category_id,
        sc1_0.created_at,
        sc1_0.name,
        sc1_0.updated_at 
    from
        sub_categories sc1_0 
    where
        sc1_0.id=?
2026-09-09 10:45:44 [http-nio-8080-exec-4] DEBUG org.hibernate.SQL - 
    select
        sc1_0.id,
        sc1_0.category_id,
        sc1_0.created_at,
        sc1_0.name,
        sc1_0.updated_at 
    from
        sub_categories sc1_0 
    where
        sc1_0.id=?
2026-09-09 10:45:44 [http-nio-8080-exec-7] DEBUG org.hibernate.SQL - 
    select
        c1_0.id,
        c1_0.created_at,
        c1_0.description,
        c1_0.name,
        c1_0.updated_at 
    from
        categories c1_0 
    where
        c1_0.id=?
2026-09-09 10:45:44 [http-nio-8080-exec-4] DEBUG org.hibernate.SQL - 
    select
        c1_0.id,
        c1_0.created_at,
        c1_0.description,
        c1_0.name,
        c1_0.updated_at 
    from
        categories c1_0 
    where
        c1_0.id=?
2026-09-09 10:45:44 [http-nio-8080-exec-7] DEBUG org.hibernate.SQL - 
    select
        p1_0.id,
        p1_0.active,
        p1_0.created_at,
        p1_0.name,
        p1_0.reorder_level,
        p1_0.sku,
        p1_0.sub_category_id,
        p1_0.supplier_id,
        p1_0.unit,
        p1_0.unit_price,
        p1_0.updated_at 
    from
        products p1_0 
    where
        p1_0.id=?
2026-09-09 10:45:44 [http-nio-8080-exec-4] DEBUG org.hibernate.SQL - 
    select
        sc1_0.id,
        sc1_0.category_id,
        sc1_0.created_at,
        sc1_0.name,
        sc1_0.updated_at 
    from
        sub_categories sc1_0 
    where
        sc1_0.id=?
2026-09-09 10:45:44 [http-nio-8080-exec-7] DEBUG org.hibernate.SQL - 
    select
        sc1_0.id,
        sc1_0.category_id,
        sc1_0.created_at,
        sc1_0.name,
        sc1_0.updated_at 
    from
        sub_categories sc1_0 
    where
        sc1_0.id=?
2026-09-09 10:45:44 [http-nio-8080-exec-4] DEBUG org.hibernate.SQL - 
    select
        c1_0.id,
        c1_0.created_at,
        c1_0.description,
        c1_0.name,
        c1_0.updated_at 
    from
        categories c1_0 
    where
        c1_0.id=?
2026-09-09 10:45:44 [http-nio-8080-exec-7] DEBUG org.hibernate.SQL - 
    select
        p1_0.id,
        p1_0.active,
        p1_0.created_at,
        p1_0.name,
        p1_0.reorder_level,
        p1_0.sku,
        p1_0.sub_category_id,
        p1_0.supplier_id,
        p1_0.unit,
        p1_0.unit_price,
        p1_0.updated_at 
    from
        products p1_0 
    where
        p1_0.id=?
2026-09-09 10:45:44 [http-nio-8080-exec-7] DEBUG org.hibernate.SQL - 
    select
        sc1_0.id,
        sc1_0.category_id,
        sc1_0.created_at,
        sc1_0.name,
        sc1_0.updated_at 
    from
        sub_categories sc1_0 
    where
        sc1_0.id=?
2026-09-09 10:45:44 [http-nio-8080-exec-4] DEBUG org.hibernate.SQL - 
    select
        sc1_0.id,
        sc1_0.category_id,
        sc1_0.created_at,
        sc1_0.name,
        sc1_0.updated_at 
    from
        sub_categories sc1_0 
    where
        sc1_0.id=?
2026-09-09 10:45:44 [http-nio-8080-exec-7] DEBUG org.hibernate.SQL - 
    select
        c1_0.id,
        c1_0.created_at,
        c1_0.description,
        c1_0.name,
        c1_0.updated_at 
    from
        categories c1_0 
    where
        c1_0.id=?
2026-09-09 10:45:44 [http-nio-8080-exec-7] DEBUG org.hibernate.SQL - 
    select
        s1_0.id,
        s1_0.address,
        s1_0.contact_person,
        s1_0.created_at,
        s1_0.email,
        s1_0.name,
        s1_0.phone,
        s1_0.updated_at 
    from
        suppliers s1_0 
    where
        s1_0.id=?
2026-09-09 10:45:44 [http-nio-8080-exec-7] DEBUG org.hibernate.SQL - 
    select
        p1_0.id,
        p1_0.active,
        p1_0.created_at,
        p1_0.name,
        p1_0.reorder_level,
        p1_0.sku,
        p1_0.sub_category_id,
        p1_0.supplier_id,
        p1_0.unit,
        p1_0.unit_price,
        p1_0.updated_at 
    from
        products p1_0 
    where
        p1_0.id=?
2026-09-09 10:45:44 [http-nio-8080-exec-7] DEBUG org.hibernate.SQL - 
    select
        p1_0.id,
        p1_0.active,
        p1_0.created_at,
        p1_0.name,
        p1_0.reorder_level,
        p1_0.sku,
        p1_0.sub_category_id,
        p1_0.supplier_id,
        p1_0.unit,
        p1_0.unit_price,
        p1_0.updated_at 
    from
        products p1_0 
    where
        p1_0.id=?
2026-09-09 10:45:44 [http-nio-8080-exec-7] DEBUG org.hibernate.SQL - 
    select
        sc1_0.id,
        sc1_0.category_id,
        sc1_0.created_at,
        sc1_0.name,
        sc1_0.updated_at 
    from
        sub_categories sc1_0 
    where
        sc1_0.id=?
2026-09-09 10:45:44 [http-nio-8080-exec-7] DEBUG org.hibernate.SQL - 
    select
        p1_0.id,
        p1_0.active,
        p1_0.created_at,
        p1_0.name,
        p1_0.reorder_level,
        p1_0.sku,
        p1_0.sub_category_id,
        p1_0.supplier_id,
        p1_0.unit,
        p1_0.unit_price,
        p1_0.updated_at 
    from
        products p1_0 
    where
        p1_0.id=?
2026-09-09 10:45:44 [http-nio-8080-exec-7] DEBUG org.hibernate.SQL - 
    select
        sc1_0.id,
        sc1_0.category_id,
        sc1_0.created_at,
        sc1_0.name,
        sc1_0.updated_at 
    from
        sub_categories sc1_0 
    where
        sc1_0.id=?
2026-09-09 10:45:44 [http-nio-8080-exec-7] DEBUG org.hibernate.SQL - 
    select
        c1_0.id,
        c1_0.created_at,
        c1_0.description,
        c1_0.name,
        c1_0.updated_at 
    from
        categories c1_0 
    where
        c1_0.id=?
2026-09-09 10:45:46 [http-nio-8080-exec-1] DEBUG org.hibernate.SQL - 
    select
        u1_0.id,
        u1_0.branch_id,
        u1_0.created_at,
        u1_0.email,
        u1_0.enabled,
        u1_0.full_name,
        u1_0.password,
        u1_0.phone,
        u1_0.role_id,
        u1_0.updated_at,
        u1_0.username 
    from
        users u1_0 
    where
        u1_0.username=?
2026-09-09 10:45:46 [http-nio-8080-exec-1] DEBUG org.hibernate.SQL - 
    select
        b1_0.id,
        b1_0.active,
        b1_0.address,
        b1_0.created_at,
        b1_0.name,
        b1_0.phone,
        b1_0.updated_at 
    from
        branches b1_0 
    where
        b1_0.id=?
2026-09-09 10:45:46 [http-nio-8080-exec-1] DEBUG org.hibernate.SQL - 
    select
        r1_0.id,
        r1_0.description,
        r1_0.name 
    from
        roles r1_0 
    where
        r1_0.id=?
2026-09-09 10:45:46 [http-nio-8080-exec-1] DEBUG org.hibernate.SQL - 
    select
        u1_0.id,
        b1_0.id,
        b1_0.active,
        b1_0.address,
        b1_0.created_at,
        b1_0.name,
        b1_0.phone,
        b1_0.updated_at,
        u1_0.created_at,
        u1_0.email,
        u1_0.enabled,
        u1_0.full_name,
        u1_0.password,
        u1_0.phone,
        u1_0.role_id,
        r1_0.id,
        r1_0.description,
        r1_0.name,
        u1_0.updated_at,
        u1_0.username 
    from
        users u1_0 
    left join
        branches b1_0 
            on b1_0.id=u1_0.branch_id 
    join
        roles r1_0 
            on r1_0.id=u1_0.role_id 
    where
        u1_0.id=?
2026-09-09 10:45:46 [http-nio-8080-exec-9] DEBUG org.hibernate.SQL - 
    select
        u1_0.id,
        u1_0.branch_id,
        u1_0.created_at,
        u1_0.email,
        u1_0.enabled,
        u1_0.full_name,
        u1_0.password,
        u1_0.phone,
        u1_0.role_id,
        u1_0.updated_at,
        u1_0.username 
    from
        users u1_0 
    where
        u1_0.username=?
2026-09-09 10:45:46 [http-nio-8080-exec-9] DEBUG org.hibernate.SQL - 
    select
        b1_0.id,
        b1_0.active,
        b1_0.address,
        b1_0.created_at,
        b1_0.name,
        b1_0.phone,
        b1_0.updated_at 
    from
        branches b1_0 
    where
        b1_0.id=?
2026-09-09 10:45:46 [http-nio-8080-exec-9] DEBUG org.hibernate.SQL - 
    select
        r1_0.id,
        r1_0.description,
        r1_0.name 
    from
        roles r1_0 
    where
        r1_0.id=?
2026-09-09 10:45:46 [http-nio-8080-exec-9] DEBUG org.hibernate.SQL - 
    select
        b1_0.id,
        b1_0.active,
        b1_0.address,
        b1_0.created_at,
        b1_0.name,
        b1_0.phone,
        b1_0.updated_at 
    from
        branches b1_0
2026-09-09 10:45:46 [http-nio-8080-exec-6] DEBUG org.hibernate.SQL - 
    select
        u1_0.id,
        u1_0.branch_id,
        u1_0.created_at,
        u1_0.email,
        u1_0.enabled,
        u1_0.full_name,
        u1_0.password,
        u1_0.phone,
        u1_0.role_id,
        u1_0.updated_at,
        u1_0.username 
    from
        users u1_0 
    where
        u1_0.username=?
2026-09-09 10:45:46 [http-nio-8080-exec-6] DEBUG org.hibernate.SQL - 
    select
        b1_0.id,
        b1_0.active,
        b1_0.address,
        b1_0.created_at,
        b1_0.name,
        b1_0.phone,
        b1_0.updated_at 
    from
        branches b1_0 
    where
        b1_0.id=?
2026-09-09 10:45:46 [http-nio-8080-exec-6] DEBUG org.hibernate.SQL - 
    select
        r1_0.id,
        r1_0.description,
        r1_0.name 
    from
        roles r1_0 
    where
        r1_0.id=?
2026-09-09 10:45:46 [http-nio-8080-exec-6] DEBUG org.hibernate.SQL - 
    select
        so1_0.id,
        so1_0.branch_id,
        so1_0.cashier_id,
        so1_0.created_at,
        so1_0.customer_id,
        so1_0.discount_id,
        so1_0.order_date,
        so1_0.status,
        so1_0.total_amount,
        so1_0.updated_at 
    from
        sales_orders so1_0 
    where
        so1_0.branch_id=?
2026-09-09 10:45:46 [http-nio-8080-exec-6] DEBUG org.hibernate.SQL - 
    select
        c1_0.id,
        c1_0.address,
        c1_0.created_at,
        c1_0.email,
        c1_0.loyalty_points,
        c1_0.name,
        c1_0.phone,
        c1_0.updated_at 
    from
        customers c1_0 
    where
        c1_0.id=?
2026-09-09 10:45:46 [http-nio-8080-exec-6] DEBUG org.hibernate.SQL - 
    select
        b1_0.id,
        b1_0.active,
        b1_0.address,
        b1_0.created_at,
        b1_0.name,
        b1_0.phone,
        b1_0.updated_at 
    from
        branches b1_0 
    where
        b1_0.id=?
2026-09-09 10:45:46 [http-nio-8080-exec-6] DEBUG org.hibernate.SQL - 
    select
        u1_0.id,
        b1_0.id,
        b1_0.active,
        b1_0.address,
        b1_0.created_at,
        b1_0.name,
        b1_0.phone,
        b1_0.updated_at,
        u1_0.created_at,
        u1_0.email,
        u1_0.enabled,
        u1_0.full_name,
        u1_0.password,
        u1_0.phone,
        u1_0.role_id,
        r1_0.id,
        r1_0.description,
        r1_0.name,
        u1_0.updated_at,
        u1_0.username 
    from
        users u1_0 
    left join
        branches b1_0 
            on b1_0.id=u1_0.branch_id 
    join
        roles r1_0 
            on r1_0.id=u1_0.role_id 
    where
        u1_0.id=?
2026-09-09 10:45:46 [http-nio-8080-exec-6] DEBUG org.hibernate.SQL - 
    select
        i1_0.sales_order_id,
        i1_0.id,
        i1_0.product_id,
        i1_0.quantity,
        i1_0.subtotal,
        i1_0.unit_price 
    from
        sales_order_items i1_0 
    where
        i1_0.sales_order_id=?
2026-09-09 10:45:46 [http-nio-8080-exec-6] DEBUG org.hibernate.SQL - 
    select
        p1_0.id,
        p1_0.active,
        p1_0.created_at,
        p1_0.name,
        p1_0.reorder_level,
        p1_0.sku,
        p1_0.sub_category_id,
        p1_0.supplier_id,
        p1_0.unit,
        p1_0.unit_price,
        p1_0.updated_at 
    from
        products p1_0 
    where
        p1_0.id=?
2026-09-09 10:45:46 [http-nio-8080-exec-6] DEBUG org.hibernate.SQL - 
    select
        sc1_0.id,
        sc1_0.category_id,
        sc1_0.created_at,
        sc1_0.name,
        sc1_0.updated_at 
    from
        sub_categories sc1_0 
    where
        sc1_0.id=?
2026-09-09 10:45:46 [http-nio-8080-exec-6] DEBUG org.hibernate.SQL - 
    select
        c1_0.id,
        c1_0.created_at,
        c1_0.description,
        c1_0.name,
        c1_0.updated_at 
    from
        categories c1_0 
    where
        c1_0.id=?
2026-09-09 10:45:46 [http-nio-8080-exec-6] DEBUG org.hibernate.SQL - 
    select
        s1_0.id,
        s1_0.address,
        s1_0.contact_person,
        s1_0.created_at,
        s1_0.email,
        s1_0.name,
        s1_0.phone,
        s1_0.updated_at 
    from
        suppliers s1_0 
    where
        s1_0.id=?
2026-09-09 10:45:46 [http-nio-8080-exec-6] DEBUG org.hibernate.SQL - 
    select
        p1_0.id,
        p1_0.active,
        p1_0.created_at,
        p1_0.name,
        p1_0.reorder_level,
        p1_0.sku,
        p1_0.sub_category_id,
        p1_0.supplier_id,
        p1_0.unit,
        p1_0.unit_price,
        p1_0.updated_at 
    from
        products p1_0 
    where
        p1_0.id=?
2026-09-09 10:45:46 [http-nio-8080-exec-6] DEBUG org.hibernate.SQL - 
    select
        p1_0.id,
        p1_0.active,
        p1_0.created_at,
        p1_0.name,
        p1_0.reorder_level,
        p1_0.sku,
        p1_0.sub_category_id,
        p1_0.supplier_id,
        p1_0.unit,
        p1_0.unit_price,
        p1_0.updated_at 
    from
        products p1_0 
    where
        p1_0.id=?
2026-09-09 10:45:46 [http-nio-8080-exec-6] DEBUG org.hibernate.SQL - 
    select
        sc1_0.id,
        sc1_0.category_id,
        sc1_0.created_at,
        sc1_0.name,
        sc1_0.updated_at 
    from
        sub_categories sc1_0 
    where
        sc1_0.id=?
2026-09-09 10:45:46 [http-nio-8080-exec-6] DEBUG org.hibernate.SQL - 
    select
        c1_0.id,
        c1_0.created_at,
        c1_0.description,
        c1_0.name,
        c1_0.updated_at 
    from
        categories c1_0 
    where
        c1_0.id=?
2026-09-09 10:45:46 [http-nio-8080-exec-6] DEBUG org.hibernate.SQL - 
    select
        p1_0.sales_order_id,
        p1_0.id,
        p1_0.amount,
        p1_0.created_at,
        p1_0.method,
        p1_0.payment_date,
        p1_0.status,
        p1_0.updated_at 
    from
        payments p1_0 
    where
        p1_0.sales_order_id=?
2026-09-09 10:45:46 [http-nio-8080-exec-6] DEBUG org.hibernate.SQL - 
    select
        i1_0.sales_order_id,
        i1_0.id,
        i1_0.product_id,
        i1_0.quantity,
        i1_0.subtotal,
        i1_0.unit_price 
    from
        sales_order_items i1_0 
    where
        i1_0.sales_order_id=?
2026-09-09 10:45:46 [http-nio-8080-exec-6] DEBUG org.hibernate.SQL - 
    select
        p1_0.sales_order_id,
        p1_0.id,
        p1_0.amount,
        p1_0.created_at,
        p1_0.method,
        p1_0.payment_date,
        p1_0.status,
        p1_0.updated_at 
    from
        payments p1_0 
    where
        p1_0.sales_order_id=?
2026-09-09 10:45:46 [http-nio-8080-exec-6] DEBUG org.hibernate.SQL - 
    select
        i1_0.sales_order_id,
        i1_0.id,
        i1_0.product_id,
        i1_0.quantity,
        i1_0.subtotal,
        i1_0.unit_price 
    from
        sales_order_items i1_0 
    where
        i1_0.sales_order_id=?
2026-09-09 10:45:46 [http-nio-8080-exec-6] DEBUG org.hibernate.SQL - 
    select
        p1_0.sales_order_id,
        p1_0.id,
        p1_0.amount,
        p1_0.created_at,
        p1_0.method,
        p1_0.payment_date,
        p1_0.status,
        p1_0.updated_at 
    from
        payments p1_0 
    where
        p1_0.sales_order_id=?
2026-09-09 10:45:46 [http-nio-8080-exec-6] DEBUG org.hibernate.SQL - 
    select
        i1_0.sales_order_id,
        i1_0.id,
        i1_0.product_id,
        i1_0.quantity,
        i1_0.subtotal,
        i1_0.unit_price 
    from
        sales_order_items i1_0 
    where
        i1_0.sales_order_id=?
2026-09-09 10:45:46 [http-nio-8080-exec-6] DEBUG org.hibernate.SQL - 
    select
        p1_0.sales_order_id,
        p1_0.id,
        p1_0.amount,
        p1_0.created_at,
        p1_0.method,
        p1_0.payment_date,
        p1_0.status,
        p1_0.updated_at 
    from
        payments p1_0 
    where
        p1_0.sales_order_id=?
2026-09-09 10:45:46 [http-nio-8080-exec-6] DEBUG org.hibernate.SQL - 
    select
        c1_0.id,
        c1_0.address,
        c1_0.created_at,
        c1_0.email,
        c1_0.loyalty_points,
        c1_0.name,
        c1_0.phone,
        c1_0.updated_at 
    from
        customers c1_0 
    where
        c1_0.id=?
2026-09-09 10:45:46 [http-nio-8080-exec-6] DEBUG org.hibernate.SQL - 
    select
        i1_0.sales_order_id,
        i1_0.id,
        i1_0.product_id,
        i1_0.quantity,
        i1_0.subtotal,
        i1_0.unit_price 
    from
        sales_order_items i1_0 
    where
        i1_0.sales_order_id=?
2026-09-09 10:45:46 [http-nio-8080-exec-6] DEBUG org.hibernate.SQL - 
    select
        p1_0.sales_order_id,
        p1_0.id,
        p1_0.amount,
        p1_0.created_at,
        p1_0.method,
        p1_0.payment_date,
        p1_0.status,
        p1_0.updated_at 
    from
        payments p1_0 
    where
        p1_0.sales_order_id=?
2026-09-09 10:45:46 [http-nio-8080-exec-6] DEBUG org.hibernate.SQL - 
    select
        i1_0.sales_order_id,
        i1_0.id,
        i1_0.product_id,
        i1_0.quantity,
        i1_0.subtotal,
        i1_0.unit_price 
    from
        sales_order_items i1_0 
    where
        i1_0.sales_order_id=?
2026-09-09 10:45:46 [http-nio-8080-exec-6] DEBUG org.hibernate.SQL - 
    select
        p1_0.sales_order_id,
        p1_0.id,
        p1_0.amount,
        p1_0.created_at,
        p1_0.method,
        p1_0.payment_date,
        p1_0.status,
        p1_0.updated_at 
    from
        payments p1_0 
    where
        p1_0.sales_order_id=?
2026-09-09 10:45:46 [http-nio-8080-exec-6] DEBUG org.hibernate.SQL - 
    select
        i1_0.sales_order_id,
        i1_0.id,
        i1_0.product_id,
        i1_0.quantity,
        i1_0.subtotal,
        i1_0.unit_price 
    from
        sales_order_items i1_0 
    where
        i1_0.sales_order_id=?
2026-09-09 10:45:46 [http-nio-8080-exec-6] DEBUG org.hibernate.SQL - 
    select
        p1_0.sales_order_id,
        p1_0.id,
        p1_0.amount,
        p1_0.created_at,
        p1_0.method,
        p1_0.payment_date,
        p1_0.status,
        p1_0.updated_at 
    from
        payments p1_0 
    where
        p1_0.sales_order_id=?
2026-09-09 10:45:46 [http-nio-8080-exec-6] DEBUG org.hibernate.SQL - 
    select
        i1_0.sales_order_id,
        i1_0.id,
        i1_0.product_id,
        i1_0.quantity,
        i1_0.subtotal,
        i1_0.unit_price 
    from
        sales_order_items i1_0 
    where
        i1_0.sales_order_id=?
2026-09-09 10:45:46 [http-nio-8080-exec-6] DEBUG org.hibernate.SQL - 
    select
        p1_0.sales_order_id,
        p1_0.id,
        p1_0.amount,
        p1_0.created_at,
        p1_0.method,
        p1_0.payment_date,
        p1_0.status,
        p1_0.updated_at 
    from
        payments p1_0 
    where
        p1_0.sales_order_id=?
2026-09-09 10:45:46 [http-nio-8080-exec-6] DEBUG org.hibernate.SQL - 
    select
        i1_0.sales_order_id,
        i1_0.id,
        i1_0.product_id,
        i1_0.quantity,
        i1_0.subtotal,
        i1_0.unit_price 
    from
        sales_order_items i1_0 
    where
        i1_0.sales_order_id=?
2026-09-09 10:45:46 [http-nio-8080-exec-6] DEBUG org.hibernate.SQL - 
    select
        p1_0.sales_order_id,
        p1_0.id,
        p1_0.amount,
        p1_0.created_at,
        p1_0.method,
        p1_0.payment_date,
        p1_0.status,
        p1_0.updated_at 
    from
        payments p1_0 
    where
        p1_0.sales_order_id=?
2026-09-09 10:45:46 [http-nio-8080-exec-6] DEBUG org.hibernate.SQL - 
    select
        i1_0.sales_order_id,
        i1_0.id,
        i1_0.product_id,
        i1_0.quantity,
        i1_0.subtotal,
        i1_0.unit_price 
    from
        sales_order_items i1_0 
    where
        i1_0.sales_order_id=?
2026-09-09 10:45:46 [http-nio-8080-exec-6] DEBUG org.hibernate.SQL - 
    select
        p1_0.sales_order_id,
        p1_0.id,
        p1_0.amount,
        p1_0.created_at,
        p1_0.method,
        p1_0.payment_date,
        p1_0.status,
        p1_0.updated_at 
    from
        payments p1_0 
    where
        p1_0.sales_order_id=?
2026-09-09 10:45:46 [http-nio-8080-exec-6] DEBUG org.hibernate.SQL - 
    select
        u1_0.id,
        b1_0.id,
        b1_0.active,
        b1_0.address,
        b1_0.created_at,
        b1_0.name,
        b1_0.phone,
        b1_0.updated_at,
        u1_0.created_at,
        u1_0.email,
        u1_0.enabled,
        u1_0.full_name,
        u1_0.password,
        u1_0.phone,
        u1_0.role_id,
        r1_0.id,
        r1_0.description,
        r1_0.name,
        u1_0.updated_at,
        u1_0.username 
    from
        users u1_0 
    left join
        branches b1_0 
            on b1_0.id=u1_0.branch_id 
    join
        roles r1_0 
            on r1_0.id=u1_0.role_id 
    where
        u1_0.id=?
2026-09-09 10:45:46 [http-nio-8080-exec-6] DEBUG org.hibernate.SQL - 
    select
        i1_0.sales_order_id,
        i1_0.id,
        i1_0.product_id,
        i1_0.quantity,
        i1_0.subtotal,
        i1_0.unit_price 
    from
        sales_order_items i1_0 
    where
        i1_0.sales_order_id=?
2026-09-09 10:45:46 [http-nio-8080-exec-6] DEBUG org.hibernate.SQL - 
    select
        p1_0.id,
        p1_0.active,
        p1_0.created_at,
        p1_0.name,
        p1_0.reorder_level,
        p1_0.sku,
        p1_0.sub_category_id,
        p1_0.supplier_id,
        p1_0.unit,
        p1_0.unit_price,
        p1_0.updated_at 
    from
        products p1_0 
    where
        p1_0.id=?
2026-09-09 10:45:46 [http-nio-8080-exec-6] DEBUG org.hibernate.SQL - 
    select
        sc1_0.id,
        sc1_0.category_id,
        sc1_0.created_at,
        sc1_0.name,
        sc1_0.updated_at 
    from
        sub_categories sc1_0 
    where
        sc1_0.id=?
2026-09-09 10:45:46 [http-nio-8080-exec-6] DEBUG org.hibernate.SQL - 
    select
        c1_0.id,
        c1_0.created_at,
        c1_0.description,
        c1_0.name,
        c1_0.updated_at 
    from
        categories c1_0 
    where
        c1_0.id=?
2026-09-09 10:45:46 [http-nio-8080-exec-6] DEBUG org.hibernate.SQL - 
    select
        p1_0.sales_order_id,
        p1_0.id,
        p1_0.amount,
        p1_0.created_at,
        p1_0.method,
        p1_0.payment_date,
        p1_0.status,
        p1_0.updated_at 
    from
        payments p1_0 
    where
        p1_0.sales_order_id=?
2026-09-09 10:45:46 [http-nio-8080-exec-6] DEBUG org.hibernate.SQL - 
    select
        i1_0.sales_order_id,
        i1_0.id,
        i1_0.product_id,
        i1_0.quantity,
        i1_0.subtotal,
        i1_0.unit_price 
    from
        sales_order_items i1_0 
    where
        i1_0.sales_order_id=?
2026-09-09 10:45:46 [http-nio-8080-exec-6] DEBUG org.hibernate.SQL - 
    select
        p1_0.sales_order_id,
        p1_0.id,
        p1_0.amount,
        p1_0.created_at,
        p1_0.method,
        p1_0.payment_date,
        p1_0.status,
        p1_0.updated_at 
    from
        payments p1_0 
    where
        p1_0.sales_order_id=?
2026-09-09 10:45:46 [http-nio-8080-exec-6] DEBUG org.hibernate.SQL - 
    select
        c1_0.id,
        c1_0.address,
        c1_0.created_at,
        c1_0.email,
        c1_0.loyalty_points,
        c1_0.name,
        c1_0.phone,
        c1_0.updated_at 
    from
        customers c1_0 
    where
        c1_0.id=?
2026-09-09 10:45:46 [http-nio-8080-exec-6] DEBUG org.hibernate.SQL - 
    select
        i1_0.sales_order_id,
        i1_0.id,
        i1_0.product_id,
        i1_0.quantity,
        i1_0.subtotal,
        i1_0.unit_price 
    from
        sales_order_items i1_0 
    where
        i1_0.sales_order_id=?
2026-09-09 10:45:46 [http-nio-8080-exec-6] DEBUG org.hibernate.SQL - 
    select
        p1_0.id,
        p1_0.active,
        p1_0.created_at,
        p1_0.name,
        p1_0.reorder_level,
        p1_0.sku,
        p1_0.sub_category_id,
        p1_0.supplier_id,
        p1_0.unit,
        p1_0.unit_price,
        p1_0.updated_at 
    from
        products p1_0 
    where
        p1_0.id=?
2026-09-09 10:45:46 [http-nio-8080-exec-6] DEBUG org.hibernate.SQL - 
    select
        sc1_0.id,
        sc1_0.category_id,
        sc1_0.created_at,
        sc1_0.name,
        sc1_0.updated_at 
    from
        sub_categories sc1_0 
    where
        sc1_0.id=?
2026-09-09 10:45:46 [http-nio-8080-exec-6] DEBUG org.hibernate.SQL - 
    select
        c1_0.id,
        c1_0.created_at,
        c1_0.description,
        c1_0.name,
        c1_0.updated_at 
    from
        categories c1_0 
    where
        c1_0.id=?
2026-09-09 10:45:46 [http-nio-8080-exec-6] DEBUG org.hibernate.SQL - 
    select
        p1_0.id,
        p1_0.active,
        p1_0.created_at,
        p1_0.name,
        p1_0.reorder_level,
        p1_0.sku,
        p1_0.sub_category_id,
        p1_0.supplier_id,
        p1_0.unit,
        p1_0.unit_price,
        p1_0.updated_at 
    from
        products p1_0 
    where
        p1_0.id=?
2026-09-09 10:45:46 [http-nio-8080-exec-6] DEBUG org.hibernate.SQL - 
    select
        s1_0.id,
        s1_0.address,
        s1_0.contact_person,
        s1_0.created_at,
        s1_0.email,
        s1_0.name,
        s1_0.phone,
        s1_0.updated_at 
    from
        suppliers s1_0 
    where
        s1_0.id=?
2026-09-09 10:45:46 [http-nio-8080-exec-6] DEBUG org.hibernate.SQL - 
    select
        p1_0.sales_order_id,
        p1_0.id,
        p1_0.amount,
        p1_0.created_at,
        p1_0.method,
        p1_0.payment_date,
        p1_0.status,
        p1_0.updated_at 
    from
        payments p1_0 
    where
        p1_0.sales_order_id=?
2026-09-09 10:45:46 [http-nio-8080-exec-6] DEBUG org.hibernate.SQL - 
    select
        i1_0.sales_order_id,
        i1_0.id,
        i1_0.product_id,
        i1_0.quantity,
        i1_0.subtotal,
        i1_0.unit_price 
    from
        sales_order_items i1_0 
    where
        i1_0.sales_order_id=?
2026-09-09 10:45:46 [http-nio-8080-exec-6] DEBUG org.hibernate.SQL - 
    select
        p1_0.sales_order_id,
        p1_0.id,
        p1_0.amount,
        p1_0.created_at,
        p1_0.method,
        p1_0.payment_date,
        p1_0.status,
        p1_0.updated_at 
    from
        payments p1_0 
    where
        p1_0.sales_order_id=?
2026-09-09 10:45:46 [http-nio-8080-exec-6] DEBUG org.hibernate.SQL - 
    select
        i1_0.sales_order_id,
        i1_0.id,
        i1_0.product_id,
        i1_0.quantity,
        i1_0.subtotal,
        i1_0.unit_price 
    from
        sales_order_items i1_0 
    where
        i1_0.sales_order_id=?
2026-09-09 10:45:46 [http-nio-8080-exec-6] DEBUG org.hibernate.SQL - 
    select
        p1_0.id,
        p1_0.active,
        p1_0.created_at,
        p1_0.name,
        p1_0.reorder_level,
        p1_0.sku,
        p1_0.sub_category_id,
        p1_0.supplier_id,
        p1_0.unit,
        p1_0.unit_price,
        p1_0.updated_at 
    from
        products p1_0 
    where
        p1_0.id=?
2026-09-09 10:45:46 [http-nio-8080-exec-6] DEBUG org.hibernate.SQL - 
    select
        sc1_0.id,
        sc1_0.category_id,
        sc1_0.created_at,
        sc1_0.name,
        sc1_0.updated_at 
    from
        sub_categories sc1_0 
    where
        sc1_0.id=?
2026-09-09 10:45:46 [http-nio-8080-exec-6] DEBUG org.hibernate.SQL - 
    select
        c1_0.id,
        c1_0.created_at,
        c1_0.description,
        c1_0.name,
        c1_0.updated_at 
    from
        categories c1_0 
    where
        c1_0.id=?
2026-09-09 10:45:46 [http-nio-8080-exec-6] DEBUG org.hibernate.SQL - 
    select
        p1_0.sales_order_id,
        p1_0.id,
        p1_0.amount,
        p1_0.created_at,
        p1_0.method,
        p1_0.payment_date,
        p1_0.status,
        p1_0.updated_at 
    from
        payments p1_0 
    where
        p1_0.sales_order_id=?
2026-09-09 10:45:46 [http-nio-8080-exec-6] DEBUG org.hibernate.SQL - 
    select
        i1_0.sales_order_id,
        i1_0.id,
        i1_0.product_id,
        i1_0.quantity,
        i1_0.subtotal,
        i1_0.unit_price 
    from
        sales_order_items i1_0 
    where
        i1_0.sales_order_id=?
2026-09-09 10:45:46 [http-nio-8080-exec-6] DEBUG org.hibernate.SQL - 
    select
        p1_0.sales_order_id,
        p1_0.id,
        p1_0.amount,
        p1_0.created_at,
        p1_0.method,
        p1_0.payment_date,
        p1_0.status,
        p1_0.updated_at 
    from
        payments p1_0 
    where
        p1_0.sales_order_id=?
2026-09-09 10:45:46 [http-nio-8080-exec-6] DEBUG org.hibernate.SQL - 
    select
        i1_0.sales_order_id,
        i1_0.id,
        i1_0.product_id,
        i1_0.quantity,
        i1_0.subtotal,
        i1_0.unit_price 
    from
        sales_order_items i1_0 
    where
        i1_0.sales_order_id=?
2026-09-09 10:45:46 [http-nio-8080-exec-6] DEBUG org.hibernate.SQL - 
    select
        p1_0.id,
        p1_0.active,
        p1_0.created_at,
        p1_0.name,
        p1_0.reorder_level,
        p1_0.sku,
        p1_0.sub_category_id,
        p1_0.supplier_id,
        p1_0.unit,
        p1_0.unit_price,
        p1_0.updated_at 
    from
        products p1_0 
    where
        p1_0.id=?
2026-09-09 10:45:46 [http-nio-8080-exec-6] DEBUG org.hibernate.SQL - 
    select
        sc1_0.id,
        sc1_0.category_id,
        sc1_0.created_at,
        sc1_0.name,
        sc1_0.updated_at 
    from
        sub_categories sc1_0 
    where
        sc1_0.id=?
2026-09-09 10:45:46 [http-nio-8080-exec-6] DEBUG org.hibernate.SQL - 
    select
        p1_0.sales_order_id,
        p1_0.id,
        p1_0.amount,
        p1_0.created_at,
        p1_0.method,
        p1_0.payment_date,
        p1_0.status,
        p1_0.updated_at 
    from
        payments p1_0 
    where
        p1_0.sales_order_id=?
2026-09-09 10:45:46 [http-nio-8080-exec-6] DEBUG org.hibernate.SQL - 
    select
        i1_0.sales_order_id,
        i1_0.id,
        i1_0.product_id,
        i1_0.quantity,
        i1_0.subtotal,
        i1_0.unit_price 
    from
        sales_order_items i1_0 
    where
        i1_0.sales_order_id=?
2026-09-09 10:45:46 [http-nio-8080-exec-6] DEBUG org.hibernate.SQL - 
    select
        p1_0.id,
        p1_0.active,
        p1_0.created_at,
        p1_0.name,
        p1_0.reorder_level,
        p1_0.sku,
        p1_0.sub_category_id,
        p1_0.supplier_id,
        p1_0.unit,
        p1_0.unit_price,
        p1_0.updated_at 
    from
        products p1_0 
    where
        p1_0.id=?
2026-09-09 10:45:46 [http-nio-8080-exec-6] DEBUG org.hibernate.SQL - 
    select
        p1_0.sales_order_id,
        p1_0.id,
        p1_0.amount,
        p1_0.created_at,
        p1_0.method,
        p1_0.payment_date,
        p1_0.status,
        p1_0.updated_at 
    from
        payments p1_0 
    where
        p1_0.sales_order_id=?
2026-09-09 10:45:46 [http-nio-8080-exec-6] DEBUG org.hibernate.SQL - 
    select
        c1_0.id,
        c1_0.address,
        c1_0.created_at,
        c1_0.email,
        c1_0.loyalty_points,
        c1_0.name,
        c1_0.phone,
        c1_0.updated_at 
    from
        customers c1_0 
    where
        c1_0.id=?
2026-09-09 10:45:46 [http-nio-8080-exec-6] DEBUG org.hibernate.SQL - 
    select
        i1_0.sales_order_id,
        i1_0.id,
        i1_0.product_id,
        i1_0.quantity,
        i1_0.subtotal,
        i1_0.unit_price 
    from
        sales_order_items i1_0 
    where
        i1_0.sales_order_id=?
2026-09-09 10:45:46 [http-nio-8080-exec-6] DEBUG org.hibernate.SQL - 
    select
        p1_0.id,
        p1_0.active,
        p1_0.created_at,
        p1_0.name,
        p1_0.reorder_level,
        p1_0.sku,
        p1_0.sub_category_id,
        p1_0.supplier_id,
        p1_0.unit,
        p1_0.unit_price,
        p1_0.updated_at 
    from
        products p1_0 
    where
        p1_0.id=?
2026-09-09 10:45:46 [http-nio-8080-exec-6] DEBUG org.hibernate.SQL - 
    select
        sc1_0.id,
        sc1_0.category_id,
        sc1_0.created_at,
        sc1_0.name,
        sc1_0.updated_at 
    from
        sub_categories sc1_0 
    where
        sc1_0.id=?
2026-09-09 10:45:46 [http-nio-8080-exec-6] DEBUG org.hibernate.SQL - 
    select
        c1_0.id,
        c1_0.created_at,
        c1_0.description,
        c1_0.name,
        c1_0.updated_at 
    from
        categories c1_0 
    where
        c1_0.id=?
2026-09-09 10:45:46 [http-nio-8080-exec-6] DEBUG org.hibernate.SQL - 
    select
        s1_0.id,
        s1_0.address,
        s1_0.contact_person,
        s1_0.created_at,
        s1_0.email,
        s1_0.name,
        s1_0.phone,
        s1_0.updated_at 
    from
        suppliers s1_0 
    where
        s1_0.id=?
2026-09-09 10:45:46 [http-nio-8080-exec-6] DEBUG org.hibernate.SQL - 
    select
        p1_0.sales_order_id,
        p1_0.id,
        p1_0.amount,
        p1_0.created_at,
        p1_0.method,
        p1_0.payment_date,
        p1_0.status,
        p1_0.updated_at 
    from
        payments p1_0 
    where
        p1_0.sales_order_id=?
2026-09-09 10:45:46 [http-nio-8080-exec-6] DEBUG org.hibernate.SQL - 
    select
        c1_0.id,
        c1_0.address,
        c1_0.created_at,
        c1_0.email,
        c1_0.loyalty_points,
        c1_0.name,
        c1_0.phone,
        c1_0.updated_at 
    from
        customers c1_0 
    where
        c1_0.id=?
2026-09-09 10:45:46 [http-nio-8080-exec-6] DEBUG org.hibernate.SQL - 
    select
        i1_0.sales_order_id,
        i1_0.id,
        i1_0.product_id,
        i1_0.quantity,
        i1_0.subtotal,
        i1_0.unit_price 
    from
        sales_order_items i1_0 
    where
        i1_0.sales_order_id=?
2026-09-09 10:45:46 [http-nio-8080-exec-6] DEBUG org.hibernate.SQL - 
    select
        p1_0.id,
        p1_0.active,
        p1_0.created_at,
        p1_0.name,
        p1_0.reorder_level,
        p1_0.sku,
        p1_0.sub_category_id,
        p1_0.supplier_id,
        p1_0.unit,
        p1_0.unit_price,
        p1_0.updated_at 
    from
        products p1_0 
    where
        p1_0.id=?
2026-09-09 10:45:47 [http-nio-8080-exec-6] DEBUG org.hibernate.SQL - 
    select
        sc1_0.id,
        sc1_0.category_id,
        sc1_0.created_at,
        sc1_0.name,
        sc1_0.updated_at 
    from
        sub_categories sc1_0 
    where
        sc1_0.id=?
2026-09-09 10:45:47 [http-nio-8080-exec-6] DEBUG org.hibernate.SQL - 
    select
        c1_0.id,
        c1_0.created_at,
        c1_0.description,
        c1_0.name,
        c1_0.updated_at 
    from
        categories c1_0 
    where
        c1_0.id=?
2026-09-09 10:45:47 [http-nio-8080-exec-6] DEBUG org.hibernate.SQL - 
    select
        p1_0.sales_order_id,
        p1_0.id,
        p1_0.amount,
        p1_0.created_at,
        p1_0.method,
        p1_0.payment_date,
        p1_0.status,
        p1_0.updated_at 
    from
        payments p1_0 
    where
        p1_0.sales_order_id=?
2026-09-09 10:45:47 [http-nio-8080-exec-6] DEBUG org.hibernate.SQL - 
    select
        c1_0.id,
        c1_0.address,
        c1_0.created_at,
        c1_0.email,
        c1_0.loyalty_points,
        c1_0.name,
        c1_0.phone,
        c1_0.updated_at 
    from
        customers c1_0 
    where
        c1_0.id=?
2026-09-09 10:45:47 [http-nio-8080-exec-6] DEBUG org.hibernate.SQL - 
    select
        i1_0.sales_order_id,
        i1_0.id,
        i1_0.product_id,
        i1_0.quantity,
        i1_0.subtotal,
        i1_0.unit_price 
    from
        sales_order_items i1_0 
    where
        i1_0.sales_order_id=?
2026-09-09 10:45:47 [http-nio-8080-exec-6] DEBUG org.hibernate.SQL - 
    select
        p1_0.sales_order_id,
        p1_0.id,
        p1_0.amount,
        p1_0.created_at,
        p1_0.method,
        p1_0.payment_date,
        p1_0.status,
        p1_0.updated_at 
    from
        payments p1_0 
    where
        p1_0.sales_order_id=?
2026-09-09 18:05:20 [HikariPool-1 housekeeper] WARN  com.zaxxer.hikari.pool.HikariPool - HikariPool-1 - Thread starvation or clock leap detected (housekeeper delta=7h15m4s31ms923µs400ns).
2026-09-09 19:18:13 [HikariPool-1 housekeeper] WARN  com.zaxxer.hikari.pool.HikariPool - HikariPool-1 - Thread starvation or clock leap detected (housekeeper delta=1h7m25s16ms389µs100ns).
2026-09-09 19:22:32 [HikariPool-1 housekeeper] WARN  com.zaxxer.hikari.pool.HikariPool - HikariPool-1 - Thread starvation or clock leap detected (housekeeper delta=1m19s128ms479µs600ns).
2026-09-09 19:22:33 [SpringApplicationShutdownHook] INFO  o.s.o.j.LocalContainerEntityManagerFactoryBean - Closing JPA EntityManagerFactory for persistence unit 'default'
2026-09-09 19:22:33 [SpringApplicationShutdownHook] INFO  com.zaxxer.hikari.HikariDataSource - HikariPool-1 - Shutdown initiated...
2026-09-09 19:22:33 [SpringApplicationShutdownHook] INFO  com.zaxxer.hikari.HikariDataSource - HikariPool-1 - Shutdown completed.
