2026-09-07 22:32:31 [restartedMain] INFO  c.e.a.ApiProjectApplication - Starting ApiProjectApplication using Java 21.0.7 with PID 10676 (C:\Users\USER\Downloads\api_project\api_project\target\classes started by USER in C:\Users\USER\Downloads\api_project\api_project)
2026-09-07 22:32:31 [restartedMain] INFO  c.e.a.ApiProjectApplication - No active profile set, falling back to 1 default profile: "default"
2026-09-07 22:32:32 [restartedMain] INFO  o.s.b.d.e.DevToolsPropertyDefaultsPostProcessor - Devtools property defaults active! Set 'spring.devtools.add-properties' to 'false' to disable
2026-09-07 22:32:32 [restartedMain] INFO  o.s.b.d.e.DevToolsPropertyDefaultsPostProcessor - For additional web related logging consider setting the 'logging.level.web' property to 'DEBUG'
2026-09-07 22:32:33 [restartedMain] INFO  o.s.d.r.c.RepositoryConfigurationDelegate - Bootstrapping Spring Data JPA repositories in DEFAULT mode.
2026-09-07 22:32:33 [restartedMain] INFO  o.s.d.r.c.RepositoryConfigurationDelegate - Finished Spring Data repository scanning in 156 ms. Found 16 JPA repository interfaces.
2026-09-07 22:32:34 [restartedMain] INFO  o.s.b.w.e.tomcat.TomcatWebServer - Tomcat initialized with port 8080 (http)
2026-09-07 22:32:34 [restartedMain] INFO  o.a.catalina.core.StandardService - Starting service [Tomcat]
2026-09-07 22:32:34 [restartedMain] INFO  o.a.catalina.core.StandardEngine - Starting Servlet engine: [Apache Tomcat/10.1.30]
2026-09-07 22:32:35 [restartedMain] INFO  o.a.c.c.C.[Tomcat].[localhost].[/] - Initializing Spring embedded WebApplicationContext
2026-09-07 22:32:35 [restartedMain] INFO  o.s.b.w.s.c.ServletWebServerApplicationContext - Root WebApplicationContext: initialization completed in 2986 ms
2026-09-07 22:32:35 [restartedMain] INFO  o.h.jpa.internal.util.LogHelper - HHH000204: Processing PersistenceUnitInfo [name: default]
2026-09-07 22:32:35 [restartedMain] INFO  org.hibernate.Version - HHH000412: Hibernate ORM core version 6.5.3.Final
2026-09-07 22:32:35 [restartedMain] INFO  o.h.c.i.RegionFactoryInitiator - HHH000026: Second-level cache disabled
2026-09-07 22:32:35 [restartedMain] INFO  o.s.o.j.p.SpringPersistenceUnitInfo - No LoadTimeWeaver setup: ignoring JPA class transformer
2026-09-07 22:32:35 [restartedMain] INFO  com.zaxxer.hikari.HikariDataSource - HikariPool-1 - Starting...
2026-09-07 22:32:36 [restartedMain] INFO  com.zaxxer.hikari.pool.HikariPool - HikariPool-1 - Added connection com.mysql.cj.jdbc.ConnectionImpl@46e41c0e
2026-09-07 22:32:36 [restartedMain] INFO  com.zaxxer.hikari.HikariDataSource - HikariPool-1 - Start completed.
2026-09-07 22:32:36 [restartedMain] WARN  org.hibernate.orm.deprecation - HHH90000025: MySQLDialect does not need to be specified explicitly using 'hibernate.dialect' (remove the property setting and it will be selected by default)
2026-09-07 22:32:38 [restartedMain] INFO  o.h.e.t.j.p.i.JtaPlatformInitiator - HHH000489: No JTA platform available (set 'hibernate.transaction.jta.platform' to enable JTA platform integration)
2026-09-07 22:32:38 [restartedMain] DEBUG org.hibernate.SQL - 
    alter table discounts 
       modify column type enum ('FIXED','PERCENTAGE') not null
2026-09-07 22:32:39 [restartedMain] DEBUG org.hibernate.SQL - 
    alter table payments 
       modify column method enum ('CARD','CASH','ONLINE') not null
2026-09-07 22:32:39 [restartedMain] DEBUG org.hibernate.SQL - 
    alter table payments 
       modify column status enum ('FAILED','PENDING','REFUNDED','SUCCESS') not null
2026-09-07 22:32:39 [restartedMain] DEBUG org.hibernate.SQL - 
    alter table purchase_orders 
       modify column status enum ('APPROVED','CANCELLED','PENDING','RECEIVED') not null
2026-09-07 22:32:39 [restartedMain] DEBUG org.hibernate.SQL - 
    alter table sales_orders 
       modify column status enum ('CANCELLED','COMPLETED','PENDING','REFUNDED') not null
2026-09-07 22:32:39 [restartedMain] INFO  o.s.o.j.LocalContainerEntityManagerFactoryBean - Initialized JPA EntityManagerFactory for persistence unit 'default'
2026-09-07 22:32:40 [restartedMain] INFO  o.s.s.c.a.a.c.InitializeAuthenticationProviderBeanManagerConfigurer$InitializeAuthenticationProviderManagerConfigurer - Global AuthenticationManager configured with AuthenticationProvider bean with name authenticationProvider
2026-09-07 22:32:40 [restartedMain] WARN  o.s.s.c.a.a.c.InitializeUserDetailsBeanManagerConfigurer$InitializeUserDetailsManagerConfigurer - Global AuthenticationManager configured with an AuthenticationProvider bean. UserDetailsService beans will not be used for username/password login. Consider removing the AuthenticationProvider bean. Alternatively, consider using the UserDetailsService in a manually instantiated DaoAuthenticationProvider.
2026-09-07 22:32:42 [restartedMain] INFO  o.s.b.d.a.OptionalLiveReloadServer - LiveReload server is running on port 35729
2026-09-07 22:32:42 [restartedMain] INFO  o.s.b.w.e.tomcat.TomcatWebServer - Tomcat started on port 8080 (http) with context path '/'
2026-09-07 22:32:42 [restartedMain] INFO  c.e.a.ApiProjectApplication - Started ApiProjectApplication in 11.189 seconds (process running for 12.33)
2026-09-07 22:32:42 [restartedMain] DEBUG org.hibernate.SQL - 
    select
        r1_0.id,
        r1_0.description,
        r1_0.name 
    from
        roles r1_0 
    where
        r1_0.name=?
2026-09-07 22:32:42 [restartedMain] DEBUG org.hibernate.SQL - 
    select
        r1_0.id,
        r1_0.description,
        r1_0.name 
    from
        roles r1_0 
    where
        r1_0.name=?
2026-09-07 22:32:42 [restartedMain] DEBUG org.hibernate.SQL - 
    select
        r1_0.id,
        r1_0.description,
        r1_0.name 
    from
        roles r1_0 
    where
        r1_0.name=?
2026-09-07 22:32:43 [restartedMain] DEBUG org.hibernate.SQL - 
    select
        count(*) 
    from
        branches b1_0
2026-09-07 22:32:43 [restartedMain] DEBUG org.hibernate.SQL - 
    select
        b1_0.id,
        b1_0.active,
        b1_0.address,
        b1_0.created_at,
        b1_0.name,
        b1_0.phone,
        b1_0.updated_at 
    from
        branches b1_0
2026-09-07 22:32:43 [restartedMain] DEBUG org.hibernate.SQL - 
    select
        u1_0.id 
    from
        users u1_0 
    where
        u1_0.username=? 
    limit
        ?
2026-09-07 22:32:52 [File Watcher] INFO  o.s.b.d.a.LocalDevToolsAutoConfiguration$RestartingClassPathChangeChangedEventListener - Restarting due to 1 class path change (0 additions, 1 deletion, 0 modifications)
2026-09-07 22:32:52 [Thread-5] INFO  o.s.o.j.LocalContainerEntityManagerFactoryBean - Closing JPA EntityManagerFactory for persistence unit 'default'
2026-09-07 22:32:52 [Thread-5] INFO  com.zaxxer.hikari.HikariDataSource - HikariPool-1 - Shutdown initiated...
2026-09-07 22:32:52 [Thread-5] INFO  com.zaxxer.hikari.HikariDataSource - HikariPool-1 - Shutdown completed.
2026-09-07 22:32:52 [restartedMain] INFO  c.e.a.ApiProjectApplication - Starting ApiProjectApplication using Java 21.0.7 with PID 10676 (C:\Users\USER\Downloads\api_project\api_project\target\classes started by USER in C:\Users\USER\Downloads\api_project\api_project)
2026-09-07 22:32:52 [restartedMain] INFO  c.e.a.ApiProjectApplication - No active profile set, falling back to 1 default profile: "default"
2026-09-07 22:32:52 [restartedMain] INFO  o.s.d.r.c.RepositoryConfigurationDelegate - Bootstrapping Spring Data JPA repositories in DEFAULT mode.
2026-09-07 22:32:52 [restartedMain] WARN  o.s.b.w.s.c.AnnotationConfigServletWebServerApplicationContext - Exception encountered during context initialization - cancelling refresh attempt: java.lang.NoClassDefFoundError: com/example/api_project/entity/BaseEntity
2026-09-07 22:32:52 [restartedMain] INFO  o.s.b.a.l.ConditionEvaluationReportLogger - 

Error starting ApplicationContext. To display the condition evaluation report re-run your application with 'debug' enabled.
2026-09-07 22:32:52 [restartedMain] ERROR o.s.boot.SpringApplication - Application run failed
java.lang.NoClassDefFoundError: com/example/api_project/entity/BaseEntity
	at java.base/java.lang.ClassLoader.defineClass1(Native Method)
	at java.base/java.lang.ClassLoader.defineClass(ClassLoader.java:1027)
	at java.base/java.security.SecureClassLoader.defineClass(SecureClassLoader.java:150)
	at java.base/java.net.URLClassLoader.defineClass(URLClassLoader.java:524)
	at java.base/java.net.URLClassLoader$1.run(URLClassLoader.java:427)
	at java.base/java.net.URLClassLoader$1.run(URLClassLoader.java:421)
	at java.base/java.security.AccessController.doPrivileged(AccessController.java:714)
	at java.base/java.net.URLClassLoader.findClass(URLClassLoader.java:420)
	at org.springframework.boot.devtools.restart.classloader.RestartClassLoader.findClass(RestartClassLoader.java:136)
	at org.springframework.boot.devtools.restart.classloader.RestartClassLoader.loadClass(RestartClassLoader.java:118)
	at java.base/java.lang.ClassLoader.loadClass(ClassLoader.java:526)
	at java.base/java.lang.Class.forName0(Native Method)
	at java.base/java.lang.Class.forName(Class.java:534)
	at java.base/java.lang.Class.forName(Class.java:513)
	at java.base/sun.reflect.generics.factory.CoreReflectionFactory.makeNamedType(CoreReflectionFactory.java:114)
	at java.base/sun.reflect.generics.visitor.Reifier.visitClassTypeSignature(Reifier.java:125)
	at java.base/sun.reflect.generics.tree.ClassTypeSignature.accept(ClassTypeSignature.java:49)
	at java.base/sun.reflect.generics.visitor.Reifier.reifyTypeArguments(Reifier.java:68)
	at java.base/sun.reflect.generics.visitor.Reifier.visitClassTypeSignature(Reifier.java:138)
	at java.base/sun.reflect.generics.tree.ClassTypeSignature.accept(ClassTypeSignature.java:49)
	at java.base/sun.reflect.generics.repository.ClassRepository.computeSuperInterfaces(ClassRepository.java:117)
	at java.base/sun.reflect.generics.repository.ClassRepository.getSuperInterfaces(ClassRepository.java:95)
	at java.base/java.lang.Class.getGenericInterfaces(Class.java:1296)
	at org.springframework.core.ResolvableType.getInterfaces(ResolvableType.java:517)
	at org.springframework.core.ResolvableType.as(ResolvableType.java:465)
	at org.springframework.data.util.TypeDiscoverer.getSuperTypeInformation(TypeDiscoverer.java:256)
	at org.springframework.data.util.ClassTypeInformation.getSuperTypeInformation(ClassTypeInformation.java:36)
	at org.springframework.data.util.TypeInformation.getRequiredSuperTypeInformation(TypeInformation.java:327)
	at org.springframework.data.repository.core.support.DefaultRepositoryMetadata.<init>(DefaultRepositoryMetadata.java:55)
	at org.springframework.data.repository.core.support.AbstractRepositoryMetadata.getMetadata(AbstractRepositoryMetadata.java:77)
	at org.springframework.data.repository.config.RepositoryConfigurationExtensionSupport.getRepositoryConfigurations(RepositoryConfigurationExtensionSupport.java:91)
	at org.springframework.data.repository.config.RepositoryConfigurationDelegate.registerRepositoriesIn(RepositoryConfigurationDelegate.java:168)
	at org.springframework.boot.autoconfigure.data.AbstractRepositoryConfigurationSourceSupport.registerBeanDefinitions(AbstractRepositoryConfigurationSourceSupport.java:62)
	at org.springframework.context.annotation.ConfigurationClassBeanDefinitionReader.lambda$loadBeanDefinitionsFromRegistrars$1(ConfigurationClassBeanDefinitionReader.java:376)
	at java.base/java.util.LinkedHashMap.forEach(LinkedHashMap.java:986)
	at org.springframework.context.annotation.ConfigurationClassBeanDefinitionReader.loadBeanDefinitionsFromRegistrars(ConfigurationClassBeanDefinitionReader.java:375)
	at org.springframework.context.annotation.ConfigurationClassBeanDefinitionReader.loadBeanDefinitionsForConfigurationClass(ConfigurationClassBeanDefinitionReader.java:148)
	at org.springframework.context.annotation.ConfigurationClassBeanDefinitionReader.loadBeanDefinitions(ConfigurationClassBeanDefinitionReader.java:120)
	at org.springframework.context.annotation.ConfigurationClassPostProcessor.processConfigBeanDefinitions(ConfigurationClassPostProcessor.java:429)
	at org.springframework.context.annotation.ConfigurationClassPostProcessor.postProcessBeanDefinitionRegistry(ConfigurationClassPostProcessor.java:290)
	at org.springframework.context.support.PostProcessorRegistrationDelegate.invokeBeanDefinitionRegistryPostProcessors(PostProcessorRegistrationDelegate.java:349)
	at org.springframework.context.support.PostProcessorRegistrationDelegate.invokeBeanFactoryPostProcessors(PostProcessorRegistrationDelegate.java:118)
	at org.springframework.context.support.AbstractApplicationContext.invokeBeanFactoryPostProcessors(AbstractApplicationContext.java:789)
	at org.springframework.context.support.AbstractApplicationContext.refresh(AbstractApplicationContext.java:607)
	at org.springframework.boot.web.servlet.context.ServletWebServerApplicationContext.refresh(ServletWebServerApplicationContext.java:146)
	at org.springframework.boot.SpringApplication.refresh(SpringApplication.java:754)
	at org.springframework.boot.SpringApplication.refreshContext(SpringApplication.java:456)
	at org.springframework.boot.SpringApplication.run(SpringApplication.java:335)
	at org.springframework.boot.SpringApplication.run(SpringApplication.java:1363)
	at org.springframework.boot.SpringApplication.run(SpringApplication.java:1352)
	at com.example.api_project.ApiProjectApplication.main(ApiProjectApplication.java:10)
	at java.base/jdk.internal.reflect.DirectMethodHandleAccessor.invoke(DirectMethodHandleAccessor.java:103)
	at java.base/java.lang.reflect.Method.invoke(Method.java:580)
	at org.springframework.boot.devtools.restart.RestartLauncher.run(RestartLauncher.java:50)
Caused by: java.lang.ClassNotFoundException: com.example.api_project.entity.BaseEntity
	at java.base/jdk.internal.loader.BuiltinClassLoader.loadClass(BuiltinClassLoader.java:641)
	at java.base/jdk.internal.loader.ClassLoaders$AppClassLoader.loadClass(ClassLoaders.java:188)
	at java.base/java.lang.ClassLoader.loadClass(ClassLoader.java:526)
	at java.base/java.lang.Class.forName0(Native Method)
	at java.base/java.lang.Class.forName(Class.java:534)
	at java.base/java.lang.Class.forName(Class.java:513)
	at org.springframework.boot.devtools.restart.classloader.RestartClassLoader.loadClass(RestartClassLoader.java:121)
	at java.base/java.lang.ClassLoader.loadClass(ClassLoader.java:526)
	... 54 common frames omitted
2026-09-07 22:32:54 [restartedMain] INFO  c.e.a.ApiProjectApplication - Starting ApiProjectApplication using Java 21.0.7 with PID 10676 (C:\Users\USER\Downloads\api_project\api_project\target\classes started by USER in C:\Users\USER\Downloads\api_project\api_project)
2026-09-07 22:32:54 [restartedMain] INFO  c.e.a.ApiProjectApplication - No active profile set, falling back to 1 default profile: "default"
2026-09-07 22:32:54 [restartedMain] INFO  o.s.d.r.c.RepositoryConfigurationDelegate - Bootstrapping Spring Data JPA repositories in DEFAULT mode.
2026-09-07 22:32:54 [restartedMain] INFO  o.s.d.r.c.RepositoryConfigurationDelegate - Finished Spring Data repository scanning in 60 ms. Found 16 JPA repository interfaces.
2026-09-07 22:32:54 [restartedMain] INFO  o.s.b.w.e.tomcat.TomcatWebServer - Tomcat initialized with port 8080 (http)
2026-09-07 22:32:54 [restartedMain] INFO  o.a.catalina.core.StandardService - Starting service [Tomcat]
2026-09-07 22:32:54 [restartedMain] INFO  o.a.catalina.core.StandardEngine - Starting Servlet engine: [Apache Tomcat/10.1.30]
2026-09-07 22:32:54 [restartedMain] INFO  o.a.c.c.C.[Tomcat].[localhost].[/] - Initializing Spring embedded WebApplicationContext
2026-09-07 22:32:54 [restartedMain] INFO  o.s.b.w.s.c.ServletWebServerApplicationContext - Root WebApplicationContext: initialization completed in 751 ms
2026-09-07 22:32:55 [restartedMain] INFO  o.h.jpa.internal.util.LogHelper - HHH000204: Processing PersistenceUnitInfo [name: default]
2026-09-07 22:32:55 [restartedMain] INFO  o.h.c.i.RegionFactoryInitiator - HHH000026: Second-level cache disabled
2026-09-07 22:32:55 [restartedMain] INFO  o.s.o.j.p.SpringPersistenceUnitInfo - No LoadTimeWeaver setup: ignoring JPA class transformer
2026-09-07 22:32:55 [restartedMain] INFO  com.zaxxer.hikari.HikariDataSource - HikariPool-2 - Starting...
2026-09-07 22:32:55 [restartedMain] INFO  com.zaxxer.hikari.pool.HikariPool - HikariPool-2 - Added connection com.mysql.cj.jdbc.ConnectionImpl@2f40a21f
2026-09-07 22:32:55 [restartedMain] INFO  com.zaxxer.hikari.HikariDataSource - HikariPool-2 - Start completed.
2026-09-07 22:32:55 [restartedMain] WARN  org.hibernate.orm.deprecation - HHH90000025: MySQLDialect does not need to be specified explicitly using 'hibernate.dialect' (remove the property setting and it will be selected by default)
2026-09-07 22:32:55 [restartedMain] INFO  o.h.e.t.j.p.i.JtaPlatformInitiator - HHH000489: No JTA platform available (set 'hibernate.transaction.jta.platform' to enable JTA platform integration)
2026-09-07 22:32:55 [restartedMain] DEBUG org.hibernate.SQL - 
    alter table discounts 
       modify column type enum ('FIXED','PERCENTAGE') not null
2026-09-07 22:32:55 [restartedMain] DEBUG org.hibernate.SQL - 
    alter table payments 
       modify column method enum ('CARD','CASH','ONLINE') not null
2026-09-07 22:32:55 [restartedMain] DEBUG org.hibernate.SQL - 
    alter table payments 
       modify column status enum ('FAILED','PENDING','REFUNDED','SUCCESS') not null
2026-09-07 22:32:55 [restartedMain] DEBUG org.hibernate.SQL - 
    alter table purchase_orders 
       modify column status enum ('APPROVED','CANCELLED','PENDING','RECEIVED') not null
2026-09-07 22:32:55 [restartedMain] DEBUG org.hibernate.SQL - 
    alter table sales_orders 
       modify column status enum ('CANCELLED','COMPLETED','PENDING','REFUNDED') not null
2026-09-07 22:32:57 [restartedMain] INFO  o.s.o.j.LocalContainerEntityManagerFactoryBean - Initialized JPA EntityManagerFactory for persistence unit 'default'
2026-09-07 22:32:59 [restartedMain] INFO  o.s.s.c.a.a.c.InitializeAuthenticationProviderBeanManagerConfigurer$InitializeAuthenticationProviderManagerConfigurer - Global AuthenticationManager configured with AuthenticationProvider bean with name authenticationProvider
2026-09-07 22:32:59 [restartedMain] WARN  o.s.s.c.a.a.c.InitializeUserDetailsBeanManagerConfigurer$InitializeUserDetailsManagerConfigurer - Global AuthenticationManager configured with an AuthenticationProvider bean. UserDetailsService beans will not be used for username/password login. Consider removing the AuthenticationProvider bean. Alternatively, consider using the UserDetailsService in a manually instantiated DaoAuthenticationProvider.
2026-09-07 22:33:01 [restartedMain] INFO  o.s.b.d.a.OptionalLiveReloadServer - LiveReload server is running on port 35729
2026-09-07 22:33:01 [restartedMain] INFO  o.s.b.w.e.tomcat.TomcatWebServer - Tomcat started on port 8080 (http) with context path '/'
2026-09-07 22:33:01 [restartedMain] INFO  c.e.a.ApiProjectApplication - Started ApiProjectApplication in 7.533 seconds (process running for 31.86)
2026-09-07 22:33:01 [restartedMain] DEBUG org.hibernate.SQL - 
    select
        r1_0.id,
        r1_0.description,
        r1_0.name 
    from
        roles r1_0 
    where
        r1_0.name=?
2026-09-07 22:33:01 [restartedMain] DEBUG org.hibernate.SQL - 
    select
        r1_0.id,
        r1_0.description,
        r1_0.name 
    from
        roles r1_0 
    where
        r1_0.name=?
2026-09-07 22:33:01 [restartedMain] DEBUG org.hibernate.SQL - 
    select
        r1_0.id,
        r1_0.description,
        r1_0.name 
    from
        roles r1_0 
    where
        r1_0.name=?
2026-09-07 22:33:01 [restartedMain] DEBUG org.hibernate.SQL - 
    select
        count(*) 
    from
        branches b1_0
2026-09-07 22:33:01 [restartedMain] DEBUG org.hibernate.SQL - 
    select
        b1_0.id,
        b1_0.active,
        b1_0.address,
        b1_0.created_at,
        b1_0.name,
        b1_0.phone,
        b1_0.updated_at 
    from
        branches b1_0
2026-09-07 22:33:01 [restartedMain] DEBUG org.hibernate.SQL - 
    select
        u1_0.id 
    from
        users u1_0 
    where
        u1_0.username=? 
    limit
        ?
2026-09-07 22:33:01 [restartedMain] INFO  o.s.b.d.a.ConditionEvaluationDeltaLoggingListener - Condition evaluation unchanged
2026-09-07 22:33:01 [http-nio-8080-exec-1] INFO  o.a.c.c.C.[Tomcat].[localhost].[/] - Initializing Spring DispatcherServlet 'dispatcherServlet'
2026-09-07 22:33:01 [http-nio-8080-exec-1] INFO  o.s.web.servlet.DispatcherServlet - Initializing Servlet 'dispatcherServlet'
2026-09-07 22:33:01 [http-nio-8080-exec-1] INFO  o.s.web.servlet.DispatcherServlet - Completed initialization in 3 ms
2026-09-07 22:33:06 [File Watcher] INFO  o.s.b.d.a.LocalDevToolsAutoConfiguration$RestartingClassPathChangeChangedEventListener - Restarting due to 1 class path change (0 additions, 1 deletion, 0 modifications)
2026-09-07 22:33:06 [Thread-7] INFO  o.s.o.j.LocalContainerEntityManagerFactoryBean - Closing JPA EntityManagerFactory for persistence unit 'default'
2026-09-07 22:33:06 [Thread-7] INFO  com.zaxxer.hikari.HikariDataSource - HikariPool-2 - Shutdown initiated...
2026-09-07 22:33:06 [Thread-7] INFO  com.zaxxer.hikari.HikariDataSource - HikariPool-2 - Shutdown completed.
2026-09-07 22:33:06 [restartedMain] INFO  c.e.a.ApiProjectApplication - Starting ApiProjectApplication using Java 21.0.7 with PID 10676 (C:\Users\USER\Downloads\api_project\api_project\target\classes started by USER in C:\Users\USER\Downloads\api_project\api_project)
2026-09-07 22:33:06 [restartedMain] INFO  c.e.a.ApiProjectApplication - No active profile set, falling back to 1 default profile: "default"
2026-09-07 22:33:07 [restartedMain] INFO  o.s.d.r.c.RepositoryConfigurationDelegate - Bootstrapping Spring Data JPA repositories in DEFAULT mode.
2026-09-07 22:33:07 [restartedMain] WARN  o.s.b.w.s.c.AnnotationConfigServletWebServerApplicationContext - Exception encountered during context initialization - cancelling refresh attempt: java.lang.NoClassDefFoundError: com/example/api_project/entity/BaseEntity
2026-09-07 22:33:07 [restartedMain] INFO  o.s.b.a.l.ConditionEvaluationReportLogger - 

Error starting ApplicationContext. To display the condition evaluation report re-run your application with 'debug' enabled.
2026-09-07 22:33:07 [restartedMain] ERROR o.s.boot.SpringApplication - Application run failed
java.lang.NoClassDefFoundError: com/example/api_project/entity/BaseEntity
	at java.base/java.lang.ClassLoader.defineClass1(Native Method)
	at java.base/java.lang.ClassLoader.defineClass(ClassLoader.java:1027)
	at java.base/java.security.SecureClassLoader.defineClass(SecureClassLoader.java:150)
	at java.base/java.net.URLClassLoader.defineClass(URLClassLoader.java:524)
	at java.base/java.net.URLClassLoader$1.run(URLClassLoader.java:427)
	at java.base/java.net.URLClassLoader$1.run(URLClassLoader.java:421)
	at java.base/java.security.AccessController.doPrivileged(AccessController.java:714)
	at java.base/java.net.URLClassLoader.findClass(URLClassLoader.java:420)
	at org.springframework.boot.devtools.restart.classloader.RestartClassLoader.findClass(RestartClassLoader.java:136)
	at org.springframework.boot.devtools.restart.classloader.RestartClassLoader.loadClass(RestartClassLoader.java:118)
	at java.base/java.lang.ClassLoader.loadClass(ClassLoader.java:526)
	at java.base/java.lang.Class.forName0(Native Method)
	at java.base/java.lang.Class.forName(Class.java:534)
	at java.base/java.lang.Class.forName(Class.java:513)
	at java.base/sun.reflect.generics.factory.CoreReflectionFactory.makeNamedType(CoreReflectionFactory.java:114)
	at java.base/sun.reflect.generics.visitor.Reifier.visitClassTypeSignature(Reifier.java:125)
	at java.base/sun.reflect.generics.tree.ClassTypeSignature.accept(ClassTypeSignature.java:49)
	at java.base/sun.reflect.generics.visitor.Reifier.reifyTypeArguments(Reifier.java:68)
	at java.base/sun.reflect.generics.visitor.Reifier.visitClassTypeSignature(Reifier.java:138)
	at java.base/sun.reflect.generics.tree.ClassTypeSignature.accept(ClassTypeSignature.java:49)
	at java.base/sun.reflect.generics.repository.ClassRepository.computeSuperInterfaces(ClassRepository.java:117)
	at java.base/sun.reflect.generics.repository.ClassRepository.getSuperInterfaces(ClassRepository.java:95)
	at java.base/java.lang.Class.getGenericInterfaces(Class.java:1296)
	at org.springframework.core.ResolvableType.getInterfaces(ResolvableType.java:517)
	at org.springframework.core.ResolvableType.as(ResolvableType.java:465)
	at org.springframework.data.util.TypeDiscoverer.getSuperTypeInformation(TypeDiscoverer.java:256)
	at org.springframework.data.util.ClassTypeInformation.getSuperTypeInformation(ClassTypeInformation.java:36)
	at org.springframework.data.util.TypeInformation.getRequiredSuperTypeInformation(TypeInformation.java:327)
	at org.springframework.data.repository.core.support.DefaultRepositoryMetadata.<init>(DefaultRepositoryMetadata.java:55)
	at org.springframework.data.repository.core.support.AbstractRepositoryMetadata.getMetadata(AbstractRepositoryMetadata.java:77)
	at org.springframework.data.repository.config.RepositoryConfigurationExtensionSupport.getRepositoryConfigurations(RepositoryConfigurationExtensionSupport.java:91)
	at org.springframework.data.repository.config.RepositoryConfigurationDelegate.registerRepositoriesIn(RepositoryConfigurationDelegate.java:168)
	at org.springframework.boot.autoconfigure.data.AbstractRepositoryConfigurationSourceSupport.registerBeanDefinitions(AbstractRepositoryConfigurationSourceSupport.java:62)
	at org.springframework.context.annotation.ConfigurationClassBeanDefinitionReader.lambda$loadBeanDefinitionsFromRegistrars$1(ConfigurationClassBeanDefinitionReader.java:376)
	at java.base/java.util.LinkedHashMap.forEach(LinkedHashMap.java:986)
	at org.springframework.context.annotation.ConfigurationClassBeanDefinitionReader.loadBeanDefinitionsFromRegistrars(ConfigurationClassBeanDefinitionReader.java:375)
	at org.springframework.context.annotation.ConfigurationClassBeanDefinitionReader.loadBeanDefinitionsForConfigurationClass(ConfigurationClassBeanDefinitionReader.java:148)
	at org.springframework.context.annotation.ConfigurationClassBeanDefinitionReader.loadBeanDefinitions(ConfigurationClassBeanDefinitionReader.java:120)
	at org.springframework.context.annotation.ConfigurationClassPostProcessor.processConfigBeanDefinitions(ConfigurationClassPostProcessor.java:429)
	at org.springframework.context.annotation.ConfigurationClassPostProcessor.postProcessBeanDefinitionRegistry(ConfigurationClassPostProcessor.java:290)
	at org.springframework.context.support.PostProcessorRegistrationDelegate.invokeBeanDefinitionRegistryPostProcessors(PostProcessorRegistrationDelegate.java:349)
	at org.springframework.context.support.PostProcessorRegistrationDelegate.invokeBeanFactoryPostProcessors(PostProcessorRegistrationDelegate.java:118)
	at org.springframework.context.support.AbstractApplicationContext.invokeBeanFactoryPostProcessors(AbstractApplicationContext.java:789)
	at org.springframework.context.support.AbstractApplicationContext.refresh(AbstractApplicationContext.java:607)
	at org.springframework.boot.web.servlet.context.ServletWebServerApplicationContext.refresh(ServletWebServerApplicationContext.java:146)
	at org.springframework.boot.SpringApplication.refresh(SpringApplication.java:754)
	at org.springframework.boot.SpringApplication.refreshContext(SpringApplication.java:456)
	at org.springframework.boot.SpringApplication.run(SpringApplication.java:335)
	at org.springframework.boot.SpringApplication.run(SpringApplication.java:1363)
	at org.springframework.boot.SpringApplication.run(SpringApplication.java:1352)
	at com.example.api_project.ApiProjectApplication.main(ApiProjectApplication.java:10)
	at java.base/jdk.internal.reflect.DirectMethodHandleAccessor.invoke(DirectMethodHandleAccessor.java:103)
	at java.base/java.lang.reflect.Method.invoke(Method.java:580)
	at org.springframework.boot.devtools.restart.RestartLauncher.run(RestartLauncher.java:50)
Caused by: java.lang.ClassNotFoundException: com.example.api_project.entity.BaseEntity
	at java.base/jdk.internal.loader.BuiltinClassLoader.loadClass(BuiltinClassLoader.java:641)
	at java.base/jdk.internal.loader.ClassLoaders$AppClassLoader.loadClass(ClassLoaders.java:188)
	at java.base/java.lang.ClassLoader.loadClass(ClassLoader.java:526)
	at java.base/java.lang.Class.forName0(Native Method)
	at java.base/java.lang.Class.forName(Class.java:534)
	at java.base/java.lang.Class.forName(Class.java:513)
	at org.springframework.boot.devtools.restart.classloader.RestartClassLoader.loadClass(RestartClassLoader.java:121)
	at java.base/java.lang.ClassLoader.loadClass(ClassLoader.java:526)
	... 54 common frames omitted
2026-09-07 22:33:11 [restartedMain] INFO  c.e.a.ApiProjectApplication - Starting ApiProjectApplication using Java 21.0.7 with PID 10676 (C:\Users\USER\Downloads\api_project\api_project\target\classes started by USER in C:\Users\USER\Downloads\api_project\api_project)
2026-09-07 22:33:11 [restartedMain] INFO  c.e.a.ApiProjectApplication - No active profile set, falling back to 1 default profile: "default"
2026-09-07 22:33:11 [restartedMain] INFO  o.s.d.r.c.RepositoryConfigurationDelegate - Bootstrapping Spring Data JPA repositories in DEFAULT mode.
2026-09-07 22:33:11 [restartedMain] INFO  o.s.d.r.c.RepositoryConfigurationDelegate - Finished Spring Data repository scanning in 166 ms. Found 16 JPA repository interfaces.
2026-09-07 22:33:12 [restartedMain] INFO  o.s.b.w.e.tomcat.TomcatWebServer - Tomcat initialized with port 8080 (http)
2026-09-07 22:33:12 [restartedMain] INFO  o.a.catalina.core.StandardService - Starting service [Tomcat]
2026-09-07 22:33:12 [restartedMain] INFO  o.a.catalina.core.StandardEngine - Starting Servlet engine: [Apache Tomcat/10.1.30]
2026-09-07 22:33:12 [restartedMain] INFO  o.a.c.c.C.[Tomcat].[localhost].[/] - Initializing Spring embedded WebApplicationContext
2026-09-07 22:33:12 [restartedMain] INFO  o.s.b.w.s.c.ServletWebServerApplicationContext - Root WebApplicationContext: initialization completed in 1148 ms
2026-09-07 22:33:12 [restartedMain] INFO  o.h.jpa.internal.util.LogHelper - HHH000204: Processing PersistenceUnitInfo [name: default]
2026-09-07 22:33:12 [restartedMain] INFO  o.h.c.i.RegionFactoryInitiator - HHH000026: Second-level cache disabled
2026-09-07 22:33:12 [restartedMain] INFO  o.s.o.j.p.SpringPersistenceUnitInfo - No LoadTimeWeaver setup: ignoring JPA class transformer
2026-09-07 22:33:12 [restartedMain] INFO  com.zaxxer.hikari.HikariDataSource - HikariPool-3 - Starting...
2026-09-07 22:33:12 [restartedMain] INFO  com.zaxxer.hikari.pool.HikariPool - HikariPool-3 - Added connection com.mysql.cj.jdbc.ConnectionImpl@22e3c0e2
2026-09-07 22:33:12 [restartedMain] INFO  com.zaxxer.hikari.HikariDataSource - HikariPool-3 - Start completed.
2026-09-07 22:33:12 [restartedMain] WARN  org.hibernate.orm.deprecation - HHH90000025: MySQLDialect does not need to be specified explicitly using 'hibernate.dialect' (remove the property setting and it will be selected by default)
2026-09-07 22:33:13 [restartedMain] INFO  o.h.e.t.j.p.i.JtaPlatformInitiator - HHH000489: No JTA platform available (set 'hibernate.transaction.jta.platform' to enable JTA platform integration)
2026-09-07 22:33:13 [restartedMain] DEBUG org.hibernate.SQL - 
    alter table discounts 
       modify column type enum ('FIXED','PERCENTAGE') not null
2026-09-07 22:33:13 [restartedMain] DEBUG org.hibernate.SQL - 
    alter table payments 
       modify column method enum ('CARD','CASH','ONLINE') not null
2026-09-07 22:33:13 [restartedMain] DEBUG org.hibernate.SQL - 
    alter table payments 
       modify column status enum ('FAILED','PENDING','REFUNDED','SUCCESS') not null
2026-09-07 22:33:13 [restartedMain] DEBUG org.hibernate.SQL - 
    alter table purchase_orders 
       modify column status enum ('APPROVED','CANCELLED','PENDING','RECEIVED') not null
2026-09-07 22:33:13 [restartedMain] DEBUG org.hibernate.SQL - 
    alter table sales_orders 
       modify column status enum ('CANCELLED','COMPLETED','PENDING','REFUNDED') not null
2026-09-07 22:33:14 [restartedMain] INFO  o.s.o.j.LocalContainerEntityManagerFactoryBean - Initialized JPA EntityManagerFactory for persistence unit 'default'
2026-09-07 22:33:15 [restartedMain] INFO  o.s.s.c.a.a.c.InitializeAuthenticationProviderBeanManagerConfigurer$InitializeAuthenticationProviderManagerConfigurer - Global AuthenticationManager configured with AuthenticationProvider bean with name authenticationProvider
2026-09-07 22:33:15 [restartedMain] WARN  o.s.s.c.a.a.c.InitializeUserDetailsBeanManagerConfigurer$InitializeUserDetailsManagerConfigurer - Global AuthenticationManager configured with an AuthenticationProvider bean. UserDetailsService beans will not be used for username/password login. Consider removing the AuthenticationProvider bean. Alternatively, consider using the UserDetailsService in a manually instantiated DaoAuthenticationProvider.
2026-09-07 22:33:17 [restartedMain] INFO  o.s.b.d.a.OptionalLiveReloadServer - LiveReload server is running on port 35729
2026-09-07 22:33:17 [restartedMain] INFO  o.s.b.w.e.tomcat.TomcatWebServer - Tomcat started on port 8080 (http) with context path '/'
2026-09-07 22:33:17 [http-nio-8080-exec-1] INFO  o.a.c.c.C.[Tomcat].[localhost].[/] - Initializing Spring DispatcherServlet 'dispatcherServlet'
2026-09-07 22:33:17 [http-nio-8080-exec-1] INFO  o.s.web.servlet.DispatcherServlet - Initializing Servlet 'dispatcherServlet'
2026-09-07 22:33:17 [restartedMain] INFO  c.e.a.ApiProjectApplication - Started ApiProjectApplication in 6.155 seconds (process running for 47.386)
2026-09-07 22:33:17 [http-nio-8080-exec-1] INFO  o.s.web.servlet.DispatcherServlet - Completed initialization in 1 ms
2026-09-07 22:33:17 [restartedMain] DEBUG org.hibernate.SQL - 
    select
        r1_0.id,
        r1_0.description,
        r1_0.name 
    from
        roles r1_0 
    where
        r1_0.name=?
2026-09-07 22:33:17 [restartedMain] DEBUG org.hibernate.SQL - 
    select
        r1_0.id,
        r1_0.description,
        r1_0.name 
    from
        roles r1_0 
    where
        r1_0.name=?
2026-09-07 22:33:17 [restartedMain] DEBUG org.hibernate.SQL - 
    select
        r1_0.id,
        r1_0.description,
        r1_0.name 
    from
        roles r1_0 
    where
        r1_0.name=?
2026-09-07 22:33:17 [restartedMain] DEBUG org.hibernate.SQL - 
    select
        count(*) 
    from
        branches b1_0
2026-09-07 22:33:17 [restartedMain] DEBUG org.hibernate.SQL - 
    select
        b1_0.id,
        b1_0.active,
        b1_0.address,
        b1_0.created_at,
        b1_0.name,
        b1_0.phone,
        b1_0.updated_at 
    from
        branches b1_0
2026-09-07 22:33:17 [restartedMain] DEBUG org.hibernate.SQL - 
    select
        u1_0.id 
    from
        users u1_0 
    where
        u1_0.username=? 
    limit
        ?
2026-09-07 22:33:17 [restartedMain] INFO  o.s.b.d.a.ConditionEvaluationDeltaLoggingListener - Condition evaluation unchanged
2026-09-07 22:33:17 [http-nio-8080-exec-2] DEBUG org.hibernate.SQL - 
    select
        u1_0.id,
        u1_0.branch_id,
        u1_0.created_at,
        u1_0.email,
        u1_0.enabled,
        u1_0.full_name,
        u1_0.password,
        u1_0.phone,
        u1_0.role_id,
        u1_0.updated_at,
        u1_0.username 
    from
        users u1_0 
    where
        u1_0.username=?
2026-09-07 22:33:17 [http-nio-8080-exec-2] DEBUG org.hibernate.SQL - 
    select
        b1_0.id,
        b1_0.active,
        b1_0.address,
        b1_0.created_at,
        b1_0.name,
        b1_0.phone,
        b1_0.updated_at 
    from
        branches b1_0 
    where
        b1_0.id=?
2026-09-07 22:33:17 [http-nio-8080-exec-2] DEBUG org.hibernate.SQL - 
    select
        r1_0.id,
        r1_0.description,
        r1_0.name 
    from
        roles r1_0 
    where
        r1_0.id=?
2026-09-07 22:33:18 [http-nio-8080-exec-2] WARN  c.e.a.e.GlobalExceptionHandler - Authentication failed: Bad credentials
2026-09-07 22:33:18 [http-nio-8080-exec-2] WARN  o.s.w.s.m.m.a.ExceptionHandlerExceptionResolver - Resolved [org.springframework.security.authentication.BadCredentialsException: Bad credentials]
2026-09-07 22:33:31 [http-nio-8080-exec-4] DEBUG org.hibernate.SQL - 
    select
        u1_0.id,
        u1_0.branch_id,
        u1_0.created_at,
        u1_0.email,
        u1_0.enabled,
        u1_0.full_name,
        u1_0.password,
        u1_0.phone,
        u1_0.role_id,
        u1_0.updated_at,
        u1_0.username 
    from
        users u1_0 
    where
        u1_0.username=?
2026-09-07 22:33:31 [http-nio-8080-exec-4] DEBUG org.hibernate.SQL - 
    select
        b1_0.id,
        b1_0.active,
        b1_0.address,
        b1_0.created_at,
        b1_0.name,
        b1_0.phone,
        b1_0.updated_at 
    from
        branches b1_0 
    where
        b1_0.id=?
2026-09-07 22:33:31 [http-nio-8080-exec-4] DEBUG org.hibernate.SQL - 
    select
        r1_0.id,
        r1_0.description,
        r1_0.name 
    from
        roles r1_0 
    where
        r1_0.id=?
2026-09-07 22:33:31 [http-nio-8080-exec-4] DEBUG org.hibernate.SQL - 
    select
        u1_0.id,
        u1_0.branch_id,
        u1_0.created_at,
        u1_0.email,
        u1_0.enabled,
        u1_0.full_name,
        u1_0.password,
        u1_0.phone,
        u1_0.role_id,
        u1_0.updated_at,
        u1_0.username 
    from
        users u1_0 
    where
        u1_0.username=?
2026-09-07 22:33:31 [http-nio-8080-exec-4] DEBUG org.hibernate.SQL - 
    insert 
    into
        audit_logs
        (action, details, entity_id, entity_name, timestamp, user_id) 
    values
        (?, ?, ?, ?, ?, ?)
2026-09-07 22:33:31 [http-nio-8080-exec-4] INFO  c.e.api_project.util.AuditLogger - AUDIT [LOGIN] User #1 - User logged in: admin
2026-09-07 22:33:31 [http-nio-8080-exec-4] INFO  c.e.api_project.service.AuthService - User logged in: admin
2026-09-07 22:33:32 [http-nio-8080-exec-6] DEBUG org.hibernate.SQL - 
    select
        u1_0.id,
        u1_0.branch_id,
        u1_0.created_at,
        u1_0.email,
        u1_0.enabled,
        u1_0.full_name,
        u1_0.password,
        u1_0.phone,
        u1_0.role_id,
        u1_0.updated_at,
        u1_0.username 
    from
        users u1_0 
    where
        u1_0.username=?
2026-09-07 22:33:32 [http-nio-8080-exec-6] DEBUG org.hibernate.SQL - 
    select
        b1_0.id,
        b1_0.active,
        b1_0.address,
        b1_0.created_at,
        b1_0.name,
        b1_0.phone,
        b1_0.updated_at 
    from
        branches b1_0 
    where
        b1_0.id=?
2026-09-07 22:33:32 [http-nio-8080-exec-6] DEBUG org.hibernate.SQL - 
    select
        r1_0.id,
        r1_0.description,
        r1_0.name 
    from
        roles r1_0 
    where
        r1_0.id=?
2026-09-07 22:33:32 [http-nio-8080-exec-6] DEBUG org.hibernate.SQL - 
    select
        u1_0.id,
        b1_0.id,
        b1_0.active,
        b1_0.address,
        b1_0.created_at,
        b1_0.name,
        b1_0.phone,
        b1_0.updated_at,
        u1_0.created_at,
        u1_0.email,
        u1_0.enabled,
        u1_0.full_name,
        u1_0.password,
        u1_0.phone,
        u1_0.role_id,
        r1_0.id,
        r1_0.description,
        r1_0.name,
        u1_0.updated_at,
        u1_0.username 
    from
        users u1_0 
    left join
        branches b1_0 
            on b1_0.id=u1_0.branch_id 
    join
        roles r1_0 
            on r1_0.id=u1_0.role_id 
    where
        u1_0.id=?
2026-09-07 22:33:32 [http-nio-8080-exec-8] DEBUG org.hibernate.SQL - 
    select
        u1_0.id,
        u1_0.branch_id,
        u1_0.created_at,
        u1_0.email,
        u1_0.enabled,
        u1_0.full_name,
        u1_0.password,
        u1_0.phone,
        u1_0.role_id,
        u1_0.updated_at,
        u1_0.username 
    from
        users u1_0 
    where
        u1_0.username=?
2026-09-07 22:33:32 [http-nio-8080-exec-8] DEBUG org.hibernate.SQL - 
    select
        b1_0.id,
        b1_0.active,
        b1_0.address,
        b1_0.created_at,
        b1_0.name,
        b1_0.phone,
        b1_0.updated_at 
    from
        branches b1_0 
    where
        b1_0.id=?
2026-09-07 22:33:32 [http-nio-8080-exec-8] DEBUG org.hibernate.SQL - 
    select
        r1_0.id,
        r1_0.description,
        r1_0.name 
    from
        roles r1_0 
    where
        r1_0.id=?
2026-09-07 22:33:32 [http-nio-8080-exec-8] DEBUG org.hibernate.SQL - 
    select
        b1_0.id,
        b1_0.active,
        b1_0.address,
        b1_0.created_at,
        b1_0.name,
        b1_0.phone,
        b1_0.updated_at 
    from
        branches b1_0
2026-09-07 22:33:32 [http-nio-8080-exec-3] DEBUG org.hibernate.SQL - 
    select
        u1_0.id,
        u1_0.branch_id,
        u1_0.created_at,
        u1_0.email,
        u1_0.enabled,
        u1_0.full_name,
        u1_0.password,
        u1_0.phone,
        u1_0.role_id,
        u1_0.updated_at,
        u1_0.username 
    from
        users u1_0 
    where
        u1_0.username=?
2026-09-07 22:33:32 [http-nio-8080-exec-4] DEBUG org.hibernate.SQL - 
    select
        u1_0.id,
        u1_0.branch_id,
        u1_0.created_at,
        u1_0.email,
        u1_0.enabled,
        u1_0.full_name,
        u1_0.password,
        u1_0.phone,
        u1_0.role_id,
        u1_0.updated_at,
        u1_0.username 
    from
        users u1_0 
    where
        u1_0.username=?
2026-09-07 22:33:32 [http-nio-8080-exec-5] DEBUG org.hibernate.SQL - 
    select
        u1_0.id,
        u1_0.branch_id,
        u1_0.created_at,
        u1_0.email,
        u1_0.enabled,
        u1_0.full_name,
        u1_0.password,
        u1_0.phone,
        u1_0.role_id,
        u1_0.updated_at,
        u1_0.username 
    from
        users u1_0 
    where
        u1_0.username=?
2026-09-07 22:33:32 [http-nio-8080-exec-3] DEBUG org.hibernate.SQL - 
    select
        b1_0.id,
        b1_0.active,
        b1_0.address,
        b1_0.created_at,
        b1_0.name,
        b1_0.phone,
        b1_0.updated_at 
    from
        branches b1_0 
    where
        b1_0.id=?
2026-09-07 22:33:32 [http-nio-8080-exec-6] DEBUG org.hibernate.SQL - 
    select
        u1_0.id,
        u1_0.branch_id,
        u1_0.created_at,
        u1_0.email,
        u1_0.enabled,
        u1_0.full_name,
        u1_0.password,
        u1_0.phone,
        u1_0.role_id,
        u1_0.updated_at,
        u1_0.username 
    from
        users u1_0 
    where
        u1_0.username=?
2026-09-07 22:33:32 [http-nio-8080-exec-4] DEBUG org.hibernate.SQL - 
    select
        b1_0.id,
        b1_0.active,
        b1_0.address,
        b1_0.created_at,
        b1_0.name,
        b1_0.phone,
        b1_0.updated_at 
    from
        branches b1_0 
    where
        b1_0.id=?
2026-09-07 22:33:32 [http-nio-8080-exec-3] DEBUG org.hibernate.SQL - 
    select
        r1_0.id,
        r1_0.description,
        r1_0.name 
    from
        roles r1_0 
    where
        r1_0.id=?
2026-09-07 22:33:32 [http-nio-8080-exec-5] DEBUG org.hibernate.SQL - 
    select
        b1_0.id,
        b1_0.active,
        b1_0.address,
        b1_0.created_at,
        b1_0.name,
        b1_0.phone,
        b1_0.updated_at 
    from
        branches b1_0 
    where
        b1_0.id=?
2026-09-07 22:33:32 [http-nio-8080-exec-6] DEBUG org.hibernate.SQL - 
    select
        b1_0.id,
        b1_0.active,
        b1_0.address,
        b1_0.created_at,
        b1_0.name,
        b1_0.phone,
        b1_0.updated_at 
    from
        branches b1_0 
    where
        b1_0.id=?
2026-09-07 22:33:32 [http-nio-8080-exec-5] DEBUG org.hibernate.SQL - 
    select
        r1_0.id,
        r1_0.description,
        r1_0.name 
    from
        roles r1_0 
    where
        r1_0.id=?
2026-09-07 22:33:32 [http-nio-8080-exec-4] DEBUG org.hibernate.SQL - 
    select
        r1_0.id,
        r1_0.description,
        r1_0.name 
    from
        roles r1_0 
    where
        r1_0.id=?
2026-09-07 22:33:32 [http-nio-8080-exec-6] DEBUG org.hibernate.SQL - 
    select
        r1_0.id,
        r1_0.description,
        r1_0.name 
    from
        roles r1_0 
    where
        r1_0.id=?
2026-09-07 22:33:32 [http-nio-8080-exec-3] DEBUG org.hibernate.SQL - 
    select
        p1_0.id,
        p1_0.active,
        p1_0.created_at,
        p1_0.name,
        p1_0.reorder_level,
        p1_0.sku,
        p1_0.sub_category_id,
        p1_0.supplier_id,
        p1_0.unit,
        p1_0.unit_price,
        p1_0.updated_at 
    from
        products p1_0
2026-09-07 22:33:32 [http-nio-8080-exec-5] DEBUG org.hibernate.SQL - 
    select
        i1_0.id,
        i1_0.branch_id,
        i1_0.created_at,
        i1_0.product_id,
        i1_0.quantity,
        i1_0.updated_at 
    from
        inventory i1_0 
    where
        i1_0.branch_id=?
2026-09-07 22:33:32 [http-nio-8080-exec-6] DEBUG org.hibernate.SQL - 
    select
        so1_0.id,
        so1_0.branch_id,
        so1_0.cashier_id,
        so1_0.created_at,
        so1_0.customer_id,
        so1_0.discount_id,
        so1_0.order_date,
        so1_0.status,
        so1_0.total_amount,
        so1_0.updated_at 
    from
        sales_orders so1_0 
    where
        so1_0.branch_id=?
2026-09-07 22:33:32 [http-nio-8080-exec-5] DEBUG org.hibernate.SQL - 
    select
        p1_0.id,
        p1_0.active,
        p1_0.created_at,
        p1_0.name,
        p1_0.reorder_level,
        p1_0.sku,
        p1_0.sub_category_id,
        p1_0.supplier_id,
        p1_0.unit,
        p1_0.unit_price,
        p1_0.updated_at 
    from
        products p1_0 
    where
        p1_0.id=?
2026-09-07 22:33:32 [http-nio-8080-exec-5] DEBUG org.hibernate.SQL - 
    select
        sc1_0.id,
        sc1_0.category_id,
        sc1_0.created_at,
        sc1_0.name,
        sc1_0.updated_at 
    from
        sub_categories sc1_0 
    where
        sc1_0.id=?
2026-09-07 22:33:32 [http-nio-8080-exec-3] DEBUG org.hibernate.SQL - 
    select
        sc1_0.id,
        sc1_0.category_id,
        sc1_0.created_at,
        sc1_0.name,
        sc1_0.updated_at 
    from
        sub_categories sc1_0 
    where
        sc1_0.id=?
2026-09-07 22:33:32 [http-nio-8080-exec-6] DEBUG org.hibernate.SQL - 
    select
        c1_0.id,
        c1_0.address,
        c1_0.created_at,
        c1_0.email,
        c1_0.loyalty_points,
        c1_0.name,
        c1_0.phone,
        c1_0.updated_at 
    from
        customers c1_0 
    where
        c1_0.id=?
2026-09-07 22:33:32 [http-nio-8080-exec-6] DEBUG org.hibernate.SQL - 
    select
        b1_0.id,
        b1_0.active,
        b1_0.address,
        b1_0.created_at,
        b1_0.name,
        b1_0.phone,
        b1_0.updated_at 
    from
        branches b1_0 
    where
        b1_0.id=?
2026-09-07 22:33:32 [http-nio-8080-exec-3] DEBUG org.hibernate.SQL - 
    select
        c1_0.id,
        c1_0.created_at,
        c1_0.description,
        c1_0.name,
        c1_0.updated_at 
    from
        categories c1_0 
    where
        c1_0.id=?
2026-09-07 22:33:32 [http-nio-8080-exec-5] DEBUG org.hibernate.SQL - 
    select
        c1_0.id,
        c1_0.created_at,
        c1_0.description,
        c1_0.name,
        c1_0.updated_at 
    from
        categories c1_0 
    where
        c1_0.id=?
2026-09-07 22:33:32 [http-nio-8080-exec-6] DEBUG org.hibernate.SQL - 
    select
        u1_0.id,
        b1_0.id,
        b1_0.active,
        b1_0.address,
        b1_0.created_at,
        b1_0.name,
        b1_0.phone,
        b1_0.updated_at,
        u1_0.created_at,
        u1_0.email,
        u1_0.enabled,
        u1_0.full_name,
        u1_0.password,
        u1_0.phone,
        u1_0.role_id,
        r1_0.id,
        r1_0.description,
        r1_0.name,
        u1_0.updated_at,
        u1_0.username 
    from
        users u1_0 
    left join
        branches b1_0 
            on b1_0.id=u1_0.branch_id 
    join
        roles r1_0 
            on r1_0.id=u1_0.role_id 
    where
        u1_0.id=?
2026-09-07 22:33:32 [http-nio-8080-exec-3] DEBUG org.hibernate.SQL - 
    select
        s1_0.id,
        s1_0.address,
        s1_0.contact_person,
        s1_0.created_at,
        s1_0.email,
        s1_0.name,
        s1_0.phone,
        s1_0.updated_at 
    from
        suppliers s1_0 
    where
        s1_0.id=?
2026-09-07 22:33:32 [http-nio-8080-exec-5] DEBUG org.hibernate.SQL - 
    select
        s1_0.id,
        s1_0.address,
        s1_0.contact_person,
        s1_0.created_at,
        s1_0.email,
        s1_0.name,
        s1_0.phone,
        s1_0.updated_at 
    from
        suppliers s1_0 
    where
        s1_0.id=?
2026-09-07 22:33:32 [http-nio-8080-exec-5] DEBUG org.hibernate.SQL - 
    select
        b1_0.id,
        b1_0.active,
        b1_0.address,
        b1_0.created_at,
        b1_0.name,
        b1_0.phone,
        b1_0.updated_at 
    from
        branches b1_0 
    where
        b1_0.id=?
2026-09-07 22:33:32 [http-nio-8080-exec-3] DEBUG org.hibernate.SQL - 
    select
        sc1_0.id,
        sc1_0.category_id,
        sc1_0.created_at,
        sc1_0.name,
        sc1_0.updated_at 
    from
        sub_categories sc1_0 
    where
        sc1_0.id=?
2026-09-07 22:33:32 [http-nio-8080-exec-5] DEBUG org.hibernate.SQL - 
    select
        p1_0.id,
        p1_0.active,
        p1_0.created_at,
        p1_0.name,
        p1_0.reorder_level,
        p1_0.sku,
        p1_0.sub_category_id,
        p1_0.supplier_id,
        p1_0.unit,
        p1_0.unit_price,
        p1_0.updated_at 
    from
        products p1_0 
    where
        p1_0.id=?
2026-09-07 22:33:32 [http-nio-8080-exec-3] DEBUG org.hibernate.SQL - 
    select
        c1_0.id,
        c1_0.created_at,
        c1_0.description,
        c1_0.name,
        c1_0.updated_at 
    from
        categories c1_0 
    where
        c1_0.id=?
2026-09-07 22:33:32 [http-nio-8080-exec-5] DEBUG org.hibernate.SQL - 
    select
        p1_0.id,
        p1_0.active,
        p1_0.created_at,
        p1_0.name,
        p1_0.reorder_level,
        p1_0.sku,
        p1_0.sub_category_id,
        p1_0.supplier_id,
        p1_0.unit,
        p1_0.unit_price,
        p1_0.updated_at 
    from
        products p1_0 
    where
        p1_0.id=?
2026-09-07 22:33:32 [http-nio-8080-exec-3] DEBUG org.hibernate.SQL - 
    select
        sc1_0.id,
        sc1_0.category_id,
        sc1_0.created_at,
        sc1_0.name,
        sc1_0.updated_at 
    from
        sub_categories sc1_0 
    where
        sc1_0.id=?
2026-09-07 22:33:32 [http-nio-8080-exec-6] DEBUG org.hibernate.SQL - 
    select
        i1_0.sales_order_id,
        i1_0.id,
        i1_0.product_id,
        i1_0.quantity,
        i1_0.subtotal,
        i1_0.unit_price 
    from
        sales_order_items i1_0 
    where
        i1_0.sales_order_id=?
2026-09-07 22:33:32 [http-nio-8080-exec-5] DEBUG org.hibernate.SQL - 
    select
        sc1_0.id,
        sc1_0.category_id,
        sc1_0.created_at,
        sc1_0.name,
        sc1_0.updated_at 
    from
        sub_categories sc1_0 
    where
        sc1_0.id=?
2026-09-07 22:33:32 [http-nio-8080-exec-3] DEBUG org.hibernate.SQL - 
    select
        c1_0.id,
        c1_0.created_at,
        c1_0.description,
        c1_0.name,
        c1_0.updated_at 
    from
        categories c1_0 
    where
        c1_0.id=?
2026-09-07 22:33:32 [http-nio-8080-exec-3] DEBUG org.hibernate.SQL - 
    select
        s1_0.id,
        s1_0.address,
        s1_0.contact_person,
        s1_0.created_at,
        s1_0.email,
        s1_0.name,
        s1_0.phone,
        s1_0.updated_at 
    from
        suppliers s1_0 
    where
        s1_0.id=?
2026-09-07 22:33:32 [http-nio-8080-exec-5] DEBUG org.hibernate.SQL - 
    select
        c1_0.id,
        c1_0.created_at,
        c1_0.description,
        c1_0.name,
        c1_0.updated_at 
    from
        categories c1_0 
    where
        c1_0.id=?
2026-09-07 22:33:32 [http-nio-8080-exec-4] DEBUG org.hibernate.SQL - 
    select
        po1_0.id,
        po1_0.branch_id,
        po1_0.created_at,
        po1_0.order_date,
        po1_0.ordered_by,
        po1_0.status,
        po1_0.supplier_id,
        po1_0.total_amount,
        po1_0.updated_at 
    from
        purchase_orders po1_0 
    where
        po1_0.branch_id=?
2026-09-07 22:33:32 [http-nio-8080-exec-3] DEBUG org.hibernate.SQL - 
    select
        sc1_0.id,
        sc1_0.category_id,
        sc1_0.created_at,
        sc1_0.name,
        sc1_0.updated_at 
    from
        sub_categories sc1_0 
    where
        sc1_0.id=?
2026-09-07 22:33:32 [http-nio-8080-exec-5] DEBUG org.hibernate.SQL - 
    select
        p1_0.id,
        p1_0.active,
        p1_0.created_at,
        p1_0.name,
        p1_0.reorder_level,
        p1_0.sku,
        p1_0.sub_category_id,
        p1_0.supplier_id,
        p1_0.unit,
        p1_0.unit_price,
        p1_0.updated_at 
    from
        products p1_0 
    where
        p1_0.id=?
2026-09-07 22:33:32 [http-nio-8080-exec-5] DEBUG org.hibernate.SQL - 
    select
        sc1_0.id,
        sc1_0.category_id,
        sc1_0.created_at,
        sc1_0.name,
        sc1_0.updated_at 
    from
        sub_categories sc1_0 
    where
        sc1_0.id=?
2026-09-07 22:33:32 [http-nio-8080-exec-3] DEBUG org.hibernate.SQL - 
    select
        c1_0.id,
        c1_0.created_at,
        c1_0.description,
        c1_0.name,
        c1_0.updated_at 
    from
        categories c1_0 
    where
        c1_0.id=?
2026-09-07 22:33:32 [http-nio-8080-exec-5] DEBUG org.hibernate.SQL - 
    select
        c1_0.id,
        c1_0.created_at,
        c1_0.description,
        c1_0.name,
        c1_0.updated_at 
    from
        categories c1_0 
    where
        c1_0.id=?
2026-09-07 22:33:32 [http-nio-8080-exec-3] DEBUG org.hibernate.SQL - 
    select
        sc1_0.id,
        sc1_0.category_id,
        sc1_0.created_at,
        sc1_0.name,
        sc1_0.updated_at 
    from
        sub_categories sc1_0 
    where
        sc1_0.id=?
2026-09-07 22:33:32 [http-nio-8080-exec-3] DEBUG org.hibernate.SQL - 
    select
        c1_0.id,
        c1_0.created_at,
        c1_0.description,
        c1_0.name,
        c1_0.updated_at 
    from
        categories c1_0 
    where
        c1_0.id=?
2026-09-07 22:33:32 [http-nio-8080-exec-5] DEBUG org.hibernate.SQL - 
    select
        p1_0.id,
        p1_0.active,
        p1_0.created_at,
        p1_0.name,
        p1_0.reorder_level,
        p1_0.sku,
        p1_0.sub_category_id,
        p1_0.supplier_id,
        p1_0.unit,
        p1_0.unit_price,
        p1_0.updated_at 
    from
        products p1_0 
    where
        p1_0.id=?
2026-09-07 22:33:32 [http-nio-8080-exec-4] DEBUG org.hibernate.SQL - 
    select
        s1_0.id,
        s1_0.address,
        s1_0.contact_person,
        s1_0.created_at,
        s1_0.email,
        s1_0.name,
        s1_0.phone,
        s1_0.updated_at 
    from
        suppliers s1_0 
    where
        s1_0.id=?
2026-09-07 22:33:32 [http-nio-8080-exec-6] DEBUG org.hibernate.SQL - 
    select
        p1_0.id,
        p1_0.active,
        p1_0.created_at,
        p1_0.name,
        p1_0.reorder_level,
        p1_0.sku,
        p1_0.sub_category_id,
        p1_0.supplier_id,
        p1_0.unit,
        p1_0.unit_price,
        p1_0.updated_at 
    from
        products p1_0 
    where
        p1_0.id=?
2026-09-07 22:33:32 [http-nio-8080-exec-4] DEBUG org.hibernate.SQL - 
    select
        b1_0.id,
        b1_0.active,
        b1_0.address,
        b1_0.created_at,
        b1_0.name,
        b1_0.phone,
        b1_0.updated_at 
    from
        branches b1_0 
    where
        b1_0.id=?
2026-09-07 22:33:32 [http-nio-8080-exec-5] DEBUG org.hibernate.SQL - 
    select
        s1_0.id,
        s1_0.address,
        s1_0.contact_person,
        s1_0.created_at,
        s1_0.email,
        s1_0.name,
        s1_0.phone,
        s1_0.updated_at 
    from
        suppliers s1_0 
    where
        s1_0.id=?
2026-09-07 22:33:32 [http-nio-8080-exec-3] DEBUG org.hibernate.SQL - 
    select
        s1_0.id,
        s1_0.address,
        s1_0.contact_person,
        s1_0.created_at,
        s1_0.email,
        s1_0.name,
        s1_0.phone,
        s1_0.updated_at 
    from
        suppliers s1_0 
    where
        s1_0.id=?
2026-09-07 22:33:32 [http-nio-8080-exec-6] DEBUG org.hibernate.SQL - 
    select
        sc1_0.id,
        sc1_0.category_id,
        sc1_0.created_at,
        sc1_0.name,
        sc1_0.updated_at 
    from
        sub_categories sc1_0 
    where
        sc1_0.id=?
2026-09-07 22:33:32 [http-nio-8080-exec-5] DEBUG org.hibernate.SQL - 
    select
        p1_0.id,
        p1_0.active,
        p1_0.created_at,
        p1_0.name,
        p1_0.reorder_level,
        p1_0.sku,
        p1_0.sub_category_id,
        p1_0.supplier_id,
        p1_0.unit,
        p1_0.unit_price,
        p1_0.updated_at 
    from
        products p1_0 
    where
        p1_0.id=?
2026-09-07 22:33:32 [http-nio-8080-exec-4] DEBUG org.hibernate.SQL - 
    select
        u1_0.id,
        b1_0.id,
        b1_0.active,
        b1_0.address,
        b1_0.created_at,
        b1_0.name,
        b1_0.phone,
        b1_0.updated_at,
        u1_0.created_at,
        u1_0.email,
        u1_0.enabled,
        u1_0.full_name,
        u1_0.password,
        u1_0.phone,
        u1_0.role_id,
        r1_0.id,
        r1_0.description,
        r1_0.name,
        u1_0.updated_at,
        u1_0.username 
    from
        users u1_0 
    left join
        branches b1_0 
            on b1_0.id=u1_0.branch_id 
    join
        roles r1_0 
            on r1_0.id=u1_0.role_id 
    where
        u1_0.id=?
2026-09-07 22:33:32 [http-nio-8080-exec-3] DEBUG org.hibernate.SQL - 
    select
        sc1_0.id,
        sc1_0.category_id,
        sc1_0.created_at,
        sc1_0.name,
        sc1_0.updated_at 
    from
        sub_categories sc1_0 
    where
        sc1_0.id=?
2026-09-07 22:33:32 [http-nio-8080-exec-6] DEBUG org.hibernate.SQL - 
    select
        c1_0.id,
        c1_0.created_at,
        c1_0.description,
        c1_0.name,
        c1_0.updated_at 
    from
        categories c1_0 
    where
        c1_0.id=?
2026-09-07 22:33:32 [http-nio-8080-exec-5] DEBUG org.hibernate.SQL - 
    select
        sc1_0.id,
        sc1_0.category_id,
        sc1_0.created_at,
        sc1_0.name,
        sc1_0.updated_at 
    from
        sub_categories sc1_0 
    where
        sc1_0.id=?
2026-09-07 22:33:32 [http-nio-8080-exec-3] DEBUG org.hibernate.SQL - 
    select
        c1_0.id,
        c1_0.created_at,
        c1_0.description,
        c1_0.name,
        c1_0.updated_at 
    from
        categories c1_0 
    where
        c1_0.id=?
2026-09-07 22:33:32 [http-nio-8080-exec-6] DEBUG org.hibernate.SQL - 
    select
        s1_0.id,
        s1_0.address,
        s1_0.contact_person,
        s1_0.created_at,
        s1_0.email,
        s1_0.name,
        s1_0.phone,
        s1_0.updated_at 
    from
        suppliers s1_0 
    where
        s1_0.id=?
2026-09-07 22:33:32 [http-nio-8080-exec-5] DEBUG org.hibernate.SQL - 
    select
        c1_0.id,
        c1_0.created_at,
        c1_0.description,
        c1_0.name,
        c1_0.updated_at 
    from
        categories c1_0 
    where
        c1_0.id=?
2026-09-07 22:33:32 [http-nio-8080-exec-4] DEBUG org.hibernate.SQL - 
    select
        i1_0.purchase_order_id,
        i1_0.id,
        i1_0.product_id,
        i1_0.quantity,
        i1_0.subtotal,
        i1_0.unit_cost 
    from
        purchase_order_items i1_0 
    where
        i1_0.purchase_order_id=?
2026-09-07 22:33:32 [http-nio-8080-exec-5] DEBUG org.hibernate.SQL - 
    select
        p1_0.id,
        p1_0.active,
        p1_0.created_at,
        p1_0.name,
        p1_0.reorder_level,
        p1_0.sku,
        p1_0.sub_category_id,
        p1_0.supplier_id,
        p1_0.unit,
        p1_0.unit_price,
        p1_0.updated_at 
    from
        products p1_0 
    where
        p1_0.id=?
2026-09-07 22:33:32 [http-nio-8080-exec-6] DEBUG org.hibernate.SQL - 
    select
        p1_0.id,
        p1_0.active,
        p1_0.created_at,
        p1_0.name,
        p1_0.reorder_level,
        p1_0.sku,
        p1_0.sub_category_id,
        p1_0.supplier_id,
        p1_0.unit,
        p1_0.unit_price,
        p1_0.updated_at 
    from
        products p1_0 
    where
        p1_0.id=?
2026-09-07 22:33:32 [http-nio-8080-exec-6] DEBUG org.hibernate.SQL - 
    select
        p1_0.id,
        p1_0.active,
        p1_0.created_at,
        p1_0.name,
        p1_0.reorder_level,
        p1_0.sku,
        p1_0.sub_category_id,
        p1_0.supplier_id,
        p1_0.unit,
        p1_0.unit_price,
        p1_0.updated_at 
    from
        products p1_0 
    where
        p1_0.id=?
2026-09-07 22:33:32 [http-nio-8080-exec-5] DEBUG org.hibernate.SQL - 
    select
        sc1_0.id,
        sc1_0.category_id,
        sc1_0.created_at,
        sc1_0.name,
        sc1_0.updated_at 
    from
        sub_categories sc1_0 
    where
        sc1_0.id=?
2026-09-07 22:33:32 [http-nio-8080-exec-5] DEBUG org.hibernate.SQL - 
    select
        c1_0.id,
        c1_0.created_at,
        c1_0.description,
        c1_0.name,
        c1_0.updated_at 
    from
        categories c1_0 
    where
        c1_0.id=?
2026-09-07 22:33:32 [http-nio-8080-exec-6] DEBUG org.hibernate.SQL - 
    select
        sc1_0.id,
        sc1_0.category_id,
        sc1_0.created_at,
        sc1_0.name,
        sc1_0.updated_at 
    from
        sub_categories sc1_0 
    where
        sc1_0.id=?
2026-09-07 22:33:32 [http-nio-8080-exec-6] DEBUG org.hibernate.SQL - 
    select
        c1_0.id,
        c1_0.created_at,
        c1_0.description,
        c1_0.name,
        c1_0.updated_at 
    from
        categories c1_0 
    where
        c1_0.id=?
2026-09-07 22:33:32 [http-nio-8080-exec-4] DEBUG org.hibernate.SQL - 
    select
        p1_0.id,
        p1_0.active,
        p1_0.created_at,
        p1_0.name,
        p1_0.reorder_level,
        p1_0.sku,
        p1_0.sub_category_id,
        p1_0.supplier_id,
        p1_0.unit,
        p1_0.unit_price,
        p1_0.updated_at 
    from
        products p1_0 
    where
        p1_0.id=?
2026-09-07 22:33:32 [http-nio-8080-exec-6] DEBUG org.hibernate.SQL - 
    select
        p1_0.sales_order_id,
        p1_0.id,
        p1_0.amount,
        p1_0.created_at,
        p1_0.method,
        p1_0.payment_date,
        p1_0.status,
        p1_0.updated_at 
    from
        payments p1_0 
    where
        p1_0.sales_order_id=?
2026-09-07 22:33:32 [http-nio-8080-exec-4] DEBUG org.hibernate.SQL - 
    select
        sc1_0.id,
        sc1_0.category_id,
        sc1_0.created_at,
        sc1_0.name,
        sc1_0.updated_at 
    from
        sub_categories sc1_0 
    where
        sc1_0.id=?
2026-09-07 22:33:32 [http-nio-8080-exec-6] DEBUG org.hibernate.SQL - 
    select
        i1_0.sales_order_id,
        i1_0.id,
        i1_0.product_id,
        i1_0.quantity,
        i1_0.subtotal,
        i1_0.unit_price 
    from
        sales_order_items i1_0 
    where
        i1_0.sales_order_id=?
2026-09-07 22:33:32 [http-nio-8080-exec-4] DEBUG org.hibernate.SQL - 
    select
        c1_0.id,
        c1_0.created_at,
        c1_0.description,
        c1_0.name,
        c1_0.updated_at 
    from
        categories c1_0 
    where
        c1_0.id=?
2026-09-07 22:33:32 [http-nio-8080-exec-6] DEBUG org.hibernate.SQL - 
    select
        p1_0.sales_order_id,
        p1_0.id,
        p1_0.amount,
        p1_0.created_at,
        p1_0.method,
        p1_0.payment_date,
        p1_0.status,
        p1_0.updated_at 
    from
        payments p1_0 
    where
        p1_0.sales_order_id=?
2026-09-07 22:33:32 [http-nio-8080-exec-4] DEBUG org.hibernate.SQL - 
    select
        s1_0.id,
        s1_0.address,
        s1_0.contact_person,
        s1_0.created_at,
        s1_0.email,
        s1_0.name,
        s1_0.phone,
        s1_0.updated_at 
    from
        suppliers s1_0 
    where
        s1_0.id=?
2026-09-07 22:33:32 [http-nio-8080-exec-6] DEBUG org.hibernate.SQL - 
    select
        i1_0.sales_order_id,
        i1_0.id,
        i1_0.product_id,
        i1_0.quantity,
        i1_0.subtotal,
        i1_0.unit_price 
    from
        sales_order_items i1_0 
    where
        i1_0.sales_order_id=?
2026-09-07 22:33:32 [http-nio-8080-exec-4] DEBUG org.hibernate.SQL - 
    select
        i1_0.purchase_order_id,
        i1_0.id,
        i1_0.product_id,
        i1_0.quantity,
        i1_0.subtotal,
        i1_0.unit_cost 
    from
        purchase_order_items i1_0 
    where
        i1_0.purchase_order_id=?
2026-09-07 22:33:32 [http-nio-8080-exec-6] DEBUG org.hibernate.SQL - 
    select
        p1_0.sales_order_id,
        p1_0.id,
        p1_0.amount,
        p1_0.created_at,
        p1_0.method,
        p1_0.payment_date,
        p1_0.status,
        p1_0.updated_at 
    from
        payments p1_0 
    where
        p1_0.sales_order_id=?
2026-09-07 22:33:32 [http-nio-8080-exec-4] DEBUG org.hibernate.SQL - 
    select
        p1_0.id,
        p1_0.active,
        p1_0.created_at,
        p1_0.name,
        p1_0.reorder_level,
        p1_0.sku,
        p1_0.sub_category_id,
        p1_0.supplier_id,
        p1_0.unit,
        p1_0.unit_price,
        p1_0.updated_at 
    from
        products p1_0 
    where
        p1_0.id=?
2026-09-07 22:33:32 [http-nio-8080-exec-6] DEBUG org.hibernate.SQL - 
    select
        i1_0.sales_order_id,
        i1_0.id,
        i1_0.product_id,
        i1_0.quantity,
        i1_0.subtotal,
        i1_0.unit_price 
    from
        sales_order_items i1_0 
    where
        i1_0.sales_order_id=?
2026-09-07 22:33:32 [http-nio-8080-exec-4] DEBUG org.hibernate.SQL - 
    select
        sc1_0.id,
        sc1_0.category_id,
        sc1_0.created_at,
        sc1_0.name,
        sc1_0.updated_at 
    from
        sub_categories sc1_0 
    where
        sc1_0.id=?
2026-09-07 22:33:32 [http-nio-8080-exec-4] DEBUG org.hibernate.SQL - 
    select
        c1_0.id,
        c1_0.created_at,
        c1_0.description,
        c1_0.name,
        c1_0.updated_at 
    from
        categories c1_0 
    where
        c1_0.id=?
2026-09-07 22:33:32 [http-nio-8080-exec-6] DEBUG org.hibernate.SQL - 
    select
        p1_0.sales_order_id,
        p1_0.id,
        p1_0.amount,
        p1_0.created_at,
        p1_0.method,
        p1_0.payment_date,
        p1_0.status,
        p1_0.updated_at 
    from
        payments p1_0 
    where
        p1_0.sales_order_id=?
2026-09-07 22:33:32 [http-nio-8080-exec-6] DEBUG org.hibernate.SQL - 
    select
        c1_0.id,
        c1_0.address,
        c1_0.created_at,
        c1_0.email,
        c1_0.loyalty_points,
        c1_0.name,
        c1_0.phone,
        c1_0.updated_at 
    from
        customers c1_0 
    where
        c1_0.id=?
2026-09-07 22:33:32 [http-nio-8080-exec-4] DEBUG org.hibernate.SQL - 
    select
        i1_0.purchase_order_id,
        i1_0.id,
        i1_0.product_id,
        i1_0.quantity,
        i1_0.subtotal,
        i1_0.unit_cost 
    from
        purchase_order_items i1_0 
    where
        i1_0.purchase_order_id=?
2026-09-07 22:33:32 [http-nio-8080-exec-4] DEBUG org.hibernate.SQL - 
    select
        i1_0.purchase_order_id,
        i1_0.id,
        i1_0.product_id,
        i1_0.quantity,
        i1_0.subtotal,
        i1_0.unit_cost 
    from
        purchase_order_items i1_0 
    where
        i1_0.purchase_order_id=?
2026-09-07 22:33:32 [http-nio-8080-exec-6] DEBUG org.hibernate.SQL - 
    select
        i1_0.sales_order_id,
        i1_0.id,
        i1_0.product_id,
        i1_0.quantity,
        i1_0.subtotal,
        i1_0.unit_price 
    from
        sales_order_items i1_0 
    where
        i1_0.sales_order_id=?
2026-09-07 22:33:32 [http-nio-8080-exec-6] DEBUG org.hibernate.SQL - 
    select
        p1_0.sales_order_id,
        p1_0.id,
        p1_0.amount,
        p1_0.created_at,
        p1_0.method,
        p1_0.payment_date,
        p1_0.status,
        p1_0.updated_at 
    from
        payments p1_0 
    where
        p1_0.sales_order_id=?
2026-09-07 22:33:32 [http-nio-8080-exec-6] DEBUG org.hibernate.SQL - 
    select
        i1_0.sales_order_id,
        i1_0.id,
        i1_0.product_id,
        i1_0.quantity,
        i1_0.subtotal,
        i1_0.unit_price 
    from
        sales_order_items i1_0 
    where
        i1_0.sales_order_id=?
2026-09-07 22:33:32 [http-nio-8080-exec-6] DEBUG org.hibernate.SQL - 
    select
        p1_0.sales_order_id,
        p1_0.id,
        p1_0.amount,
        p1_0.created_at,
        p1_0.method,
        p1_0.payment_date,
        p1_0.status,
        p1_0.updated_at 
    from
        payments p1_0 
    where
        p1_0.sales_order_id=?
2026-09-07 22:33:32 [http-nio-8080-exec-6] DEBUG org.hibernate.SQL - 
    select
        i1_0.sales_order_id,
        i1_0.id,
        i1_0.product_id,
        i1_0.quantity,
        i1_0.subtotal,
        i1_0.unit_price 
    from
        sales_order_items i1_0 
    where
        i1_0.sales_order_id=?
2026-09-07 22:33:32 [http-nio-8080-exec-6] DEBUG org.hibernate.SQL - 
    select
        p1_0.sales_order_id,
        p1_0.id,
        p1_0.amount,
        p1_0.created_at,
        p1_0.method,
        p1_0.payment_date,
        p1_0.status,
        p1_0.updated_at 
    from
        payments p1_0 
    where
        p1_0.sales_order_id=?
2026-09-07 22:33:33 [http-nio-8080-exec-6] DEBUG org.hibernate.SQL - 
    select
        i1_0.sales_order_id,
        i1_0.id,
        i1_0.product_id,
        i1_0.quantity,
        i1_0.subtotal,
        i1_0.unit_price 
    from
        sales_order_items i1_0 
    where
        i1_0.sales_order_id=?
2026-09-07 22:33:33 [http-nio-8080-exec-6] DEBUG org.hibernate.SQL - 
    select
        p1_0.sales_order_id,
        p1_0.id,
        p1_0.amount,
        p1_0.created_at,
        p1_0.method,
        p1_0.payment_date,
        p1_0.status,
        p1_0.updated_at 
    from
        payments p1_0 
    where
        p1_0.sales_order_id=?
2026-09-07 22:33:33 [http-nio-8080-exec-6] DEBUG org.hibernate.SQL - 
    select
        i1_0.sales_order_id,
        i1_0.id,
        i1_0.product_id,
        i1_0.quantity,
        i1_0.subtotal,
        i1_0.unit_price 
    from
        sales_order_items i1_0 
    where
        i1_0.sales_order_id=?
2026-09-07 22:33:33 [http-nio-8080-exec-6] DEBUG org.hibernate.SQL - 
    select
        p1_0.sales_order_id,
        p1_0.id,
        p1_0.amount,
        p1_0.created_at,
        p1_0.method,
        p1_0.payment_date,
        p1_0.status,
        p1_0.updated_at 
    from
        payments p1_0 
    where
        p1_0.sales_order_id=?
2026-09-07 22:33:33 [http-nio-8080-exec-6] DEBUG org.hibernate.SQL - 
    select
        i1_0.sales_order_id,
        i1_0.id,
        i1_0.product_id,
        i1_0.quantity,
        i1_0.subtotal,
        i1_0.unit_price 
    from
        sales_order_items i1_0 
    where
        i1_0.sales_order_id=?
2026-09-07 22:33:33 [http-nio-8080-exec-6] DEBUG org.hibernate.SQL - 
    select
        p1_0.sales_order_id,
        p1_0.id,
        p1_0.amount,
        p1_0.created_at,
        p1_0.method,
        p1_0.payment_date,
        p1_0.status,
        p1_0.updated_at 
    from
        payments p1_0 
    where
        p1_0.sales_order_id=?
2026-09-07 22:33:33 [http-nio-8080-exec-6] DEBUG org.hibernate.SQL - 
    select
        u1_0.id,
        b1_0.id,
        b1_0.active,
        b1_0.address,
        b1_0.created_at,
        b1_0.name,
        b1_0.phone,
        b1_0.updated_at,
        u1_0.created_at,
        u1_0.email,
        u1_0.enabled,
        u1_0.full_name,
        u1_0.password,
        u1_0.phone,
        u1_0.role_id,
        r1_0.id,
        r1_0.description,
        r1_0.name,
        u1_0.updated_at,
        u1_0.username 
    from
        users u1_0 
    left join
        branches b1_0 
            on b1_0.id=u1_0.branch_id 
    join
        roles r1_0 
            on r1_0.id=u1_0.role_id 
    where
        u1_0.id=?
2026-09-07 22:33:33 [http-nio-8080-exec-6] DEBUG org.hibernate.SQL - 
    select
        i1_0.sales_order_id,
        i1_0.id,
        i1_0.product_id,
        i1_0.quantity,
        i1_0.subtotal,
        i1_0.unit_price 
    from
        sales_order_items i1_0 
    where
        i1_0.sales_order_id=?
2026-09-07 22:33:33 [http-nio-8080-exec-6] DEBUG org.hibernate.SQL - 
    select
        p1_0.id,
        p1_0.active,
        p1_0.created_at,
        p1_0.name,
        p1_0.reorder_level,
        p1_0.sku,
        p1_0.sub_category_id,
        p1_0.supplier_id,
        p1_0.unit,
        p1_0.unit_price,
        p1_0.updated_at 
    from
        products p1_0 
    where
        p1_0.id=?
2026-09-07 22:33:33 [http-nio-8080-exec-6] DEBUG org.hibernate.SQL - 
    select
        sc1_0.id,
        sc1_0.category_id,
        sc1_0.created_at,
        sc1_0.name,
        sc1_0.updated_at 
    from
        sub_categories sc1_0 
    where
        sc1_0.id=?
2026-09-07 22:33:33 [http-nio-8080-exec-6] DEBUG org.hibernate.SQL - 
    select
        c1_0.id,
        c1_0.created_at,
        c1_0.description,
        c1_0.name,
        c1_0.updated_at 
    from
        categories c1_0 
    where
        c1_0.id=?
2026-09-07 22:33:33 [http-nio-8080-exec-6] DEBUG org.hibernate.SQL - 
    select
        p1_0.sales_order_id,
        p1_0.id,
        p1_0.amount,
        p1_0.created_at,
        p1_0.method,
        p1_0.payment_date,
        p1_0.status,
        p1_0.updated_at 
    from
        payments p1_0 
    where
        p1_0.sales_order_id=?
2026-09-07 22:33:33 [http-nio-8080-exec-6] DEBUG org.hibernate.SQL - 
    select
        i1_0.sales_order_id,
        i1_0.id,
        i1_0.product_id,
        i1_0.quantity,
        i1_0.subtotal,
        i1_0.unit_price 
    from
        sales_order_items i1_0 
    where
        i1_0.sales_order_id=?
2026-09-07 22:33:33 [http-nio-8080-exec-6] DEBUG org.hibernate.SQL - 
    select
        p1_0.sales_order_id,
        p1_0.id,
        p1_0.amount,
        p1_0.created_at,
        p1_0.method,
        p1_0.payment_date,
        p1_0.status,
        p1_0.updated_at 
    from
        payments p1_0 
    where
        p1_0.sales_order_id=?
2026-09-07 22:33:33 [http-nio-8080-exec-6] DEBUG org.hibernate.SQL - 
    select
        c1_0.id,
        c1_0.address,
        c1_0.created_at,
        c1_0.email,
        c1_0.loyalty_points,
        c1_0.name,
        c1_0.phone,
        c1_0.updated_at 
    from
        customers c1_0 
    where
        c1_0.id=?
2026-09-07 22:33:33 [http-nio-8080-exec-6] DEBUG org.hibernate.SQL - 
    select
        i1_0.sales_order_id,
        i1_0.id,
        i1_0.product_id,
        i1_0.quantity,
        i1_0.subtotal,
        i1_0.unit_price 
    from
        sales_order_items i1_0 
    where
        i1_0.sales_order_id=?
2026-09-07 22:33:33 [http-nio-8080-exec-6] DEBUG org.hibernate.SQL - 
    select
        p1_0.id,
        p1_0.active,
        p1_0.created_at,
        p1_0.name,
        p1_0.reorder_level,
        p1_0.sku,
        p1_0.sub_category_id,
        p1_0.supplier_id,
        p1_0.unit,
        p1_0.unit_price,
        p1_0.updated_at 
    from
        products p1_0 
    where
        p1_0.id=?
2026-09-07 22:33:33 [http-nio-8080-exec-6] DEBUG org.hibernate.SQL - 
    select
        sc1_0.id,
        sc1_0.category_id,
        sc1_0.created_at,
        sc1_0.name,
        sc1_0.updated_at 
    from
        sub_categories sc1_0 
    where
        sc1_0.id=?
2026-09-07 22:33:33 [http-nio-8080-exec-6] DEBUG org.hibernate.SQL - 
    select
        c1_0.id,
        c1_0.created_at,
        c1_0.description,
        c1_0.name,
        c1_0.updated_at 
    from
        categories c1_0 
    where
        c1_0.id=?
2026-09-07 22:33:33 [http-nio-8080-exec-6] DEBUG org.hibernate.SQL - 
    select
        p1_0.id,
        p1_0.active,
        p1_0.created_at,
        p1_0.name,
        p1_0.reorder_level,
        p1_0.sku,
        p1_0.sub_category_id,
        p1_0.supplier_id,
        p1_0.unit,
        p1_0.unit_price,
        p1_0.updated_at 
    from
        products p1_0 
    where
        p1_0.id=?
2026-09-07 22:33:33 [http-nio-8080-exec-6] DEBUG org.hibernate.SQL - 
    select
        s1_0.id,
        s1_0.address,
        s1_0.contact_person,
        s1_0.created_at,
        s1_0.email,
        s1_0.name,
        s1_0.phone,
        s1_0.updated_at 
    from
        suppliers s1_0 
    where
        s1_0.id=?
2026-09-07 22:33:33 [http-nio-8080-exec-6] DEBUG org.hibernate.SQL - 
    select
        p1_0.sales_order_id,
        p1_0.id,
        p1_0.amount,
        p1_0.created_at,
        p1_0.method,
        p1_0.payment_date,
        p1_0.status,
        p1_0.updated_at 
    from
        payments p1_0 
    where
        p1_0.sales_order_id=?
2026-09-07 22:33:33 [http-nio-8080-exec-6] DEBUG org.hibernate.SQL - 
    select
        i1_0.sales_order_id,
        i1_0.id,
        i1_0.product_id,
        i1_0.quantity,
        i1_0.subtotal,
        i1_0.unit_price 
    from
        sales_order_items i1_0 
    where
        i1_0.sales_order_id=?
2026-09-07 22:33:33 [http-nio-8080-exec-6] DEBUG org.hibernate.SQL - 
    select
        p1_0.sales_order_id,
        p1_0.id,
        p1_0.amount,
        p1_0.created_at,
        p1_0.method,
        p1_0.payment_date,
        p1_0.status,
        p1_0.updated_at 
    from
        payments p1_0 
    where
        p1_0.sales_order_id=?
2026-09-07 22:33:33 [http-nio-8080-exec-6] DEBUG org.hibernate.SQL - 
    select
        i1_0.sales_order_id,
        i1_0.id,
        i1_0.product_id,
        i1_0.quantity,
        i1_0.subtotal,
        i1_0.unit_price 
    from
        sales_order_items i1_0 
    where
        i1_0.sales_order_id=?
2026-09-07 22:33:33 [http-nio-8080-exec-6] DEBUG org.hibernate.SQL - 
    select
        p1_0.id,
        p1_0.active,
        p1_0.created_at,
        p1_0.name,
        p1_0.reorder_level,
        p1_0.sku,
        p1_0.sub_category_id,
        p1_0.supplier_id,
        p1_0.unit,
        p1_0.unit_price,
        p1_0.updated_at 
    from
        products p1_0 
    where
        p1_0.id=?
2026-09-07 22:33:33 [http-nio-8080-exec-6] DEBUG org.hibernate.SQL - 
    select
        sc1_0.id,
        sc1_0.category_id,
        sc1_0.created_at,
        sc1_0.name,
        sc1_0.updated_at 
    from
        sub_categories sc1_0 
    where
        sc1_0.id=?
2026-09-07 22:33:33 [http-nio-8080-exec-6] DEBUG org.hibernate.SQL - 
    select
        c1_0.id,
        c1_0.created_at,
        c1_0.description,
        c1_0.name,
        c1_0.updated_at 
    from
        categories c1_0 
    where
        c1_0.id=?
2026-09-07 22:33:33 [http-nio-8080-exec-6] DEBUG org.hibernate.SQL - 
    select
        p1_0.sales_order_id,
        p1_0.id,
        p1_0.amount,
        p1_0.created_at,
        p1_0.method,
        p1_0.payment_date,
        p1_0.status,
        p1_0.updated_at 
    from
        payments p1_0 
    where
        p1_0.sales_order_id=?
2026-09-07 22:34:11 [SpringApplicationShutdownHook] INFO  o.s.o.j.LocalContainerEntityManagerFactoryBean - Closing JPA EntityManagerFactory for persistence unit 'default'
2026-09-07 22:34:11 [SpringApplicationShutdownHook] INFO  com.zaxxer.hikari.HikariDataSource - HikariPool-3 - Shutdown initiated...
2026-09-07 22:34:11 [SpringApplicationShutdownHook] INFO  com.zaxxer.hikari.HikariDataSource - HikariPool-3 - Shutdown completed.
2026-09-07 22:34:33 [restartedMain] INFO  c.e.a.ApiProjectApplication - Starting ApiProjectApplication using Java 21.0.7 with PID 14308 (C:\Users\USER\Downloads\api_project\api_project\target\classes started by USER in C:\Users\USER\Downloads\api_project\api_project)
2026-09-07 22:34:33 [restartedMain] INFO  c.e.a.ApiProjectApplication - No active profile set, falling back to 1 default profile: "default"
2026-09-07 22:34:33 [restartedMain] INFO  o.s.b.d.e.DevToolsPropertyDefaultsPostProcessor - Devtools property defaults active! Set 'spring.devtools.add-properties' to 'false' to disable
2026-09-07 22:34:33 [restartedMain] INFO  o.s.b.d.e.DevToolsPropertyDefaultsPostProcessor - For additional web related logging consider setting the 'logging.level.web' property to 'DEBUG'
2026-09-07 22:34:34 [restartedMain] INFO  o.s.d.r.c.RepositoryConfigurationDelegate - Bootstrapping Spring Data JPA repositories in DEFAULT mode.
2026-09-07 22:34:34 [restartedMain] INFO  o.s.d.r.c.RepositoryConfigurationDelegate - Finished Spring Data repository scanning in 155 ms. Found 16 JPA repository interfaces.
2026-09-07 22:34:36 [restartedMain] INFO  o.s.b.w.e.tomcat.TomcatWebServer - Tomcat initialized with port 8080 (http)
2026-09-07 22:34:36 [restartedMain] INFO  o.a.catalina.core.StandardService - Starting service [Tomcat]
2026-09-07 22:34:36 [restartedMain] INFO  o.a.catalina.core.StandardEngine - Starting Servlet engine: [Apache Tomcat/10.1.30]
2026-09-07 22:34:36 [restartedMain] INFO  o.a.c.c.C.[Tomcat].[localhost].[/] - Initializing Spring embedded WebApplicationContext
2026-09-07 22:34:36 [restartedMain] INFO  o.s.b.w.s.c.ServletWebServerApplicationContext - Root WebApplicationContext: initialization completed in 3838 ms
2026-09-07 22:34:37 [restartedMain] INFO  o.h.jpa.internal.util.LogHelper - HHH000204: Processing PersistenceUnitInfo [name: default]
2026-09-07 22:34:37 [restartedMain] INFO  org.hibernate.Version - HHH000412: Hibernate ORM core version 6.5.3.Final
2026-09-07 22:34:37 [restartedMain] INFO  o.h.c.i.RegionFactoryInitiator - HHH000026: Second-level cache disabled
2026-09-07 22:34:37 [restartedMain] INFO  o.s.o.j.p.SpringPersistenceUnitInfo - No LoadTimeWeaver setup: ignoring JPA class transformer
2026-09-07 22:34:37 [restartedMain] INFO  com.zaxxer.hikari.HikariDataSource - HikariPool-1 - Starting...
2026-09-07 22:34:38 [restartedMain] INFO  com.zaxxer.hikari.pool.HikariPool - HikariPool-1 - Added connection com.mysql.cj.jdbc.ConnectionImpl@60a36f6c
2026-09-07 22:34:38 [restartedMain] INFO  com.zaxxer.hikari.HikariDataSource - HikariPool-1 - Start completed.
2026-09-07 22:34:38 [restartedMain] WARN  org.hibernate.orm.deprecation - HHH90000025: MySQLDialect does not need to be specified explicitly using 'hibernate.dialect' (remove the property setting and it will be selected by default)
2026-09-07 22:34:42 [restartedMain] INFO  o.h.e.t.j.p.i.JtaPlatformInitiator - HHH000489: No JTA platform available (set 'hibernate.transaction.jta.platform' to enable JTA platform integration)
2026-09-07 22:34:42 [restartedMain] DEBUG org.hibernate.SQL - 
    alter table discounts 
       modify column type enum ('FIXED','PERCENTAGE') not null
2026-09-07 22:34:42 [restartedMain] DEBUG org.hibernate.SQL - 
    alter table payments 
       modify column method enum ('CARD','CASH','ONLINE') not null
2026-09-07 22:34:42 [restartedMain] DEBUG org.hibernate.SQL - 
    alter table payments 
       modify column status enum ('FAILED','PENDING','REFUNDED','SUCCESS') not null
2026-09-07 22:34:42 [restartedMain] DEBUG org.hibernate.SQL - 
    alter table purchase_orders 
       modify column status enum ('APPROVED','CANCELLED','PENDING','RECEIVED') not null
2026-09-07 22:34:42 [restartedMain] DEBUG org.hibernate.SQL - 
    alter table sales_orders 
       modify column status enum ('CANCELLED','COMPLETED','PENDING','REFUNDED') not null
2026-09-07 22:34:43 [restartedMain] INFO  o.s.o.j.LocalContainerEntityManagerFactoryBean - Initialized JPA EntityManagerFactory for persistence unit 'default'
2026-09-07 22:34:45 [restartedMain] INFO  o.s.s.c.a.a.c.InitializeAuthenticationProviderBeanManagerConfigurer$InitializeAuthenticationProviderManagerConfigurer - Global AuthenticationManager configured with AuthenticationProvider bean with name authenticationProvider
2026-09-07 22:34:45 [restartedMain] WARN  o.s.s.c.a.a.c.InitializeUserDetailsBeanManagerConfigurer$InitializeUserDetailsManagerConfigurer - Global AuthenticationManager configured with an AuthenticationProvider bean. UserDetailsService beans will not be used for username/password login. Consider removing the AuthenticationProvider bean. Alternatively, consider using the UserDetailsService in a manually instantiated DaoAuthenticationProvider.
2026-09-07 22:34:48 [restartedMain] INFO  o.s.b.d.a.OptionalLiveReloadServer - LiveReload server is running on port 35729
2026-09-07 22:34:48 [restartedMain] INFO  o.s.b.w.e.tomcat.TomcatWebServer - Tomcat started on port 8080 (http) with context path '/'
2026-09-07 22:34:48 [restartedMain] INFO  c.e.a.ApiProjectApplication - Started ApiProjectApplication in 16.15 seconds (process running for 17.914)
2026-09-07 22:34:48 [restartedMain] DEBUG org.hibernate.SQL - 
    select
        r1_0.id,
        r1_0.description,
        r1_0.name 
    from
        roles r1_0 
    where
        r1_0.name=?
2026-09-07 22:34:49 [restartedMain] DEBUG org.hibernate.SQL - 
    select
        r1_0.id,
        r1_0.description,
        r1_0.name 
    from
        roles r1_0 
    where
        r1_0.name=?
2026-09-07 22:34:49 [restartedMain] DEBUG org.hibernate.SQL - 
    select
        r1_0.id,
        r1_0.description,
        r1_0.name 
    from
        roles r1_0 
    where
        r1_0.name=?
2026-09-07 22:34:49 [restartedMain] DEBUG org.hibernate.SQL - 
    select
        count(*) 
    from
        branches b1_0
2026-09-07 22:34:49 [restartedMain] DEBUG org.hibernate.SQL - 
    select
        b1_0.id,
        b1_0.active,
        b1_0.address,
        b1_0.created_at,
        b1_0.name,
        b1_0.phone,
        b1_0.updated_at 
    from
        branches b1_0
2026-09-07 22:34:49 [restartedMain] DEBUG org.hibernate.SQL - 
    select
        u1_0.id 
    from
        users u1_0 
    where
        u1_0.username=? 
    limit
        ?
2026-09-07 22:34:54 [http-nio-8080-exec-1] INFO  o.a.c.c.C.[Tomcat].[localhost].[/] - Initializing Spring DispatcherServlet 'dispatcherServlet'
2026-09-07 22:34:54 [http-nio-8080-exec-1] INFO  o.s.web.servlet.DispatcherServlet - Initializing Servlet 'dispatcherServlet'
2026-09-07 22:34:54 [http-nio-8080-exec-1] INFO  o.s.web.servlet.DispatcherServlet - Completed initialization in 5 ms
2026-09-07 22:34:54 [http-nio-8080-exec-2] DEBUG org.hibernate.SQL - 
    select
        u1_0.id,
        u1_0.branch_id,
        u1_0.created_at,
        u1_0.email,
        u1_0.enabled,
        u1_0.full_name,
        u1_0.password,
        u1_0.phone,
        u1_0.role_id,
        u1_0.updated_at,
        u1_0.username 
    from
        users u1_0 
    where
        u1_0.username=?
2026-09-07 22:34:54 [http-nio-8080-exec-2] DEBUG org.hibernate.SQL - 
    select
        b1_0.id,
        b1_0.active,
        b1_0.address,
        b1_0.created_at,
        b1_0.name,
        b1_0.phone,
        b1_0.updated_at 
    from
        branches b1_0 
    where
        b1_0.id=?
2026-09-07 22:34:54 [http-nio-8080-exec-2] DEBUG org.hibernate.SQL - 
    select
        r1_0.id,
        r1_0.description,
        r1_0.name 
    from
        roles r1_0 
    where
        r1_0.id=?
2026-09-07 22:34:55 [http-nio-8080-exec-2] WARN  c.e.a.e.GlobalExceptionHandler - Authentication failed: Bad credentials
2026-09-07 22:34:55 [http-nio-8080-exec-2] WARN  o.s.w.s.m.m.a.ExceptionHandlerExceptionResolver - Resolved [org.springframework.security.authentication.BadCredentialsException: Bad credentials]
2026-09-07 22:35:06 [http-nio-8080-exec-4] DEBUG org.hibernate.SQL - 
    select
        u1_0.id,
        u1_0.branch_id,
        u1_0.created_at,
        u1_0.email,
        u1_0.enabled,
        u1_0.full_name,
        u1_0.password,
        u1_0.phone,
        u1_0.role_id,
        u1_0.updated_at,
        u1_0.username 
    from
        users u1_0 
    where
        u1_0.username=?
2026-09-07 22:35:06 [http-nio-8080-exec-4] DEBUG org.hibernate.SQL - 
    select
        b1_0.id,
        b1_0.active,
        b1_0.address,
        b1_0.created_at,
        b1_0.name,
        b1_0.phone,
        b1_0.updated_at 
    from
        branches b1_0 
    where
        b1_0.id=?
2026-09-07 22:35:06 [http-nio-8080-exec-4] DEBUG org.hibernate.SQL - 
    select
        r1_0.id,
        r1_0.description,
        r1_0.name 
    from
        roles r1_0 
    where
        r1_0.id=?
2026-09-07 22:35:06 [http-nio-8080-exec-4] DEBUG org.hibernate.SQL - 
    select
        u1_0.id,
        u1_0.branch_id,
        u1_0.created_at,
        u1_0.email,
        u1_0.enabled,
        u1_0.full_name,
        u1_0.password,
        u1_0.phone,
        u1_0.role_id,
        u1_0.updated_at,
        u1_0.username 
    from
        users u1_0 
    where
        u1_0.username=?
2026-09-07 22:35:07 [http-nio-8080-exec-4] DEBUG org.hibernate.SQL - 
    insert 
    into
        audit_logs
        (action, details, entity_id, entity_name, timestamp, user_id) 
    values
        (?, ?, ?, ?, ?, ?)
2026-09-07 22:35:07 [http-nio-8080-exec-4] INFO  c.e.api_project.util.AuditLogger - AUDIT [LOGIN] User #1 - User logged in: admin
2026-09-07 22:35:07 [http-nio-8080-exec-4] INFO  c.e.api_project.service.AuthService - User logged in: admin
2026-09-07 22:35:07 [http-nio-8080-exec-6] DEBUG org.hibernate.SQL - 
    select
        u1_0.id,
        u1_0.branch_id,
        u1_0.created_at,
        u1_0.email,
        u1_0.enabled,
        u1_0.full_name,
        u1_0.password,
        u1_0.phone,
        u1_0.role_id,
        u1_0.updated_at,
        u1_0.username 
    from
        users u1_0 
    where
        u1_0.username=?
2026-09-07 22:35:07 [http-nio-8080-exec-6] DEBUG org.hibernate.SQL - 
    select
        b1_0.id,
        b1_0.active,
        b1_0.address,
        b1_0.created_at,
        b1_0.name,
        b1_0.phone,
        b1_0.updated_at 
    from
        branches b1_0 
    where
        b1_0.id=?
2026-09-07 22:35:07 [http-nio-8080-exec-6] DEBUG org.hibernate.SQL - 
    select
        r1_0.id,
        r1_0.description,
        r1_0.name 
    from
        roles r1_0 
    where
        r1_0.id=?
2026-09-07 22:35:07 [http-nio-8080-exec-6] DEBUG org.hibernate.SQL - 
    select
        u1_0.id,
        b1_0.id,
        b1_0.active,
        b1_0.address,
        b1_0.created_at,
        b1_0.name,
        b1_0.phone,
        b1_0.updated_at,
        u1_0.created_at,
        u1_0.email,
        u1_0.enabled,
        u1_0.full_name,
        u1_0.password,
        u1_0.phone,
        u1_0.role_id,
        r1_0.id,
        r1_0.description,
        r1_0.name,
        u1_0.updated_at,
        u1_0.username 
    from
        users u1_0 
    left join
        branches b1_0 
            on b1_0.id=u1_0.branch_id 
    join
        roles r1_0 
            on r1_0.id=u1_0.role_id 
    where
        u1_0.id=?
2026-09-07 22:35:07 [http-nio-8080-exec-8] DEBUG org.hibernate.SQL - 
    select
        u1_0.id,
        u1_0.branch_id,
        u1_0.created_at,
        u1_0.email,
        u1_0.enabled,
        u1_0.full_name,
        u1_0.password,
        u1_0.phone,
        u1_0.role_id,
        u1_0.updated_at,
        u1_0.username 
    from
        users u1_0 
    where
        u1_0.username=?
2026-09-07 22:35:07 [http-nio-8080-exec-8] DEBUG org.hibernate.SQL - 
    select
        b1_0.id,
        b1_0.active,
        b1_0.address,
        b1_0.created_at,
        b1_0.name,
        b1_0.phone,
        b1_0.updated_at 
    from
        branches b1_0 
    where
        b1_0.id=?
2026-09-07 22:35:07 [http-nio-8080-exec-8] DEBUG org.hibernate.SQL - 
    select
        r1_0.id,
        r1_0.description,
        r1_0.name 
    from
        roles r1_0 
    where
        r1_0.id=?
2026-09-07 22:35:07 [http-nio-8080-exec-8] DEBUG org.hibernate.SQL - 
    select
        b1_0.id,
        b1_0.active,
        b1_0.address,
        b1_0.created_at,
        b1_0.name,
        b1_0.phone,
        b1_0.updated_at 
    from
        branches b1_0
2026-09-07 22:35:07 [http-nio-8080-exec-3] DEBUG org.hibernate.SQL - 
    select
        u1_0.id,
        u1_0.branch_id,
        u1_0.created_at,
        u1_0.email,
        u1_0.enabled,
        u1_0.full_name,
        u1_0.password,
        u1_0.phone,
        u1_0.role_id,
        u1_0.updated_at,
        u1_0.username 
    from
        users u1_0 
    where
        u1_0.username=?
2026-09-07 22:35:07 [http-nio-8080-exec-4] DEBUG org.hibernate.SQL - 
    select
        u1_0.id,
        u1_0.branch_id,
        u1_0.created_at,
        u1_0.email,
        u1_0.enabled,
        u1_0.full_name,
        u1_0.password,
        u1_0.phone,
        u1_0.role_id,
        u1_0.updated_at,
        u1_0.username 
    from
        users u1_0 
    where
        u1_0.username=?
2026-09-07 22:35:07 [http-nio-8080-exec-5] DEBUG org.hibernate.SQL - 
    select
        u1_0.id,
        u1_0.branch_id,
        u1_0.created_at,
        u1_0.email,
        u1_0.enabled,
        u1_0.full_name,
        u1_0.password,
        u1_0.phone,
        u1_0.role_id,
        u1_0.updated_at,
        u1_0.username 
    from
        users u1_0 
    where
        u1_0.username=?
2026-09-07 22:35:07 [http-nio-8080-exec-10] DEBUG org.hibernate.SQL - 
    select
        u1_0.id,
        u1_0.branch_id,
        u1_0.created_at,
        u1_0.email,
        u1_0.enabled,
        u1_0.full_name,
        u1_0.password,
        u1_0.phone,
        u1_0.role_id,
        u1_0.updated_at,
        u1_0.username 
    from
        users u1_0 
    where
        u1_0.username=?
2026-09-07 22:35:07 [http-nio-8080-exec-3] DEBUG org.hibernate.SQL - 
    select
        b1_0.id,
        b1_0.active,
        b1_0.address,
        b1_0.created_at,
        b1_0.name,
        b1_0.phone,
        b1_0.updated_at 
    from
        branches b1_0 
    where
        b1_0.id=?
2026-09-07 22:35:07 [http-nio-8080-exec-10] DEBUG org.hibernate.SQL - 
    select
        b1_0.id,
        b1_0.active,
        b1_0.address,
        b1_0.created_at,
        b1_0.name,
        b1_0.phone,
        b1_0.updated_at 
    from
        branches b1_0 
    where
        b1_0.id=?
2026-09-07 22:35:07 [http-nio-8080-exec-4] DEBUG org.hibernate.SQL - 
    select
        b1_0.id,
        b1_0.active,
        b1_0.address,
        b1_0.created_at,
        b1_0.name,
        b1_0.phone,
        b1_0.updated_at 
    from
        branches b1_0 
    where
        b1_0.id=?
2026-09-07 22:35:07 [http-nio-8080-exec-3] DEBUG org.hibernate.SQL - 
    select
        r1_0.id,
        r1_0.description,
        r1_0.name 
    from
        roles r1_0 
    where
        r1_0.id=?
2026-09-07 22:35:07 [http-nio-8080-exec-5] DEBUG org.hibernate.SQL - 
    select
        b1_0.id,
        b1_0.active,
        b1_0.address,
        b1_0.created_at,
        b1_0.name,
        b1_0.phone,
        b1_0.updated_at 
    from
        branches b1_0 
    where
        b1_0.id=?
2026-09-07 22:35:07 [http-nio-8080-exec-4] DEBUG org.hibernate.SQL - 
    select
        r1_0.id,
        r1_0.description,
        r1_0.name 
    from
        roles r1_0 
    where
        r1_0.id=?
2026-09-07 22:35:07 [http-nio-8080-exec-10] DEBUG org.hibernate.SQL - 
    select
        r1_0.id,
        r1_0.description,
        r1_0.name 
    from
        roles r1_0 
    where
        r1_0.id=?
2026-09-07 22:35:07 [http-nio-8080-exec-5] DEBUG org.hibernate.SQL - 
    select
        r1_0.id,
        r1_0.description,
        r1_0.name 
    from
        roles r1_0 
    where
        r1_0.id=?
2026-09-07 22:35:07 [http-nio-8080-exec-10] DEBUG org.hibernate.SQL - 
    select
        i1_0.id,
        i1_0.branch_id,
        i1_0.created_at,
        i1_0.product_id,
        i1_0.quantity,
        i1_0.updated_at 
    from
        inventory i1_0 
    where
        i1_0.branch_id=?
2026-09-07 22:35:07 [http-nio-8080-exec-4] DEBUG org.hibernate.SQL - 
    select
        p1_0.id,
        p1_0.active,
        p1_0.created_at,
        p1_0.name,
        p1_0.reorder_level,
        p1_0.sku,
        p1_0.sub_category_id,
        p1_0.supplier_id,
        p1_0.unit,
        p1_0.unit_price,
        p1_0.updated_at 
    from
        products p1_0
2026-09-07 22:35:07 [http-nio-8080-exec-5] DEBUG org.hibernate.SQL - 
    select
        so1_0.id,
        so1_0.branch_id,
        so1_0.cashier_id,
        so1_0.created_at,
        so1_0.customer_id,
        so1_0.discount_id,
        so1_0.order_date,
        so1_0.status,
        so1_0.total_amount,
        so1_0.updated_at 
    from
        sales_orders so1_0 
    where
        so1_0.branch_id=?
2026-09-07 22:35:07 [http-nio-8080-exec-10] DEBUG org.hibernate.SQL - 
    select
        p1_0.id,
        p1_0.active,
        p1_0.created_at,
        p1_0.name,
        p1_0.reorder_level,
        p1_0.sku,
        p1_0.sub_category_id,
        p1_0.supplier_id,
        p1_0.unit,
        p1_0.unit_price,
        p1_0.updated_at 
    from
        products p1_0 
    where
        p1_0.id=?
2026-09-07 22:35:07 [http-nio-8080-exec-4] DEBUG org.hibernate.SQL - 
    select
        sc1_0.id,
        sc1_0.category_id,
        sc1_0.created_at,
        sc1_0.name,
        sc1_0.updated_at 
    from
        sub_categories sc1_0 
    where
        sc1_0.id=?
2026-09-07 22:35:07 [http-nio-8080-exec-10] DEBUG org.hibernate.SQL - 
    select
        sc1_0.id,
        sc1_0.category_id,
        sc1_0.created_at,
        sc1_0.name,
        sc1_0.updated_at 
    from
        sub_categories sc1_0 
    where
        sc1_0.id=?
2026-09-07 22:35:07 [http-nio-8080-exec-5] DEBUG org.hibernate.SQL - 
    select
        c1_0.id,
        c1_0.address,
        c1_0.created_at,
        c1_0.email,
        c1_0.loyalty_points,
        c1_0.name,
        c1_0.phone,
        c1_0.updated_at 
    from
        customers c1_0 
    where
        c1_0.id=?
2026-09-07 22:35:07 [http-nio-8080-exec-4] DEBUG org.hibernate.SQL - 
    select
        c1_0.id,
        c1_0.created_at,
        c1_0.description,
        c1_0.name,
        c1_0.updated_at 
    from
        categories c1_0 
    where
        c1_0.id=?
2026-09-07 22:35:07 [http-nio-8080-exec-10] DEBUG org.hibernate.SQL - 
    select
        c1_0.id,
        c1_0.created_at,
        c1_0.description,
        c1_0.name,
        c1_0.updated_at 
    from
        categories c1_0 
    where
        c1_0.id=?
2026-09-07 22:35:07 [http-nio-8080-exec-5] DEBUG org.hibernate.SQL - 
    select
        b1_0.id,
        b1_0.active,
        b1_0.address,
        b1_0.created_at,
        b1_0.name,
        b1_0.phone,
        b1_0.updated_at 
    from
        branches b1_0 
    where
        b1_0.id=?
2026-09-07 22:35:07 [http-nio-8080-exec-4] DEBUG org.hibernate.SQL - 
    select
        s1_0.id,
        s1_0.address,
        s1_0.contact_person,
        s1_0.created_at,
        s1_0.email,
        s1_0.name,
        s1_0.phone,
        s1_0.updated_at 
    from
        suppliers s1_0 
    where
        s1_0.id=?
2026-09-07 22:35:07 [http-nio-8080-exec-10] DEBUG org.hibernate.SQL - 
    select
        s1_0.id,
        s1_0.address,
        s1_0.contact_person,
        s1_0.created_at,
        s1_0.email,
        s1_0.name,
        s1_0.phone,
        s1_0.updated_at 
    from
        suppliers s1_0 
    where
        s1_0.id=?
2026-09-07 22:35:07 [http-nio-8080-exec-5] DEBUG org.hibernate.SQL - 
    select
        u1_0.id,
        b1_0.id,
        b1_0.active,
        b1_0.address,
        b1_0.created_at,
        b1_0.name,
        b1_0.phone,
        b1_0.updated_at,
        u1_0.created_at,
        u1_0.email,
        u1_0.enabled,
        u1_0.full_name,
        u1_0.password,
        u1_0.phone,
        u1_0.role_id,
        r1_0.id,
        r1_0.description,
        r1_0.name,
        u1_0.updated_at,
        u1_0.username 
    from
        users u1_0 
    left join
        branches b1_0 
            on b1_0.id=u1_0.branch_id 
    join
        roles r1_0 
            on r1_0.id=u1_0.role_id 
    where
        u1_0.id=?
2026-09-07 22:35:07 [http-nio-8080-exec-10] DEBUG org.hibernate.SQL - 
    select
        b1_0.id,
        b1_0.active,
        b1_0.address,
        b1_0.created_at,
        b1_0.name,
        b1_0.phone,
        b1_0.updated_at 
    from
        branches b1_0 
    where
        b1_0.id=?
2026-09-07 22:35:07 [http-nio-8080-exec-4] DEBUG org.hibernate.SQL - 
    select
        sc1_0.id,
        sc1_0.category_id,
        sc1_0.created_at,
        sc1_0.name,
        sc1_0.updated_at 
    from
        sub_categories sc1_0 
    where
        sc1_0.id=?
2026-09-07 22:35:07 [http-nio-8080-exec-4] DEBUG org.hibernate.SQL - 
    select
        c1_0.id,
        c1_0.created_at,
        c1_0.description,
        c1_0.name,
        c1_0.updated_at 
    from
        categories c1_0 
    where
        c1_0.id=?
2026-09-07 22:35:07 [http-nio-8080-exec-10] DEBUG org.hibernate.SQL - 
    select
        p1_0.id,
        p1_0.active,
        p1_0.created_at,
        p1_0.name,
        p1_0.reorder_level,
        p1_0.sku,
        p1_0.sub_category_id,
        p1_0.supplier_id,
        p1_0.unit,
        p1_0.unit_price,
        p1_0.updated_at 
    from
        products p1_0 
    where
        p1_0.id=?
2026-09-07 22:35:07 [http-nio-8080-exec-10] DEBUG org.hibernate.SQL - 
    select
        p1_0.id,
        p1_0.active,
        p1_0.created_at,
        p1_0.name,
        p1_0.reorder_level,
        p1_0.sku,
        p1_0.sub_category_id,
        p1_0.supplier_id,
        p1_0.unit,
        p1_0.unit_price,
        p1_0.updated_at 
    from
        products p1_0 
    where
        p1_0.id=?
2026-09-07 22:35:07 [http-nio-8080-exec-4] DEBUG org.hibernate.SQL - 
    select
        sc1_0.id,
        sc1_0.category_id,
        sc1_0.created_at,
        sc1_0.name,
        sc1_0.updated_at 
    from
        sub_categories sc1_0 
    where
        sc1_0.id=?
2026-09-07 22:35:07 [http-nio-8080-exec-10] DEBUG org.hibernate.SQL - 
    select
        sc1_0.id,
        sc1_0.category_id,
        sc1_0.created_at,
        sc1_0.name,
        sc1_0.updated_at 
    from
        sub_categories sc1_0 
    where
        sc1_0.id=?
2026-09-07 22:35:07 [http-nio-8080-exec-10] DEBUG org.hibernate.SQL - 
    select
        c1_0.id,
        c1_0.created_at,
        c1_0.description,
        c1_0.name,
        c1_0.updated_at 
    from
        categories c1_0 
    where
        c1_0.id=?
2026-09-07 22:35:07 [http-nio-8080-exec-4] DEBUG org.hibernate.SQL - 
    select
        c1_0.id,
        c1_0.created_at,
        c1_0.description,
        c1_0.name,
        c1_0.updated_at 
    from
        categories c1_0 
    where
        c1_0.id=?
2026-09-07 22:35:07 [http-nio-8080-exec-3] DEBUG org.hibernate.SQL - 
    select
        po1_0.id,
        po1_0.branch_id,
        po1_0.created_at,
        po1_0.order_date,
        po1_0.ordered_by,
        po1_0.status,
        po1_0.supplier_id,
        po1_0.total_amount,
        po1_0.updated_at 
    from
        purchase_orders po1_0 
    where
        po1_0.branch_id=?
2026-09-07 22:35:07 [http-nio-8080-exec-10] DEBUG org.hibernate.SQL - 
    select
        p1_0.id,
        p1_0.active,
        p1_0.created_at,
        p1_0.name,
        p1_0.reorder_level,
        p1_0.sku,
        p1_0.sub_category_id,
        p1_0.supplier_id,
        p1_0.unit,
        p1_0.unit_price,
        p1_0.updated_at 
    from
        products p1_0 
    where
        p1_0.id=?
2026-09-07 22:35:07 [http-nio-8080-exec-4] DEBUG org.hibernate.SQL - 
    select
        s1_0.id,
        s1_0.address,
        s1_0.contact_person,
        s1_0.created_at,
        s1_0.email,
        s1_0.name,
        s1_0.phone,
        s1_0.updated_at 
    from
        suppliers s1_0 
    where
        s1_0.id=?
2026-09-07 22:35:07 [http-nio-8080-exec-5] DEBUG org.hibernate.SQL - 
    select
        i1_0.sales_order_id,
        i1_0.id,
        i1_0.product_id,
        i1_0.quantity,
        i1_0.subtotal,
        i1_0.unit_price 
    from
        sales_order_items i1_0 
    where
        i1_0.sales_order_id=?
2026-09-07 22:35:07 [http-nio-8080-exec-4] DEBUG org.hibernate.SQL - 
    select
        sc1_0.id,
        sc1_0.category_id,
        sc1_0.created_at,
        sc1_0.name,
        sc1_0.updated_at 
    from
        sub_categories sc1_0 
    where
        sc1_0.id=?
2026-09-07 22:35:07 [http-nio-8080-exec-10] DEBUG org.hibernate.SQL - 
    select
        sc1_0.id,
        sc1_0.category_id,
        sc1_0.created_at,
        sc1_0.name,
        sc1_0.updated_at 
    from
        sub_categories sc1_0 
    where
        sc1_0.id=?
2026-09-07 22:35:07 [http-nio-8080-exec-10] DEBUG org.hibernate.SQL - 
    select
        c1_0.id,
        c1_0.created_at,
        c1_0.description,
        c1_0.name,
        c1_0.updated_at 
    from
        categories c1_0 
    where
        c1_0.id=?
2026-09-07 22:35:07 [http-nio-8080-exec-4] DEBUG org.hibernate.SQL - 
    select
        c1_0.id,
        c1_0.created_at,
        c1_0.description,
        c1_0.name,
        c1_0.updated_at 
    from
        categories c1_0 
    where
        c1_0.id=?
2026-09-07 22:35:07 [http-nio-8080-exec-10] DEBUG org.hibernate.SQL - 
    select
        p1_0.id,
        p1_0.active,
        p1_0.created_at,
        p1_0.name,
        p1_0.reorder_level,
        p1_0.sku,
        p1_0.sub_category_id,
        p1_0.supplier_id,
        p1_0.unit,
        p1_0.unit_price,
        p1_0.updated_at 
    from
        products p1_0 
    where
        p1_0.id=?
2026-09-07 22:35:07 [http-nio-8080-exec-4] DEBUG org.hibernate.SQL - 
    select
        sc1_0.id,
        sc1_0.category_id,
        sc1_0.created_at,
        sc1_0.name,
        sc1_0.updated_at 
    from
        sub_categories sc1_0 
    where
        sc1_0.id=?
2026-09-07 22:35:07 [http-nio-8080-exec-3] DEBUG org.hibernate.SQL - 
    select
        s1_0.id,
        s1_0.address,
        s1_0.contact_person,
        s1_0.created_at,
        s1_0.email,
        s1_0.name,
        s1_0.phone,
        s1_0.updated_at 
    from
        suppliers s1_0 
    where
        s1_0.id=?
2026-09-07 22:35:07 [http-nio-8080-exec-10] DEBUG org.hibernate.SQL - 
    select
        s1_0.id,
        s1_0.address,
        s1_0.contact_person,
        s1_0.created_at,
        s1_0.email,
        s1_0.name,
        s1_0.phone,
        s1_0.updated_at 
    from
        suppliers s1_0 
    where
        s1_0.id=?
2026-09-07 22:35:07 [http-nio-8080-exec-3] DEBUG org.hibernate.SQL - 
    select
        b1_0.id,
        b1_0.active,
        b1_0.address,
        b1_0.created_at,
        b1_0.name,
        b1_0.phone,
        b1_0.updated_at 
    from
        branches b1_0 
    where
        b1_0.id=?
2026-09-07 22:35:07 [http-nio-8080-exec-4] DEBUG org.hibernate.SQL - 
    select
        c1_0.id,
        c1_0.created_at,
        c1_0.description,
        c1_0.name,
        c1_0.updated_at 
    from
        categories c1_0 
    where
        c1_0.id=?
2026-09-07 22:35:07 [http-nio-8080-exec-10] DEBUG org.hibernate.SQL - 
    select
        p1_0.id,
        p1_0.active,
        p1_0.created_at,
        p1_0.name,
        p1_0.reorder_level,
        p1_0.sku,
        p1_0.sub_category_id,
        p1_0.supplier_id,
        p1_0.unit,
        p1_0.unit_price,
        p1_0.updated_at 
    from
        products p1_0 
    where
        p1_0.id=?
2026-09-07 22:35:07 [http-nio-8080-exec-3] DEBUG org.hibernate.SQL - 
    select
        u1_0.id,
        b1_0.id,
        b1_0.active,
        b1_0.address,
        b1_0.created_at,
        b1_0.name,
        b1_0.phone,
        b1_0.updated_at,
        u1_0.created_at,
        u1_0.email,
        u1_0.enabled,
        u1_0.full_name,
        u1_0.password,
        u1_0.phone,
        u1_0.role_id,
        r1_0.id,
        r1_0.description,
        r1_0.name,
        u1_0.updated_at,
        u1_0.username 
    from
        users u1_0 
    left join
        branches b1_0 
            on b1_0.id=u1_0.branch_id 
    join
        roles r1_0 
            on r1_0.id=u1_0.role_id 
    where
        u1_0.id=?
2026-09-07 22:35:07 [http-nio-8080-exec-4] DEBUG org.hibernate.SQL - 
    select
        s1_0.id,
        s1_0.address,
        s1_0.contact_person,
        s1_0.created_at,
        s1_0.email,
        s1_0.name,
        s1_0.phone,
        s1_0.updated_at 
    from
        suppliers s1_0 
    where
        s1_0.id=?
2026-09-07 22:35:07 [http-nio-8080-exec-10] DEBUG org.hibernate.SQL - 
    select
        sc1_0.id,
        sc1_0.category_id,
        sc1_0.created_at,
        sc1_0.name,
        sc1_0.updated_at 
    from
        sub_categories sc1_0 
    where
        sc1_0.id=?
2026-09-07 22:35:07 [http-nio-8080-exec-4] DEBUG org.hibernate.SQL - 
    select
        sc1_0.id,
        sc1_0.category_id,
        sc1_0.created_at,
        sc1_0.name,
        sc1_0.updated_at 
    from
        sub_categories sc1_0 
    where
        sc1_0.id=?
2026-09-07 22:35:07 [http-nio-8080-exec-3] DEBUG org.hibernate.SQL - 
    select
        i1_0.purchase_order_id,
        i1_0.id,
        i1_0.product_id,
        i1_0.quantity,
        i1_0.subtotal,
        i1_0.unit_cost 
    from
        purchase_order_items i1_0 
    where
        i1_0.purchase_order_id=?
2026-09-07 22:35:07 [http-nio-8080-exec-4] DEBUG org.hibernate.SQL - 
    select
        c1_0.id,
        c1_0.created_at,
        c1_0.description,
        c1_0.name,
        c1_0.updated_at 
    from
        categories c1_0 
    where
        c1_0.id=?
2026-09-07 22:35:07 [http-nio-8080-exec-5] DEBUG org.hibernate.SQL - 
    select
        p1_0.id,
        p1_0.active,
        p1_0.created_at,
        p1_0.name,
        p1_0.reorder_level,
        p1_0.sku,
        p1_0.sub_category_id,
        p1_0.supplier_id,
        p1_0.unit,
        p1_0.unit_price,
        p1_0.updated_at 
    from
        products p1_0 
    where
        p1_0.id=?
2026-09-07 22:35:07 [http-nio-8080-exec-10] DEBUG org.hibernate.SQL - 
    select
        c1_0.id,
        c1_0.created_at,
        c1_0.description,
        c1_0.name,
        c1_0.updated_at 
    from
        categories c1_0 
    where
        c1_0.id=?
2026-09-07 22:35:07 [http-nio-8080-exec-10] DEBUG org.hibernate.SQL - 
    select
        p1_0.id,
        p1_0.active,
        p1_0.created_at,
        p1_0.name,
        p1_0.reorder_level,
        p1_0.sku,
        p1_0.sub_category_id,
        p1_0.supplier_id,
        p1_0.unit,
        p1_0.unit_price,
        p1_0.updated_at 
    from
        products p1_0 
    where
        p1_0.id=?
2026-09-07 22:35:07 [http-nio-8080-exec-5] DEBUG org.hibernate.SQL - 
    select
        sc1_0.id,
        sc1_0.category_id,
        sc1_0.created_at,
        sc1_0.name,
        sc1_0.updated_at 
    from
        sub_categories sc1_0 
    where
        sc1_0.id=?
2026-09-07 22:35:07 [http-nio-8080-exec-3] DEBUG org.hibernate.SQL - 
    select
        p1_0.id,
        p1_0.active,
        p1_0.created_at,
        p1_0.name,
        p1_0.reorder_level,
        p1_0.sku,
        p1_0.sub_category_id,
        p1_0.supplier_id,
        p1_0.unit,
        p1_0.unit_price,
        p1_0.updated_at 
    from
        products p1_0 
    where
        p1_0.id=?
2026-09-07 22:35:07 [http-nio-8080-exec-5] DEBUG org.hibernate.SQL - 
    select
        c1_0.id,
        c1_0.created_at,
        c1_0.description,
        c1_0.name,
        c1_0.updated_at 
    from
        categories c1_0 
    where
        c1_0.id=?
2026-09-07 22:35:07 [http-nio-8080-exec-10] DEBUG org.hibernate.SQL - 
    select
        sc1_0.id,
        sc1_0.category_id,
        sc1_0.created_at,
        sc1_0.name,
        sc1_0.updated_at 
    from
        sub_categories sc1_0 
    where
        sc1_0.id=?
2026-09-07 22:35:07 [http-nio-8080-exec-3] DEBUG org.hibernate.SQL - 
    select
        sc1_0.id,
        sc1_0.category_id,
        sc1_0.created_at,
        sc1_0.name,
        sc1_0.updated_at 
    from
        sub_categories sc1_0 
    where
        sc1_0.id=?
2026-09-07 22:35:07 [http-nio-8080-exec-3] DEBUG org.hibernate.SQL - 
    select
        c1_0.id,
        c1_0.created_at,
        c1_0.description,
        c1_0.name,
        c1_0.updated_at 
    from
        categories c1_0 
    where
        c1_0.id=?
2026-09-07 22:35:07 [http-nio-8080-exec-10] DEBUG org.hibernate.SQL - 
    select
        c1_0.id,
        c1_0.created_at,
        c1_0.description,
        c1_0.name,
        c1_0.updated_at 
    from
        categories c1_0 
    where
        c1_0.id=?
2026-09-07 22:35:07 [http-nio-8080-exec-5] DEBUG org.hibernate.SQL - 
    select
        s1_0.id,
        s1_0.address,
        s1_0.contact_person,
        s1_0.created_at,
        s1_0.email,
        s1_0.name,
        s1_0.phone,
        s1_0.updated_at 
    from
        suppliers s1_0 
    where
        s1_0.id=?
2026-09-07 22:35:07 [http-nio-8080-exec-5] DEBUG org.hibernate.SQL - 
    select
        p1_0.id,
        p1_0.active,
        p1_0.created_at,
        p1_0.name,
        p1_0.reorder_level,
        p1_0.sku,
        p1_0.sub_category_id,
        p1_0.supplier_id,
        p1_0.unit,
        p1_0.unit_price,
        p1_0.updated_at 
    from
        products p1_0 
    where
        p1_0.id=?
2026-09-07 22:35:07 [http-nio-8080-exec-3] DEBUG org.hibernate.SQL - 
    select
        s1_0.id,
        s1_0.address,
        s1_0.contact_person,
        s1_0.created_at,
        s1_0.email,
        s1_0.name,
        s1_0.phone,
        s1_0.updated_at 
    from
        suppliers s1_0 
    where
        s1_0.id=?
2026-09-07 22:35:08 [http-nio-8080-exec-3] DEBUG org.hibernate.SQL - 
    select
        i1_0.purchase_order_id,
        i1_0.id,
        i1_0.product_id,
        i1_0.quantity,
        i1_0.subtotal,
        i1_0.unit_cost 
    from
        purchase_order_items i1_0 
    where
        i1_0.purchase_order_id=?
2026-09-07 22:35:08 [http-nio-8080-exec-5] DEBUG org.hibernate.SQL - 
    select
        p1_0.id,
        p1_0.active,
        p1_0.created_at,
        p1_0.name,
        p1_0.reorder_level,
        p1_0.sku,
        p1_0.sub_category_id,
        p1_0.supplier_id,
        p1_0.unit,
        p1_0.unit_price,
        p1_0.updated_at 
    from
        products p1_0 
    where
        p1_0.id=?
2026-09-07 22:35:08 [http-nio-8080-exec-5] DEBUG org.hibernate.SQL - 
    select
        sc1_0.id,
        sc1_0.category_id,
        sc1_0.created_at,
        sc1_0.name,
        sc1_0.updated_at 
    from
        sub_categories sc1_0 
    where
        sc1_0.id=?
2026-09-07 22:35:08 [http-nio-8080-exec-3] DEBUG org.hibernate.SQL - 
    select
        p1_0.id,
        p1_0.active,
        p1_0.created_at,
        p1_0.name,
        p1_0.reorder_level,
        p1_0.sku,
        p1_0.sub_category_id,
        p1_0.supplier_id,
        p1_0.unit,
        p1_0.unit_price,
        p1_0.updated_at 
    from
        products p1_0 
    where
        p1_0.id=?
2026-09-07 22:35:08 [http-nio-8080-exec-3] DEBUG org.hibernate.SQL - 
    select
        sc1_0.id,
        sc1_0.category_id,
        sc1_0.created_at,
        sc1_0.name,
        sc1_0.updated_at 
    from
        sub_categories sc1_0 
    where
        sc1_0.id=?
2026-09-07 22:35:08 [http-nio-8080-exec-5] DEBUG org.hibernate.SQL - 
    select
        c1_0.id,
        c1_0.created_at,
        c1_0.description,
        c1_0.name,
        c1_0.updated_at 
    from
        categories c1_0 
    where
        c1_0.id=?
2026-09-07 22:35:08 [http-nio-8080-exec-3] DEBUG org.hibernate.SQL - 
    select
        c1_0.id,
        c1_0.created_at,
        c1_0.description,
        c1_0.name,
        c1_0.updated_at 
    from
        categories c1_0 
    where
        c1_0.id=?
2026-09-07 22:35:08 [http-nio-8080-exec-5] DEBUG org.hibernate.SQL - 
    select
        p1_0.sales_order_id,
        p1_0.id,
        p1_0.amount,
        p1_0.created_at,
        p1_0.method,
        p1_0.payment_date,
        p1_0.status,
        p1_0.updated_at 
    from
        payments p1_0 
    where
        p1_0.sales_order_id=?
2026-09-07 22:35:08 [http-nio-8080-exec-3] DEBUG org.hibernate.SQL - 
    select
        i1_0.purchase_order_id,
        i1_0.id,
        i1_0.product_id,
        i1_0.quantity,
        i1_0.subtotal,
        i1_0.unit_cost 
    from
        purchase_order_items i1_0 
    where
        i1_0.purchase_order_id=?
2026-09-07 22:35:08 [http-nio-8080-exec-3] DEBUG org.hibernate.SQL - 
    select
        i1_0.purchase_order_id,
        i1_0.id,
        i1_0.product_id,
        i1_0.quantity,
        i1_0.subtotal,
        i1_0.unit_cost 
    from
        purchase_order_items i1_0 
    where
        i1_0.purchase_order_id=?
2026-09-07 22:35:08 [http-nio-8080-exec-5] DEBUG org.hibernate.SQL - 
    select
        i1_0.sales_order_id,
        i1_0.id,
        i1_0.product_id,
        i1_0.quantity,
        i1_0.subtotal,
        i1_0.unit_price 
    from
        sales_order_items i1_0 
    where
        i1_0.sales_order_id=?
2026-09-07 22:35:08 [http-nio-8080-exec-5] DEBUG org.hibernate.SQL - 
    select
        p1_0.sales_order_id,
        p1_0.id,
        p1_0.amount,
        p1_0.created_at,
        p1_0.method,
        p1_0.payment_date,
        p1_0.status,
        p1_0.updated_at 
    from
        payments p1_0 
    where
        p1_0.sales_order_id=?
2026-09-07 22:35:08 [http-nio-8080-exec-5] DEBUG org.hibernate.SQL - 
    select
        i1_0.sales_order_id,
        i1_0.id,
        i1_0.product_id,
        i1_0.quantity,
        i1_0.subtotal,
        i1_0.unit_price 
    from
        sales_order_items i1_0 
    where
        i1_0.sales_order_id=?
2026-09-07 22:35:08 [http-nio-8080-exec-5] DEBUG org.hibernate.SQL - 
    select
        p1_0.sales_order_id,
        p1_0.id,
        p1_0.amount,
        p1_0.created_at,
        p1_0.method,
        p1_0.payment_date,
        p1_0.status,
        p1_0.updated_at 
    from
        payments p1_0 
    where
        p1_0.sales_order_id=?
2026-09-07 22:35:08 [http-nio-8080-exec-5] DEBUG org.hibernate.SQL - 
    select
        i1_0.sales_order_id,
        i1_0.id,
        i1_0.product_id,
        i1_0.quantity,
        i1_0.subtotal,
        i1_0.unit_price 
    from
        sales_order_items i1_0 
    where
        i1_0.sales_order_id=?
2026-09-07 22:35:08 [http-nio-8080-exec-5] DEBUG org.hibernate.SQL - 
    select
        p1_0.sales_order_id,
        p1_0.id,
        p1_0.amount,
        p1_0.created_at,
        p1_0.method,
        p1_0.payment_date,
        p1_0.status,
        p1_0.updated_at 
    from
        payments p1_0 
    where
        p1_0.sales_order_id=?
2026-09-07 22:35:08 [http-nio-8080-exec-5] DEBUG org.hibernate.SQL - 
    select
        c1_0.id,
        c1_0.address,
        c1_0.created_at,
        c1_0.email,
        c1_0.loyalty_points,
        c1_0.name,
        c1_0.phone,
        c1_0.updated_at 
    from
        customers c1_0 
    where
        c1_0.id=?
2026-09-07 22:35:08 [http-nio-8080-exec-5] DEBUG org.hibernate.SQL - 
    select
        i1_0.sales_order_id,
        i1_0.id,
        i1_0.product_id,
        i1_0.quantity,
        i1_0.subtotal,
        i1_0.unit_price 
    from
        sales_order_items i1_0 
    where
        i1_0.sales_order_id=?
2026-09-07 22:35:08 [http-nio-8080-exec-5] DEBUG org.hibernate.SQL - 
    select
        p1_0.sales_order_id,
        p1_0.id,
        p1_0.amount,
        p1_0.created_at,
        p1_0.method,
        p1_0.payment_date,
        p1_0.status,
        p1_0.updated_at 
    from
        payments p1_0 
    where
        p1_0.sales_order_id=?
2026-09-07 22:35:08 [http-nio-8080-exec-5] DEBUG org.hibernate.SQL - 
    select
        i1_0.sales_order_id,
        i1_0.id,
        i1_0.product_id,
        i1_0.quantity,
        i1_0.subtotal,
        i1_0.unit_price 
    from
        sales_order_items i1_0 
    where
        i1_0.sales_order_id=?
2026-09-07 22:35:08 [http-nio-8080-exec-5] DEBUG org.hibernate.SQL - 
    select
        p1_0.sales_order_id,
        p1_0.id,
        p1_0.amount,
        p1_0.created_at,
        p1_0.method,
        p1_0.payment_date,
        p1_0.status,
        p1_0.updated_at 
    from
        payments p1_0 
    where
        p1_0.sales_order_id=?
2026-09-07 22:35:08 [http-nio-8080-exec-5] DEBUG org.hibernate.SQL - 
    select
        i1_0.sales_order_id,
        i1_0.id,
        i1_0.product_id,
        i1_0.quantity,
        i1_0.subtotal,
        i1_0.unit_price 
    from
        sales_order_items i1_0 
    where
        i1_0.sales_order_id=?
2026-09-07 22:35:08 [http-nio-8080-exec-5] DEBUG org.hibernate.SQL - 
    select
        p1_0.sales_order_id,
        p1_0.id,
        p1_0.amount,
        p1_0.created_at,
        p1_0.method,
        p1_0.payment_date,
        p1_0.status,
        p1_0.updated_at 
    from
        payments p1_0 
    where
        p1_0.sales_order_id=?
2026-09-07 22:35:08 [http-nio-8080-exec-5] DEBUG org.hibernate.SQL - 
    select
        i1_0.sales_order_id,
        i1_0.id,
        i1_0.product_id,
        i1_0.quantity,
        i1_0.subtotal,
        i1_0.unit_price 
    from
        sales_order_items i1_0 
    where
        i1_0.sales_order_id=?
2026-09-07 22:35:08 [http-nio-8080-exec-5] DEBUG org.hibernate.SQL - 
    select
        p1_0.sales_order_id,
        p1_0.id,
        p1_0.amount,
        p1_0.created_at,
        p1_0.method,
        p1_0.payment_date,
        p1_0.status,
        p1_0.updated_at 
    from
        payments p1_0 
    where
        p1_0.sales_order_id=?
2026-09-07 22:35:08 [http-nio-8080-exec-5] DEBUG org.hibernate.SQL - 
    select
        i1_0.sales_order_id,
        i1_0.id,
        i1_0.product_id,
        i1_0.quantity,
        i1_0.subtotal,
        i1_0.unit_price 
    from
        sales_order_items i1_0 
    where
        i1_0.sales_order_id=?
2026-09-07 22:35:08 [http-nio-8080-exec-5] DEBUG org.hibernate.SQL - 
    select
        p1_0.sales_order_id,
        p1_0.id,
        p1_0.amount,
        p1_0.created_at,
        p1_0.method,
        p1_0.payment_date,
        p1_0.status,
        p1_0.updated_at 
    from
        payments p1_0 
    where
        p1_0.sales_order_id=?
2026-09-07 22:35:08 [http-nio-8080-exec-5] DEBUG org.hibernate.SQL - 
    select
        i1_0.sales_order_id,
        i1_0.id,
        i1_0.product_id,
        i1_0.quantity,
        i1_0.subtotal,
        i1_0.unit_price 
    from
        sales_order_items i1_0 
    where
        i1_0.sales_order_id=?
2026-09-07 22:35:08 [http-nio-8080-exec-5] DEBUG org.hibernate.SQL - 
    select
        p1_0.sales_order_id,
        p1_0.id,
        p1_0.amount,
        p1_0.created_at,
        p1_0.method,
        p1_0.payment_date,
        p1_0.status,
        p1_0.updated_at 
    from
        payments p1_0 
    where
        p1_0.sales_order_id=?
2026-09-07 22:35:08 [http-nio-8080-exec-5] DEBUG org.hibernate.SQL - 
    select
        u1_0.id,
        b1_0.id,
        b1_0.active,
        b1_0.address,
        b1_0.created_at,
        b1_0.name,
        b1_0.phone,
        b1_0.updated_at,
        u1_0.created_at,
        u1_0.email,
        u1_0.enabled,
        u1_0.full_name,
        u1_0.password,
        u1_0.phone,
        u1_0.role_id,
        r1_0.id,
        r1_0.description,
        r1_0.name,
        u1_0.updated_at,
        u1_0.username 
    from
        users u1_0 
    left join
        branches b1_0 
            on b1_0.id=u1_0.branch_id 
    join
        roles r1_0 
            on r1_0.id=u1_0.role_id 
    where
        u1_0.id=?
2026-09-07 22:35:08 [http-nio-8080-exec-5] DEBUG org.hibernate.SQL - 
    select
        i1_0.sales_order_id,
        i1_0.id,
        i1_0.product_id,
        i1_0.quantity,
        i1_0.subtotal,
        i1_0.unit_price 
    from
        sales_order_items i1_0 
    where
        i1_0.sales_order_id=?
2026-09-07 22:35:08 [http-nio-8080-exec-5] DEBUG org.hibernate.SQL - 
    select
        p1_0.id,
        p1_0.active,
        p1_0.created_at,
        p1_0.name,
        p1_0.reorder_level,
        p1_0.sku,
        p1_0.sub_category_id,
        p1_0.supplier_id,
        p1_0.unit,
        p1_0.unit_price,
        p1_0.updated_at 
    from
        products p1_0 
    where
        p1_0.id=?
2026-09-07 22:35:08 [http-nio-8080-exec-5] DEBUG org.hibernate.SQL - 
    select
        sc1_0.id,
        sc1_0.category_id,
        sc1_0.created_at,
        sc1_0.name,
        sc1_0.updated_at 
    from
        sub_categories sc1_0 
    where
        sc1_0.id=?
2026-09-07 22:35:08 [http-nio-8080-exec-5] DEBUG org.hibernate.SQL - 
    select
        c1_0.id,
        c1_0.created_at,
        c1_0.description,
        c1_0.name,
        c1_0.updated_at 
    from
        categories c1_0 
    where
        c1_0.id=?
2026-09-07 22:35:08 [http-nio-8080-exec-5] DEBUG org.hibernate.SQL - 
    select
        p1_0.sales_order_id,
        p1_0.id,
        p1_0.amount,
        p1_0.created_at,
        p1_0.method,
        p1_0.payment_date,
        p1_0.status,
        p1_0.updated_at 
    from
        payments p1_0 
    where
        p1_0.sales_order_id=?
2026-09-07 22:35:08 [http-nio-8080-exec-5] DEBUG org.hibernate.SQL - 
    select
        i1_0.sales_order_id,
        i1_0.id,
        i1_0.product_id,
        i1_0.quantity,
        i1_0.subtotal,
        i1_0.unit_price 
    from
        sales_order_items i1_0 
    where
        i1_0.sales_order_id=?
2026-09-07 22:35:08 [http-nio-8080-exec-5] DEBUG org.hibernate.SQL - 
    select
        p1_0.sales_order_id,
        p1_0.id,
        p1_0.amount,
        p1_0.created_at,
        p1_0.method,
        p1_0.payment_date,
        p1_0.status,
        p1_0.updated_at 
    from
        payments p1_0 
    where
        p1_0.sales_order_id=?
2026-09-07 22:35:08 [http-nio-8080-exec-5] DEBUG org.hibernate.SQL - 
    select
        c1_0.id,
        c1_0.address,
        c1_0.created_at,
        c1_0.email,
        c1_0.loyalty_points,
        c1_0.name,
        c1_0.phone,
        c1_0.updated_at 
    from
        customers c1_0 
    where
        c1_0.id=?
2026-09-07 22:35:08 [http-nio-8080-exec-5] DEBUG org.hibernate.SQL - 
    select
        i1_0.sales_order_id,
        i1_0.id,
        i1_0.product_id,
        i1_0.quantity,
        i1_0.subtotal,
        i1_0.unit_price 
    from
        sales_order_items i1_0 
    where
        i1_0.sales_order_id=?
2026-09-07 22:35:08 [http-nio-8080-exec-5] DEBUG org.hibernate.SQL - 
    select
        p1_0.id,
        p1_0.active,
        p1_0.created_at,
        p1_0.name,
        p1_0.reorder_level,
        p1_0.sku,
        p1_0.sub_category_id,
        p1_0.supplier_id,
        p1_0.unit,
        p1_0.unit_price,
        p1_0.updated_at 
    from
        products p1_0 
    where
        p1_0.id=?
2026-09-07 22:35:08 [http-nio-8080-exec-5] DEBUG org.hibernate.SQL - 
    select
        sc1_0.id,
        sc1_0.category_id,
        sc1_0.created_at,
        sc1_0.name,
        sc1_0.updated_at 
    from
        sub_categories sc1_0 
    where
        sc1_0.id=?
2026-09-07 22:35:08 [http-nio-8080-exec-5] DEBUG org.hibernate.SQL - 
    select
        c1_0.id,
        c1_0.created_at,
        c1_0.description,
        c1_0.name,
        c1_0.updated_at 
    from
        categories c1_0 
    where
        c1_0.id=?
2026-09-07 22:35:08 [http-nio-8080-exec-5] DEBUG org.hibernate.SQL - 
    select
        p1_0.id,
        p1_0.active,
        p1_0.created_at,
        p1_0.name,
        p1_0.reorder_level,
        p1_0.sku,
        p1_0.sub_category_id,
        p1_0.supplier_id,
        p1_0.unit,
        p1_0.unit_price,
        p1_0.updated_at 
    from
        products p1_0 
    where
        p1_0.id=?
2026-09-07 22:35:08 [http-nio-8080-exec-5] DEBUG org.hibernate.SQL - 
    select
        s1_0.id,
        s1_0.address,
        s1_0.contact_person,
        s1_0.created_at,
        s1_0.email,
        s1_0.name,
        s1_0.phone,
        s1_0.updated_at 
    from
        suppliers s1_0 
    where
        s1_0.id=?
2026-09-07 22:35:08 [http-nio-8080-exec-5] DEBUG org.hibernate.SQL - 
    select
        p1_0.sales_order_id,
        p1_0.id,
        p1_0.amount,
        p1_0.created_at,
        p1_0.method,
        p1_0.payment_date,
        p1_0.status,
        p1_0.updated_at 
    from
        payments p1_0 
    where
        p1_0.sales_order_id=?
2026-09-07 22:35:08 [http-nio-8080-exec-5] DEBUG org.hibernate.SQL - 
    select
        i1_0.sales_order_id,
        i1_0.id,
        i1_0.product_id,
        i1_0.quantity,
        i1_0.subtotal,
        i1_0.unit_price 
    from
        sales_order_items i1_0 
    where
        i1_0.sales_order_id=?
2026-09-07 22:35:08 [http-nio-8080-exec-5] DEBUG org.hibernate.SQL - 
    select
        p1_0.sales_order_id,
        p1_0.id,
        p1_0.amount,
        p1_0.created_at,
        p1_0.method,
        p1_0.payment_date,
        p1_0.status,
        p1_0.updated_at 
    from
        payments p1_0 
    where
        p1_0.sales_order_id=?
2026-09-07 22:35:08 [http-nio-8080-exec-5] DEBUG org.hibernate.SQL - 
    select
        i1_0.sales_order_id,
        i1_0.id,
        i1_0.product_id,
        i1_0.quantity,
        i1_0.subtotal,
        i1_0.unit_price 
    from
        sales_order_items i1_0 
    where
        i1_0.sales_order_id=?
2026-09-07 22:35:08 [http-nio-8080-exec-5] DEBUG org.hibernate.SQL - 
    select
        p1_0.id,
        p1_0.active,
        p1_0.created_at,
        p1_0.name,
        p1_0.reorder_level,
        p1_0.sku,
        p1_0.sub_category_id,
        p1_0.supplier_id,
        p1_0.unit,
        p1_0.unit_price,
        p1_0.updated_at 
    from
        products p1_0 
    where
        p1_0.id=?
2026-09-07 22:35:08 [http-nio-8080-exec-5] DEBUG org.hibernate.SQL - 
    select
        sc1_0.id,
        sc1_0.category_id,
        sc1_0.created_at,
        sc1_0.name,
        sc1_0.updated_at 
    from
        sub_categories sc1_0 
    where
        sc1_0.id=?
2026-09-07 22:35:08 [http-nio-8080-exec-5] DEBUG org.hibernate.SQL - 
    select
        c1_0.id,
        c1_0.created_at,
        c1_0.description,
        c1_0.name,
        c1_0.updated_at 
    from
        categories c1_0 
    where
        c1_0.id=?
2026-09-07 22:35:08 [http-nio-8080-exec-5] DEBUG org.hibernate.SQL - 
    select
        p1_0.sales_order_id,
        p1_0.id,
        p1_0.amount,
        p1_0.created_at,
        p1_0.method,
        p1_0.payment_date,
        p1_0.status,
        p1_0.updated_at 
    from
        payments p1_0 
    where
        p1_0.sales_order_id=?
2026-09-07 22:35:43 [File Watcher] INFO  o.s.b.d.a.LocalDevToolsAutoConfiguration$RestartingClassPathChangeChangedEventListener - Restarting due to 1 class path change (0 additions, 1 deletion, 0 modifications)
2026-09-07 22:35:43 [Thread-5] INFO  o.s.o.j.LocalContainerEntityManagerFactoryBean - Closing JPA EntityManagerFactory for persistence unit 'default'
2026-09-07 22:35:43 [Thread-5] INFO  com.zaxxer.hikari.HikariDataSource - HikariPool-1 - Shutdown initiated...
2026-09-07 22:35:43 [Thread-5] INFO  com.zaxxer.hikari.HikariDataSource - HikariPool-1 - Shutdown completed.
2026-09-07 22:35:44 [restartedMain] INFO  c.e.a.ApiProjectApplication - Starting ApiProjectApplication using Java 21.0.7 with PID 14308 (C:\Users\USER\Downloads\api_project\api_project\target\classes started by USER in C:\Users\USER\Downloads\api_project\api_project)
2026-09-07 22:35:44 [restartedMain] INFO  c.e.a.ApiProjectApplication - No active profile set, falling back to 1 default profile: "default"
2026-09-07 22:35:45 [restartedMain] INFO  o.s.d.r.c.RepositoryConfigurationDelegate - Bootstrapping Spring Data JPA repositories in DEFAULT mode.
2026-09-07 22:35:45 [restartedMain] INFO  o.s.d.r.c.RepositoryConfigurationDelegate - Finished Spring Data repository scanning in 170 ms. Found 16 JPA repository interfaces.
2026-09-07 22:35:46 [restartedMain] INFO  o.s.b.w.e.tomcat.TomcatWebServer - Tomcat initialized with port 8080 (http)
2026-09-07 22:35:46 [restartedMain] INFO  o.a.catalina.core.StandardService - Starting service [Tomcat]
2026-09-07 22:35:46 [restartedMain] INFO  o.a.catalina.core.StandardEngine - Starting Servlet engine: [Apache Tomcat/10.1.30]
2026-09-07 22:35:46 [restartedMain] INFO  o.a.c.c.C.[Tomcat].[localhost].[/] - Initializing Spring embedded WebApplicationContext
2026-09-07 22:35:46 [restartedMain] INFO  o.s.b.w.s.c.ServletWebServerApplicationContext - Root WebApplicationContext: initialization completed in 1941 ms
2026-09-07 22:35:46 [restartedMain] INFO  o.h.jpa.internal.util.LogHelper - HHH000204: Processing PersistenceUnitInfo [name: default]
2026-09-07 22:35:46 [restartedMain] INFO  o.h.c.i.RegionFactoryInitiator - HHH000026: Second-level cache disabled
2026-09-07 22:35:46 [restartedMain] INFO  o.s.o.j.p.SpringPersistenceUnitInfo - No LoadTimeWeaver setup: ignoring JPA class transformer
2026-09-07 22:35:46 [restartedMain] INFO  com.zaxxer.hikari.HikariDataSource - HikariPool-2 - Starting...
2026-09-07 22:35:46 [restartedMain] INFO  com.zaxxer.hikari.pool.HikariPool - HikariPool-2 - Added connection com.mysql.cj.jdbc.ConnectionImpl@26b0d054
2026-09-07 22:35:46 [restartedMain] INFO  com.zaxxer.hikari.HikariDataSource - HikariPool-2 - Start completed.
2026-09-07 22:35:46 [restartedMain] WARN  org.hibernate.orm.deprecation - HHH90000025: MySQLDialect does not need to be specified explicitly using 'hibernate.dialect' (remove the property setting and it will be selected by default)
2026-09-07 22:35:47 [restartedMain] INFO  o.h.e.t.j.p.i.JtaPlatformInitiator - HHH000489: No JTA platform available (set 'hibernate.transaction.jta.platform' to enable JTA platform integration)
2026-09-07 22:35:47 [restartedMain] DEBUG org.hibernate.SQL - 
    alter table discounts 
       modify column type enum ('FIXED','PERCENTAGE') not null
2026-09-07 22:35:47 [restartedMain] DEBUG org.hibernate.SQL - 
    alter table payments 
       modify column method enum ('CARD','CASH','ONLINE') not null
2026-09-07 22:35:47 [restartedMain] DEBUG org.hibernate.SQL - 
    alter table payments 
       modify column status enum ('FAILED','PENDING','REFUNDED','SUCCESS') not null
2026-09-07 22:35:47 [restartedMain] DEBUG org.hibernate.SQL - 
    alter table purchase_orders 
       modify column status enum ('APPROVED','CANCELLED','PENDING','RECEIVED') not null
2026-09-07 22:35:47 [restartedMain] DEBUG org.hibernate.SQL - 
    alter table sales_orders 
       modify column status enum ('CANCELLED','COMPLETED','PENDING','REFUNDED') not null
2026-09-07 22:35:48 [restartedMain] INFO  o.s.o.j.LocalContainerEntityManagerFactoryBean - Initialized JPA EntityManagerFactory for persistence unit 'default'
2026-09-07 22:35:49 [restartedMain] INFO  o.s.s.c.a.a.c.InitializeAuthenticationProviderBeanManagerConfigurer$InitializeAuthenticationProviderManagerConfigurer - Global AuthenticationManager configured with AuthenticationProvider bean with name authenticationProvider
2026-09-07 22:35:49 [restartedMain] WARN  o.s.s.c.a.a.c.InitializeUserDetailsBeanManagerConfigurer$InitializeUserDetailsManagerConfigurer - Global AuthenticationManager configured with an AuthenticationProvider bean. UserDetailsService beans will not be used for username/password login. Consider removing the AuthenticationProvider bean. Alternatively, consider using the UserDetailsService in a manually instantiated DaoAuthenticationProvider.
2026-09-07 22:35:50 [restartedMain] INFO  o.s.b.d.a.OptionalLiveReloadServer - LiveReload server is running on port 35729
2026-09-07 22:35:50 [restartedMain] INFO  o.s.b.w.e.tomcat.TomcatWebServer - Tomcat started on port 8080 (http) with context path '/'
2026-09-07 22:35:50 [restartedMain] INFO  c.e.a.ApiProjectApplication - Started ApiProjectApplication in 6.256 seconds (process running for 79.743)
2026-09-07 22:35:50 [restartedMain] INFO  o.s.b.d.a.ConditionEvaluationDeltaLoggingListener - Condition evaluation unchanged
2026-09-07 22:35:51 [File Watcher] INFO  o.s.b.d.a.LocalDevToolsAutoConfiguration$RestartingClassPathChangeChangedEventListener - Restarting due to 1 class path change (1 addition, 0 deletions, 0 modifications)
2026-09-07 22:35:51 [Thread-7] INFO  o.s.o.j.LocalContainerEntityManagerFactoryBean - Closing JPA EntityManagerFactory for persistence unit 'default'
2026-09-07 22:35:51 [Thread-7] INFO  com.zaxxer.hikari.HikariDataSource - HikariPool-2 - Shutdown initiated...
2026-09-07 22:35:51 [Thread-7] INFO  com.zaxxer.hikari.HikariDataSource - HikariPool-2 - Shutdown completed.
2026-09-07 22:35:52 [restartedMain] INFO  c.e.a.ApiProjectApplication - Starting ApiProjectApplication using Java 21.0.7 with PID 14308 (C:\Users\USER\Downloads\api_project\api_project\target\classes started by USER in C:\Users\USER\Downloads\api_project\api_project)
2026-09-07 22:35:52 [restartedMain] INFO  c.e.a.ApiProjectApplication - No active profile set, falling back to 1 default profile: "default"
2026-09-07 22:35:52 [restartedMain] INFO  o.s.d.r.c.RepositoryConfigurationDelegate - Bootstrapping Spring Data JPA repositories in DEFAULT mode.
2026-09-07 22:35:53 [restartedMain] INFO  o.s.d.r.c.RepositoryConfigurationDelegate - Finished Spring Data repository scanning in 158 ms. Found 16 JPA repository interfaces.
2026-09-07 22:35:53 [restartedMain] INFO  o.s.b.w.e.tomcat.TomcatWebServer - Tomcat initialized with port 8080 (http)
2026-09-07 22:35:53 [restartedMain] INFO  o.a.catalina.core.StandardService - Starting service [Tomcat]
2026-09-07 22:35:53 [restartedMain] INFO  o.a.catalina.core.StandardEngine - Starting Servlet engine: [Apache Tomcat/10.1.30]
2026-09-07 22:35:53 [restartedMain] INFO  o.a.c.c.C.[Tomcat].[localhost].[/] - Initializing Spring embedded WebApplicationContext
2026-09-07 22:35:53 [restartedMain] INFO  o.s.b.w.s.c.ServletWebServerApplicationContext - Root WebApplicationContext: initialization completed in 1656 ms
2026-09-07 22:35:53 [restartedMain] INFO  o.h.jpa.internal.util.LogHelper - HHH000204: Processing PersistenceUnitInfo [name: default]
2026-09-07 22:35:53 [restartedMain] INFO  o.h.c.i.RegionFactoryInitiator - HHH000026: Second-level cache disabled
2026-09-07 22:35:53 [restartedMain] INFO  o.s.o.j.p.SpringPersistenceUnitInfo - No LoadTimeWeaver setup: ignoring JPA class transformer
2026-09-07 22:35:53 [restartedMain] INFO  com.zaxxer.hikari.HikariDataSource - HikariPool-3 - Starting...
2026-09-07 22:35:53 [restartedMain] INFO  com.zaxxer.hikari.pool.HikariPool - HikariPool-3 - Added connection com.mysql.cj.jdbc.ConnectionImpl@28ef2a92
2026-09-07 22:35:53 [restartedMain] INFO  com.zaxxer.hikari.HikariDataSource - HikariPool-3 - Start completed.
2026-09-07 22:35:54 [restartedMain] WARN  org.hibernate.orm.deprecation - HHH90000025: MySQLDialect does not need to be specified explicitly using 'hibernate.dialect' (remove the property setting and it will be selected by default)
2026-09-07 22:35:54 [restartedMain] INFO  o.h.e.t.j.p.i.JtaPlatformInitiator - HHH000489: No JTA platform available (set 'hibernate.transaction.jta.platform' to enable JTA platform integration)
2026-09-07 22:35:55 [restartedMain] DEBUG org.hibernate.SQL - 
    alter table discounts 
       modify column type enum ('FIXED','PERCENTAGE') not null
2026-09-07 22:35:55 [restartedMain] DEBUG org.hibernate.SQL - 
    alter table payments 
       modify column method enum ('CARD','CASH','ONLINE') not null
2026-09-07 22:35:55 [restartedMain] DEBUG org.hibernate.SQL - 
    alter table payments 
       modify column status enum ('FAILED','PENDING','REFUNDED','SUCCESS') not null
2026-09-07 22:35:55 [restartedMain] DEBUG org.hibernate.SQL - 
    alter table purchase_orders 
       modify column status enum ('APPROVED','CANCELLED','PENDING','RECEIVED') not null
2026-09-07 22:35:55 [restartedMain] DEBUG org.hibernate.SQL - 
    alter table sales_orders 
       modify column status enum ('CANCELLED','COMPLETED','PENDING','REFUNDED') not null
2026-09-07 22:35:55 [restartedMain] INFO  o.s.o.j.LocalContainerEntityManagerFactoryBean - Initialized JPA EntityManagerFactory for persistence unit 'default'
2026-09-07 22:35:56 [restartedMain] INFO  o.s.s.c.a.a.c.InitializeAuthenticationProviderBeanManagerConfigurer$InitializeAuthenticationProviderManagerConfigurer - Global AuthenticationManager configured with AuthenticationProvider bean with name authenticationProvider
2026-09-07 22:35:56 [restartedMain] WARN  o.s.s.c.a.a.c.InitializeUserDetailsBeanManagerConfigurer$InitializeUserDetailsManagerConfigurer - Global AuthenticationManager configured with an AuthenticationProvider bean. UserDetailsService beans will not be used for username/password login. Consider removing the AuthenticationProvider bean. Alternatively, consider using the UserDetailsService in a manually instantiated DaoAuthenticationProvider.
2026-09-07 22:35:59 [restartedMain] INFO  o.s.b.d.a.OptionalLiveReloadServer - LiveReload server is running on port 35729
2026-09-07 22:35:59 [restartedMain] INFO  o.s.b.w.e.tomcat.TomcatWebServer - Tomcat started on port 8080 (http) with context path '/'
2026-09-07 22:35:59 [restartedMain] INFO  c.e.a.ApiProjectApplication - Started ApiProjectApplication in 7.329 seconds (process running for 88.714)
2026-09-07 22:35:59 [restartedMain] DEBUG org.hibernate.SQL - 
    select
        r1_0.id,
        r1_0.description,
        r1_0.name 
    from
        roles r1_0 
    where
        r1_0.name=?
2026-09-07 22:35:59 [restartedMain] DEBUG org.hibernate.SQL - 
    select
        r1_0.id,
        r1_0.description,
        r1_0.name 
    from
        roles r1_0 
    where
        r1_0.name=?
2026-09-07 22:35:59 [restartedMain] DEBUG org.hibernate.SQL - 
    select
        r1_0.id,
        r1_0.description,
        r1_0.name 
    from
        roles r1_0 
    where
        r1_0.name=?
2026-09-07 22:35:59 [restartedMain] DEBUG org.hibernate.SQL - 
    select
        count(*) 
    from
        branches b1_0
2026-09-07 22:35:59 [restartedMain] DEBUG org.hibernate.SQL - 
    select
        b1_0.id,
        b1_0.active,
        b1_0.address,
        b1_0.created_at,
        b1_0.name,
        b1_0.phone,
        b1_0.updated_at 
    from
        branches b1_0
2026-09-07 22:35:59 [restartedMain] DEBUG org.hibernate.SQL - 
    select
        u1_0.id 
    from
        users u1_0 
    where
        u1_0.username=? 
    limit
        ?
2026-09-07 22:35:59 [restartedMain] INFO  o.s.b.d.a.ConditionEvaluationDeltaLoggingListener - Condition evaluation unchanged
2026-09-07 22:36:03 [http-nio-8080-exec-1] INFO  o.a.c.c.C.[Tomcat].[localhost].[/] - Initializing Spring DispatcherServlet 'dispatcherServlet'
2026-09-07 22:36:03 [http-nio-8080-exec-1] INFO  o.s.web.servlet.DispatcherServlet - Initializing Servlet 'dispatcherServlet'
2026-09-07 22:36:03 [http-nio-8080-exec-1] INFO  o.s.web.servlet.DispatcherServlet - Completed initialization in 6 ms
2026-09-07 22:36:03 [http-nio-8080-exec-3] DEBUG org.hibernate.SQL - 
    select
        u1_0.id,
        u1_0.branch_id,
        u1_0.created_at,
        u1_0.email,
        u1_0.enabled,
        u1_0.full_name,
        u1_0.password,
        u1_0.phone,
        u1_0.role_id,
        u1_0.updated_at,
        u1_0.username 
    from
        users u1_0 
    where
        u1_0.username=?
2026-09-07 22:36:03 [http-nio-8080-exec-3] DEBUG org.hibernate.SQL - 
    select
        b1_0.id,
        b1_0.active,
        b1_0.address,
        b1_0.created_at,
        b1_0.name,
        b1_0.phone,
        b1_0.updated_at 
    from
        branches b1_0 
    where
        b1_0.id=?
2026-09-07 22:36:03 [http-nio-8080-exec-3] DEBUG org.hibernate.SQL - 
    select
        r1_0.id,
        r1_0.description,
        r1_0.name 
    from
        roles r1_0 
    where
        r1_0.id=?
2026-09-07 22:36:03 [http-nio-8080-exec-3] DEBUG org.hibernate.SQL - 
    select
        u1_0.id,
        b1_0.id,
        b1_0.active,
        b1_0.address,
        b1_0.created_at,
        b1_0.name,
        b1_0.phone,
        b1_0.updated_at,
        u1_0.created_at,
        u1_0.email,
        u1_0.enabled,
        u1_0.full_name,
        u1_0.password,
        u1_0.phone,
        u1_0.role_id,
        r1_0.id,
        r1_0.description,
        r1_0.name,
        u1_0.updated_at,
        u1_0.username 
    from
        users u1_0 
    left join
        branches b1_0 
            on b1_0.id=u1_0.branch_id 
    join
        roles r1_0 
            on r1_0.id=u1_0.role_id 
    where
        u1_0.id=?
2026-09-07 22:36:04 [http-nio-8080-exec-2] DEBUG org.hibernate.SQL - 
    select
        u1_0.id,
        u1_0.branch_id,
        u1_0.created_at,
        u1_0.email,
        u1_0.enabled,
        u1_0.full_name,
        u1_0.password,
        u1_0.phone,
        u1_0.role_id,
        u1_0.updated_at,
        u1_0.username 
    from
        users u1_0 
    where
        u1_0.username=?
2026-09-07 22:36:04 [http-nio-8080-exec-2] DEBUG org.hibernate.SQL - 
    select
        b1_0.id,
        b1_0.active,
        b1_0.address,
        b1_0.created_at,
        b1_0.name,
        b1_0.phone,
        b1_0.updated_at 
    from
        branches b1_0 
    where
        b1_0.id=?
2026-09-07 22:36:04 [http-nio-8080-exec-2] DEBUG org.hibernate.SQL - 
    select
        r1_0.id,
        r1_0.description,
        r1_0.name 
    from
        roles r1_0 
    where
        r1_0.id=?
2026-09-07 22:36:04 [http-nio-8080-exec-2] DEBUG org.hibernate.SQL - 
    select
        b1_0.id,
        b1_0.active,
        b1_0.address,
        b1_0.created_at,
        b1_0.name,
        b1_0.phone,
        b1_0.updated_at 
    from
        branches b1_0
2026-09-07 22:36:04 [http-nio-8080-exec-9] DEBUG org.hibernate.SQL - 
    select
        u1_0.id,
        u1_0.branch_id,
        u1_0.created_at,
        u1_0.email,
        u1_0.enabled,
        u1_0.full_name,
        u1_0.password,
        u1_0.phone,
        u1_0.role_id,
        u1_0.updated_at,
        u1_0.username 
    from
        users u1_0 
    where
        u1_0.username=?
2026-09-07 22:36:04 [http-nio-8080-exec-3] DEBUG org.hibernate.SQL - 
    select
        u1_0.id,
        u1_0.branch_id,
        u1_0.created_at,
        u1_0.email,
        u1_0.enabled,
        u1_0.full_name,
        u1_0.password,
        u1_0.phone,
        u1_0.role_id,
        u1_0.updated_at,
        u1_0.username 
    from
        users u1_0 
    where
        u1_0.username=?
2026-09-07 22:36:04 [http-nio-8080-exec-9] DEBUG org.hibernate.SQL - 
    select
        b1_0.id,
        b1_0.active,
        b1_0.address,
        b1_0.created_at,
        b1_0.name,
        b1_0.phone,
        b1_0.updated_at 
    from
        branches b1_0 
    where
        b1_0.id=?
2026-09-07 22:36:04 [http-nio-8080-exec-10] DEBUG org.hibernate.SQL - 
    select
        u1_0.id,
        u1_0.branch_id,
        u1_0.created_at,
        u1_0.email,
        u1_0.enabled,
        u1_0.full_name,
        u1_0.password,
        u1_0.phone,
        u1_0.role_id,
        u1_0.updated_at,
        u1_0.username 
    from
        users u1_0 
    where
        u1_0.username=?
2026-09-07 22:36:04 [http-nio-8080-exec-1] DEBUG org.hibernate.SQL - 
    select
        u1_0.id,
        u1_0.branch_id,
        u1_0.created_at,
        u1_0.email,
        u1_0.enabled,
        u1_0.full_name,
        u1_0.password,
        u1_0.phone,
        u1_0.role_id,
        u1_0.updated_at,
        u1_0.username 
    from
        users u1_0 
    where
        u1_0.username=?
2026-09-07 22:36:04 [http-nio-8080-exec-9] DEBUG org.hibernate.SQL - 
    select
        r1_0.id,
        r1_0.description,
        r1_0.name 
    from
        roles r1_0 
    where
        r1_0.id=?
2026-09-07 22:36:04 [http-nio-8080-exec-3] DEBUG org.hibernate.SQL - 
    select
        b1_0.id,
        b1_0.active,
        b1_0.address,
        b1_0.created_at,
        b1_0.name,
        b1_0.phone,
        b1_0.updated_at 
    from
        branches b1_0 
    where
        b1_0.id=?
2026-09-07 22:36:04 [http-nio-8080-exec-3] DEBUG org.hibernate.SQL - 
    select
        r1_0.id,
        r1_0.description,
        r1_0.name 
    from
        roles r1_0 
    where
        r1_0.id=?
2026-09-07 22:36:04 [http-nio-8080-exec-10] DEBUG org.hibernate.SQL - 
    select
        b1_0.id,
        b1_0.active,
        b1_0.address,
        b1_0.created_at,
        b1_0.name,
        b1_0.phone,
        b1_0.updated_at 
    from
        branches b1_0 
    where
        b1_0.id=?
2026-09-07 22:36:04 [http-nio-8080-exec-1] DEBUG org.hibernate.SQL - 
    select
        b1_0.id,
        b1_0.active,
        b1_0.address,
        b1_0.created_at,
        b1_0.name,
        b1_0.phone,
        b1_0.updated_at 
    from
        branches b1_0 
    where
        b1_0.id=?
2026-09-07 22:36:04 [http-nio-8080-exec-10] DEBUG org.hibernate.SQL - 
    select
        r1_0.id,
        r1_0.description,
        r1_0.name 
    from
        roles r1_0 
    where
        r1_0.id=?
2026-09-07 22:36:04 [http-nio-8080-exec-1] DEBUG org.hibernate.SQL - 
    select
        r1_0.id,
        r1_0.description,
        r1_0.name 
    from
        roles r1_0 
    where
        r1_0.id=?
2026-09-07 22:36:04 [http-nio-8080-exec-3] DEBUG org.hibernate.SQL - 
    select
        i1_0.id,
        i1_0.branch_id,
        i1_0.created_at,
        i1_0.product_id,
        i1_0.quantity,
        i1_0.updated_at 
    from
        inventory i1_0 
    where
        i1_0.branch_id=?
2026-09-07 22:36:04 [http-nio-8080-exec-9] DEBUG org.hibernate.SQL - 
    select
        d1_0.id,
        d1_0.active,
        d1_0.code,
        d1_0.created_at,
        d1_0.description,
        d1_0.type,
        d1_0.updated_at,
        d1_0.valid_from,
        d1_0.valid_to,
        d1_0.value 
    from
        discounts d1_0
2026-09-07 22:36:04 [http-nio-8080-exec-10] DEBUG org.hibernate.SQL - 
    select
        c1_0.id,
        c1_0.address,
        c1_0.created_at,
        c1_0.email,
        c1_0.loyalty_points,
        c1_0.name,
        c1_0.phone,
        c1_0.updated_at 
    from
        customers c1_0
2026-09-07 22:36:04 [http-nio-8080-exec-3] DEBUG org.hibernate.SQL - 
    select
        p1_0.id,
        p1_0.active,
        p1_0.created_at,
        p1_0.name,
        p1_0.reorder_level,
        p1_0.sku,
        p1_0.sub_category_id,
        p1_0.supplier_id,
        p1_0.unit,
        p1_0.unit_price,
        p1_0.updated_at 
    from
        products p1_0 
    where
        p1_0.id=?
2026-09-07 22:36:04 [http-nio-8080-exec-1] DEBUG org.hibernate.SQL - 
    select
        p1_0.id,
        p1_0.active,
        p1_0.created_at,
        p1_0.name,
        p1_0.reorder_level,
        p1_0.sku,
        p1_0.sub_category_id,
        p1_0.supplier_id,
        p1_0.unit,
        p1_0.unit_price,
        p1_0.updated_at 
    from
        products p1_0
2026-09-07 22:36:04 [http-nio-8080-exec-3] DEBUG org.hibernate.SQL - 
    select
        sc1_0.id,
        sc1_0.category_id,
        sc1_0.created_at,
        sc1_0.name,
        sc1_0.updated_at 
    from
        sub_categories sc1_0 
    where
        sc1_0.id=?
2026-09-07 22:36:04 [http-nio-8080-exec-3] DEBUG org.hibernate.SQL - 
    select
        c1_0.id,
        c1_0.created_at,
        c1_0.description,
        c1_0.name,
        c1_0.updated_at 
    from
        categories c1_0 
    where
        c1_0.id=?
2026-09-07 22:36:04 [http-nio-8080-exec-3] DEBUG org.hibernate.SQL - 
    select
        s1_0.id,
        s1_0.address,
        s1_0.contact_person,
        s1_0.created_at,
        s1_0.email,
        s1_0.name,
        s1_0.phone,
        s1_0.updated_at 
    from
        suppliers s1_0 
    where
        s1_0.id=?
2026-09-07 22:36:04 [http-nio-8080-exec-1] DEBUG org.hibernate.SQL - 
    select
        sc1_0.id,
        sc1_0.category_id,
        sc1_0.created_at,
        sc1_0.name,
        sc1_0.updated_at 
    from
        sub_categories sc1_0 
    where
        sc1_0.id=?
2026-09-07 22:36:04 [http-nio-8080-exec-1] DEBUG org.hibernate.SQL - 
    select
        c1_0.id,
        c1_0.created_at,
        c1_0.description,
        c1_0.name,
        c1_0.updated_at 
    from
        categories c1_0 
    where
        c1_0.id=?
2026-09-07 22:36:04 [http-nio-8080-exec-3] DEBUG org.hibernate.SQL - 
    select
        b1_0.id,
        b1_0.active,
        b1_0.address,
        b1_0.created_at,
        b1_0.name,
        b1_0.phone,
        b1_0.updated_at 
    from
        branches b1_0 
    where
        b1_0.id=?
2026-09-07 22:36:04 [http-nio-8080-exec-1] DEBUG org.hibernate.SQL - 
    select
        s1_0.id,
        s1_0.address,
        s1_0.contact_person,
        s1_0.created_at,
        s1_0.email,
        s1_0.name,
        s1_0.phone,
        s1_0.updated_at 
    from
        suppliers s1_0 
    where
        s1_0.id=?
2026-09-07 22:36:04 [http-nio-8080-exec-3] DEBUG org.hibernate.SQL - 
    select
        p1_0.id,
        p1_0.active,
        p1_0.created_at,
        p1_0.name,
        p1_0.reorder_level,
        p1_0.sku,
        p1_0.sub_category_id,
        p1_0.supplier_id,
        p1_0.unit,
        p1_0.unit_price,
        p1_0.updated_at 
    from
        products p1_0 
    where
        p1_0.id=?
2026-09-07 22:36:04 [http-nio-8080-exec-1] DEBUG org.hibernate.SQL - 
    select
        sc1_0.id,
        sc1_0.category_id,
        sc1_0.created_at,
        sc1_0.name,
        sc1_0.updated_at 
    from
        sub_categories sc1_0 
    where
        sc1_0.id=?
2026-09-07 22:36:04 [http-nio-8080-exec-3] DEBUG org.hibernate.SQL - 
    select
        p1_0.id,
        p1_0.active,
        p1_0.created_at,
        p1_0.name,
        p1_0.reorder_level,
        p1_0.sku,
        p1_0.sub_category_id,
        p1_0.supplier_id,
        p1_0.unit,
        p1_0.unit_price,
        p1_0.updated_at 
    from
        products p1_0 
    where
        p1_0.id=?
2026-09-07 22:36:04 [http-nio-8080-exec-1] DEBUG org.hibernate.SQL - 
    select
        c1_0.id,
        c1_0.created_at,
        c1_0.description,
        c1_0.name,
        c1_0.updated_at 
    from
        categories c1_0 
    where
        c1_0.id=?
2026-09-07 22:36:04 [http-nio-8080-exec-3] DEBUG org.hibernate.SQL - 
    select
        sc1_0.id,
        sc1_0.category_id,
        sc1_0.created_at,
        sc1_0.name,
        sc1_0.updated_at 
    from
        sub_categories sc1_0 
    where
        sc1_0.id=?
2026-09-07 22:36:04 [http-nio-8080-exec-1] DEBUG org.hibernate.SQL - 
    select
        sc1_0.id,
        sc1_0.category_id,
        sc1_0.created_at,
        sc1_0.name,
        sc1_0.updated_at 
    from
        sub_categories sc1_0 
    where
        sc1_0.id=?
2026-09-07 22:36:04 [http-nio-8080-exec-3] DEBUG org.hibernate.SQL - 
    select
        c1_0.id,
        c1_0.created_at,
        c1_0.description,
        c1_0.name,
        c1_0.updated_at 
    from
        categories c1_0 
    where
        c1_0.id=?
2026-09-07 22:36:04 [http-nio-8080-exec-1] DEBUG org.hibernate.SQL - 
    select
        c1_0.id,
        c1_0.created_at,
        c1_0.description,
        c1_0.name,
        c1_0.updated_at 
    from
        categories c1_0 
    where
        c1_0.id=?
2026-09-07 22:36:04 [http-nio-8080-exec-3] DEBUG org.hibernate.SQL - 
    select
        p1_0.id,
        p1_0.active,
        p1_0.created_at,
        p1_0.name,
        p1_0.reorder_level,
        p1_0.sku,
        p1_0.sub_category_id,
        p1_0.supplier_id,
        p1_0.unit,
        p1_0.unit_price,
        p1_0.updated_at 
    from
        products p1_0 
    where
        p1_0.id=?
2026-09-07 22:36:04 [http-nio-8080-exec-1] DEBUG org.hibernate.SQL - 
    select
        s1_0.id,
        s1_0.address,
        s1_0.contact_person,
        s1_0.created_at,
        s1_0.email,
        s1_0.name,
        s1_0.phone,
        s1_0.updated_at 
    from
        suppliers s1_0 
    where
        s1_0.id=?
2026-09-07 22:36:04 [http-nio-8080-exec-3] DEBUG org.hibernate.SQL - 
    select
        sc1_0.id,
        sc1_0.category_id,
        sc1_0.created_at,
        sc1_0.name,
        sc1_0.updated_at 
    from
        sub_categories sc1_0 
    where
        sc1_0.id=?
2026-09-07 22:36:04 [http-nio-8080-exec-1] DEBUG org.hibernate.SQL - 
    select
        sc1_0.id,
        sc1_0.category_id,
        sc1_0.created_at,
        sc1_0.name,
        sc1_0.updated_at 
    from
        sub_categories sc1_0 
    where
        sc1_0.id=?
2026-09-07 22:36:04 [http-nio-8080-exec-1] DEBUG org.hibernate.SQL - 
    select
        c1_0.id,
        c1_0.created_at,
        c1_0.description,
        c1_0.name,
        c1_0.updated_at 
    from
        categories c1_0 
    where
        c1_0.id=?
2026-09-07 22:36:04 [http-nio-8080-exec-3] DEBUG org.hibernate.SQL - 
    select
        c1_0.id,
        c1_0.created_at,
        c1_0.description,
        c1_0.name,
        c1_0.updated_at 
    from
        categories c1_0 
    where
        c1_0.id=?
2026-09-07 22:36:04 [http-nio-8080-exec-3] DEBUG org.hibernate.SQL - 
    select
        p1_0.id,
        p1_0.active,
        p1_0.created_at,
        p1_0.name,
        p1_0.reorder_level,
        p1_0.sku,
        p1_0.sub_category_id,
        p1_0.supplier_id,
        p1_0.unit,
        p1_0.unit_price,
        p1_0.updated_at 
    from
        products p1_0 
    where
        p1_0.id=?
2026-09-07 22:36:04 [http-nio-8080-exec-1] DEBUG org.hibernate.SQL - 
    select
        sc1_0.id,
        sc1_0.category_id,
        sc1_0.created_at,
        sc1_0.name,
        sc1_0.updated_at 
    from
        sub_categories sc1_0 
    where
        sc1_0.id=?
2026-09-07 22:36:04 [http-nio-8080-exec-3] DEBUG org.hibernate.SQL - 
    select
        s1_0.id,
        s1_0.address,
        s1_0.contact_person,
        s1_0.created_at,
        s1_0.email,
        s1_0.name,
        s1_0.phone,
        s1_0.updated_at 
    from
        suppliers s1_0 
    where
        s1_0.id=?
2026-09-07 22:36:04 [http-nio-8080-exec-1] DEBUG org.hibernate.SQL - 
    select
        c1_0.id,
        c1_0.created_at,
        c1_0.description,
        c1_0.name,
        c1_0.updated_at 
    from
        categories c1_0 
    where
        c1_0.id=?
2026-09-07 22:36:04 [http-nio-8080-exec-3] DEBUG org.hibernate.SQL - 
    select
        p1_0.id,
        p1_0.active,
        p1_0.created_at,
        p1_0.name,
        p1_0.reorder_level,
        p1_0.sku,
        p1_0.sub_category_id,
        p1_0.supplier_id,
        p1_0.unit,
        p1_0.unit_price,
        p1_0.updated_at 
    from
        products p1_0 
    where
        p1_0.id=?
2026-09-07 22:36:04 [http-nio-8080-exec-3] DEBUG org.hibernate.SQL - 
    select
        sc1_0.id,
        sc1_0.category_id,
        sc1_0.created_at,
        sc1_0.name,
        sc1_0.updated_at 
    from
        sub_categories sc1_0 
    where
        sc1_0.id=?
2026-09-07 22:36:04 [http-nio-8080-exec-1] DEBUG org.hibernate.SQL - 
    select
        s1_0.id,
        s1_0.address,
        s1_0.contact_person,
        s1_0.created_at,
        s1_0.email,
        s1_0.name,
        s1_0.phone,
        s1_0.updated_at 
    from
        suppliers s1_0 
    where
        s1_0.id=?
2026-09-07 22:36:04 [http-nio-8080-exec-3] DEBUG org.hibernate.SQL - 
    select
        c1_0.id,
        c1_0.created_at,
        c1_0.description,
        c1_0.name,
        c1_0.updated_at 
    from
        categories c1_0 
    where
        c1_0.id=?
2026-09-07 22:36:04 [http-nio-8080-exec-1] DEBUG org.hibernate.SQL - 
    select
        sc1_0.id,
        sc1_0.category_id,
        sc1_0.created_at,
        sc1_0.name,
        sc1_0.updated_at 
    from
        sub_categories sc1_0 
    where
        sc1_0.id=?
2026-09-07 22:36:04 [http-nio-8080-exec-1] DEBUG org.hibernate.SQL - 
    select
        c1_0.id,
        c1_0.created_at,
        c1_0.description,
        c1_0.name,
        c1_0.updated_at 
    from
        categories c1_0 
    where
        c1_0.id=?
2026-09-07 22:36:04 [http-nio-8080-exec-3] DEBUG org.hibernate.SQL - 
    select
        p1_0.id,
        p1_0.active,
        p1_0.created_at,
        p1_0.name,
        p1_0.reorder_level,
        p1_0.sku,
        p1_0.sub_category_id,
        p1_0.supplier_id,
        p1_0.unit,
        p1_0.unit_price,
        p1_0.updated_at 
    from
        products p1_0 
    where
        p1_0.id=?
2026-09-07 22:36:04 [http-nio-8080-exec-3] DEBUG org.hibernate.SQL - 
    select
        sc1_0.id,
        sc1_0.category_id,
        sc1_0.created_at,
        sc1_0.name,
        sc1_0.updated_at 
    from
        sub_categories sc1_0 
    where
        sc1_0.id=?
2026-09-07 22:36:04 [http-nio-8080-exec-3] DEBUG org.hibernate.SQL - 
    select
        c1_0.id,
        c1_0.created_at,
        c1_0.description,
        c1_0.name,
        c1_0.updated_at 
    from
        categories c1_0 
    where
        c1_0.id=?
2026-09-07 22:36:08 [http-nio-8080-exec-4] DEBUG org.hibernate.SQL - 
    select
        u1_0.id,
        u1_0.branch_id,
        u1_0.created_at,
        u1_0.email,
        u1_0.enabled,
        u1_0.full_name,
        u1_0.password,
        u1_0.phone,
        u1_0.role_id,
        u1_0.updated_at,
        u1_0.username 
    from
        users u1_0 
    where
        u1_0.username=?
2026-09-07 22:36:08 [http-nio-8080-exec-4] DEBUG org.hibernate.SQL - 
    select
        b1_0.id,
        b1_0.active,
        b1_0.address,
        b1_0.created_at,
        b1_0.name,
        b1_0.phone,
        b1_0.updated_at 
    from
        branches b1_0 
    where
        b1_0.id=?
2026-09-07 22:36:08 [http-nio-8080-exec-4] DEBUG org.hibernate.SQL - 
    select
        r1_0.id,
        r1_0.description,
        r1_0.name 
    from
        roles r1_0 
    where
        r1_0.id=?
2026-09-07 22:36:08 [http-nio-8080-exec-4] DEBUG org.hibernate.SQL - 
    select
        u1_0.id,
        b1_0.id,
        b1_0.active,
        b1_0.address,
        b1_0.created_at,
        b1_0.name,
        b1_0.phone,
        b1_0.updated_at,
        u1_0.created_at,
        u1_0.email,
        u1_0.enabled,
        u1_0.full_name,
        u1_0.password,
        u1_0.phone,
        u1_0.role_id,
        r1_0.id,
        r1_0.description,
        r1_0.name,
        u1_0.updated_at,
        u1_0.username 
    from
        users u1_0 
    left join
        branches b1_0 
            on b1_0.id=u1_0.branch_id 
    join
        roles r1_0 
            on r1_0.id=u1_0.role_id 
    where
        u1_0.id=?
2026-09-07 22:36:08 [http-nio-8080-exec-2] DEBUG org.hibernate.SQL - 
    select
        u1_0.id,
        u1_0.branch_id,
        u1_0.created_at,
        u1_0.email,
        u1_0.enabled,
        u1_0.full_name,
        u1_0.password,
        u1_0.phone,
        u1_0.role_id,
        u1_0.updated_at,
        u1_0.username 
    from
        users u1_0 
    where
        u1_0.username=?
2026-09-07 22:36:08 [http-nio-8080-exec-2] DEBUG org.hibernate.SQL - 
    select
        b1_0.id,
        b1_0.active,
        b1_0.address,
        b1_0.created_at,
        b1_0.name,
        b1_0.phone,
        b1_0.updated_at 
    from
        branches b1_0 
    where
        b1_0.id=?
2026-09-07 22:36:08 [http-nio-8080-exec-2] DEBUG org.hibernate.SQL - 
    select
        r1_0.id,
        r1_0.description,
        r1_0.name 
    from
        roles r1_0 
    where
        r1_0.id=?
2026-09-07 22:36:08 [http-nio-8080-exec-2] DEBUG org.hibernate.SQL - 
    select
        b1_0.id,
        b1_0.active,
        b1_0.address,
        b1_0.created_at,
        b1_0.name,
        b1_0.phone,
        b1_0.updated_at 
    from
        branches b1_0
2026-09-07 22:36:08 [http-nio-8080-exec-8] DEBUG org.hibernate.SQL - 
    select
        u1_0.id,
        u1_0.branch_id,
        u1_0.created_at,
        u1_0.email,
        u1_0.enabled,
        u1_0.full_name,
        u1_0.password,
        u1_0.phone,
        u1_0.role_id,
        u1_0.updated_at,
        u1_0.username 
    from
        users u1_0 
    where
        u1_0.username=?
2026-09-07 22:36:08 [http-nio-8080-exec-8] DEBUG org.hibernate.SQL - 
    select
        b1_0.id,
        b1_0.active,
        b1_0.address,
        b1_0.created_at,
        b1_0.name,
        b1_0.phone,
        b1_0.updated_at 
    from
        branches b1_0 
    where
        b1_0.id=?
2026-09-07 22:36:08 [http-nio-8080-exec-8] DEBUG org.hibernate.SQL - 
    select
        r1_0.id,
        r1_0.description,
        r1_0.name 
    from
        roles r1_0 
    where
        r1_0.id=?
2026-09-07 22:36:08 [http-nio-8080-exec-8] DEBUG org.hibernate.SQL - 
    select
        so1_0.id,
        so1_0.branch_id,
        so1_0.cashier_id,
        so1_0.created_at,
        so1_0.customer_id,
        so1_0.discount_id,
        so1_0.order_date,
        so1_0.status,
        so1_0.total_amount,
        so1_0.updated_at 
    from
        sales_orders so1_0 
    where
        so1_0.branch_id=?
2026-09-07 22:36:08 [http-nio-8080-exec-8] DEBUG org.hibernate.SQL - 
    select
        c1_0.id,
        c1_0.address,
        c1_0.created_at,
        c1_0.email,
        c1_0.loyalty_points,
        c1_0.name,
        c1_0.phone,
        c1_0.updated_at 
    from
        customers c1_0 
    where
        c1_0.id=?
2026-09-07 22:36:08 [http-nio-8080-exec-8] DEBUG org.hibernate.SQL - 
    select
        b1_0.id,
        b1_0.active,
        b1_0.address,
        b1_0.created_at,
        b1_0.name,
        b1_0.phone,
        b1_0.updated_at 
    from
        branches b1_0 
    where
        b1_0.id=?
2026-09-07 22:36:08 [http-nio-8080-exec-8] DEBUG org.hibernate.SQL - 
    select
        u1_0.id,
        b1_0.id,
        b1_0.active,
        b1_0.address,
        b1_0.created_at,
        b1_0.name,
        b1_0.phone,
        b1_0.updated_at,
        u1_0.created_at,
        u1_0.email,
        u1_0.enabled,
        u1_0.full_name,
        u1_0.password,
        u1_0.phone,
        u1_0.role_id,
        r1_0.id,
        r1_0.description,
        r1_0.name,
        u1_0.updated_at,
        u1_0.username 
    from
        users u1_0 
    left join
        branches b1_0 
            on b1_0.id=u1_0.branch_id 
    join
        roles r1_0 
            on r1_0.id=u1_0.role_id 
    where
        u1_0.id=?
2026-09-07 22:36:08 [http-nio-8080-exec-8] DEBUG org.hibernate.SQL - 
    select
        i1_0.sales_order_id,
        i1_0.id,
        i1_0.product_id,
        i1_0.quantity,
        i1_0.subtotal,
        i1_0.unit_price 
    from
        sales_order_items i1_0 
    where
        i1_0.sales_order_id=?
2026-09-07 22:36:08 [http-nio-8080-exec-8] DEBUG org.hibernate.SQL - 
    select
        p1_0.id,
        p1_0.active,
        p1_0.created_at,
        p1_0.name,
        p1_0.reorder_level,
        p1_0.sku,
        p1_0.sub_category_id,
        p1_0.supplier_id,
        p1_0.unit,
        p1_0.unit_price,
        p1_0.updated_at 
    from
        products p1_0 
    where
        p1_0.id=?
2026-09-07 22:36:08 [http-nio-8080-exec-8] DEBUG org.hibernate.SQL - 
    select
        sc1_0.id,
        sc1_0.category_id,
        sc1_0.created_at,
        sc1_0.name,
        sc1_0.updated_at 
    from
        sub_categories sc1_0 
    where
        sc1_0.id=?
2026-09-07 22:36:08 [http-nio-8080-exec-8] DEBUG org.hibernate.SQL - 
    select
        c1_0.id,
        c1_0.created_at,
        c1_0.description,
        c1_0.name,
        c1_0.updated_at 
    from
        categories c1_0 
    where
        c1_0.id=?
2026-09-07 22:36:08 [http-nio-8080-exec-8] DEBUG org.hibernate.SQL - 
    select
        s1_0.id,
        s1_0.address,
        s1_0.contact_person,
        s1_0.created_at,
        s1_0.email,
        s1_0.name,
        s1_0.phone,
        s1_0.updated_at 
    from
        suppliers s1_0 
    where
        s1_0.id=?
2026-09-07 22:36:08 [http-nio-8080-exec-8] DEBUG org.hibernate.SQL - 
    select
        p1_0.id,
        p1_0.active,
        p1_0.created_at,
        p1_0.name,
        p1_0.reorder_level,
        p1_0.sku,
        p1_0.sub_category_id,
        p1_0.supplier_id,
        p1_0.unit,
        p1_0.unit_price,
        p1_0.updated_at 
    from
        products p1_0 
    where
        p1_0.id=?
2026-09-07 22:36:08 [http-nio-8080-exec-8] DEBUG org.hibernate.SQL - 
    select
        p1_0.id,
        p1_0.active,
        p1_0.created_at,
        p1_0.name,
        p1_0.reorder_level,
        p1_0.sku,
        p1_0.sub_category_id,
        p1_0.supplier_id,
        p1_0.unit,
        p1_0.unit_price,
        p1_0.updated_at 
    from
        products p1_0 
    where
        p1_0.id=?
2026-09-07 22:36:08 [http-nio-8080-exec-8] DEBUG org.hibernate.SQL - 
    select
        sc1_0.id,
        sc1_0.category_id,
        sc1_0.created_at,
        sc1_0.name,
        sc1_0.updated_at 
    from
        sub_categories sc1_0 
    where
        sc1_0.id=?
2026-09-07 22:36:08 [http-nio-8080-exec-8] DEBUG org.hibernate.SQL - 
    select
        c1_0.id,
        c1_0.created_at,
        c1_0.description,
        c1_0.name,
        c1_0.updated_at 
    from
        categories c1_0 
    where
        c1_0.id=?
2026-09-07 22:36:08 [http-nio-8080-exec-8] DEBUG org.hibernate.SQL - 
    select
        p1_0.sales_order_id,
        p1_0.id,
        p1_0.amount,
        p1_0.created_at,
        p1_0.method,
        p1_0.payment_date,
        p1_0.status,
        p1_0.updated_at 
    from
        payments p1_0 
    where
        p1_0.sales_order_id=?
2026-09-07 22:36:08 [http-nio-8080-exec-8] DEBUG org.hibernate.SQL - 
    select
        i1_0.sales_order_id,
        i1_0.id,
        i1_0.product_id,
        i1_0.quantity,
        i1_0.subtotal,
        i1_0.unit_price 
    from
        sales_order_items i1_0 
    where
        i1_0.sales_order_id=?
2026-09-07 22:36:08 [http-nio-8080-exec-8] DEBUG org.hibernate.SQL - 
    select
        p1_0.sales_order_id,
        p1_0.id,
        p1_0.amount,
        p1_0.created_at,
        p1_0.method,
        p1_0.payment_date,
        p1_0.status,
        p1_0.updated_at 
    from
        payments p1_0 
    where
        p1_0.sales_order_id=?
2026-09-07 22:36:08 [http-nio-8080-exec-8] DEBUG org.hibernate.SQL - 
    select
        i1_0.sales_order_id,
        i1_0.id,
        i1_0.product_id,
        i1_0.quantity,
        i1_0.subtotal,
        i1_0.unit_price 
    from
        sales_order_items i1_0 
    where
        i1_0.sales_order_id=?
2026-09-07 22:36:08 [http-nio-8080-exec-8] DEBUG org.hibernate.SQL - 
    select
        p1_0.sales_order_id,
        p1_0.id,
        p1_0.amount,
        p1_0.created_at,
        p1_0.method,
        p1_0.payment_date,
        p1_0.status,
        p1_0.updated_at 
    from
        payments p1_0 
    where
        p1_0.sales_order_id=?
2026-09-07 22:36:08 [http-nio-8080-exec-8] DEBUG org.hibernate.SQL - 
    select
        i1_0.sales_order_id,
        i1_0.id,
        i1_0.product_id,
        i1_0.quantity,
        i1_0.subtotal,
        i1_0.unit_price 
    from
        sales_order_items i1_0 
    where
        i1_0.sales_order_id=?
2026-09-07 22:36:08 [http-nio-8080-exec-8] DEBUG org.hibernate.SQL - 
    select
        p1_0.sales_order_id,
        p1_0.id,
        p1_0.amount,
        p1_0.created_at,
        p1_0.method,
        p1_0.payment_date,
        p1_0.status,
        p1_0.updated_at 
    from
        payments p1_0 
    where
        p1_0.sales_order_id=?
2026-09-07 22:36:08 [http-nio-8080-exec-8] DEBUG org.hibernate.SQL - 
    select
        c1_0.id,
        c1_0.address,
        c1_0.created_at,
        c1_0.email,
        c1_0.loyalty_points,
        c1_0.name,
        c1_0.phone,
        c1_0.updated_at 
    from
        customers c1_0 
    where
        c1_0.id=?
2026-09-07 22:36:08 [http-nio-8080-exec-8] DEBUG org.hibernate.SQL - 
    select
        i1_0.sales_order_id,
        i1_0.id,
        i1_0.product_id,
        i1_0.quantity,
        i1_0.subtotal,
        i1_0.unit_price 
    from
        sales_order_items i1_0 
    where
        i1_0.sales_order_id=?
2026-09-07 22:36:08 [http-nio-8080-exec-8] DEBUG org.hibernate.SQL - 
    select
        p1_0.sales_order_id,
        p1_0.id,
        p1_0.amount,
        p1_0.created_at,
        p1_0.method,
        p1_0.payment_date,
        p1_0.status,
        p1_0.updated_at 
    from
        payments p1_0 
    where
        p1_0.sales_order_id=?
2026-09-07 22:36:08 [http-nio-8080-exec-8] DEBUG org.hibernate.SQL - 
    select
        i1_0.sales_order_id,
        i1_0.id,
        i1_0.product_id,
        i1_0.quantity,
        i1_0.subtotal,
        i1_0.unit_price 
    from
        sales_order_items i1_0 
    where
        i1_0.sales_order_id=?
2026-09-07 22:36:08 [http-nio-8080-exec-8] DEBUG org.hibernate.SQL - 
    select
        p1_0.sales_order_id,
        p1_0.id,
        p1_0.amount,
        p1_0.created_at,
        p1_0.method,
        p1_0.payment_date,
        p1_0.status,
        p1_0.updated_at 
    from
        payments p1_0 
    where
        p1_0.sales_order_id=?
2026-09-07 22:36:08 [http-nio-8080-exec-8] DEBUG org.hibernate.SQL - 
    select
        i1_0.sales_order_id,
        i1_0.id,
        i1_0.product_id,
        i1_0.quantity,
        i1_0.subtotal,
        i1_0.unit_price 
    from
        sales_order_items i1_0 
    where
        i1_0.sales_order_id=?
2026-09-07 22:36:08 [http-nio-8080-exec-8] DEBUG org.hibernate.SQL - 
    select
        p1_0.sales_order_id,
        p1_0.id,
        p1_0.amount,
        p1_0.created_at,
        p1_0.method,
        p1_0.payment_date,
        p1_0.status,
        p1_0.updated_at 
    from
        payments p1_0 
    where
        p1_0.sales_order_id=?
2026-09-07 22:36:08 [http-nio-8080-exec-8] DEBUG org.hibernate.SQL - 
    select
        i1_0.sales_order_id,
        i1_0.id,
        i1_0.product_id,
        i1_0.quantity,
        i1_0.subtotal,
        i1_0.unit_price 
    from
        sales_order_items i1_0 
    where
        i1_0.sales_order_id=?
2026-09-07 22:36:08 [http-nio-8080-exec-8] DEBUG org.hibernate.SQL - 
    select
        p1_0.sales_order_id,
        p1_0.id,
        p1_0.amount,
        p1_0.created_at,
        p1_0.method,
        p1_0.payment_date,
        p1_0.status,
        p1_0.updated_at 
    from
        payments p1_0 
    where
        p1_0.sales_order_id=?
2026-09-07 22:36:08 [http-nio-8080-exec-8] DEBUG org.hibernate.SQL - 
    select
        i1_0.sales_order_id,
        i1_0.id,
        i1_0.product_id,
        i1_0.quantity,
        i1_0.subtotal,
        i1_0.unit_price 
    from
        sales_order_items i1_0 
    where
        i1_0.sales_order_id=?
2026-09-07 22:36:08 [http-nio-8080-exec-8] DEBUG org.hibernate.SQL - 
    select
        p1_0.sales_order_id,
        p1_0.id,
        p1_0.amount,
        p1_0.created_at,
        p1_0.method,
        p1_0.payment_date,
        p1_0.status,
        p1_0.updated_at 
    from
        payments p1_0 
    where
        p1_0.sales_order_id=?
2026-09-07 22:36:08 [http-nio-8080-exec-8] DEBUG org.hibernate.SQL - 
    select
        i1_0.sales_order_id,
        i1_0.id,
        i1_0.product_id,
        i1_0.quantity,
        i1_0.subtotal,
        i1_0.unit_price 
    from
        sales_order_items i1_0 
    where
        i1_0.sales_order_id=?
2026-09-07 22:36:08 [http-nio-8080-exec-8] DEBUG org.hibernate.SQL - 
    select
        p1_0.sales_order_id,
        p1_0.id,
        p1_0.amount,
        p1_0.created_at,
        p1_0.method,
        p1_0.payment_date,
        p1_0.status,
        p1_0.updated_at 
    from
        payments p1_0 
    where
        p1_0.sales_order_id=?
2026-09-07 22:36:08 [http-nio-8080-exec-8] DEBUG org.hibernate.SQL - 
    select
        u1_0.id,
        b1_0.id,
        b1_0.active,
        b1_0.address,
        b1_0.created_at,
        b1_0.name,
        b1_0.phone,
        b1_0.updated_at,
        u1_0.created_at,
        u1_0.email,
        u1_0.enabled,
        u1_0.full_name,
        u1_0.password,
        u1_0.phone,
        u1_0.role_id,
        r1_0.id,
        r1_0.description,
        r1_0.name,
        u1_0.updated_at,
        u1_0.username 
    from
        users u1_0 
    left join
        branches b1_0 
            on b1_0.id=u1_0.branch_id 
    join
        roles r1_0 
            on r1_0.id=u1_0.role_id 
    where
        u1_0.id=?
2026-09-07 22:36:08 [http-nio-8080-exec-8] DEBUG org.hibernate.SQL - 
    select
        i1_0.sales_order_id,
        i1_0.id,
        i1_0.product_id,
        i1_0.quantity,
        i1_0.subtotal,
        i1_0.unit_price 
    from
        sales_order_items i1_0 
    where
        i1_0.sales_order_id=?
2026-09-07 22:36:08 [http-nio-8080-exec-8] DEBUG org.hibernate.SQL - 
    select
        p1_0.id,
        p1_0.active,
        p1_0.created_at,
        p1_0.name,
        p1_0.reorder_level,
        p1_0.sku,
        p1_0.sub_category_id,
        p1_0.supplier_id,
        p1_0.unit,
        p1_0.unit_price,
        p1_0.updated_at 
    from
        products p1_0 
    where
        p1_0.id=?
2026-09-07 22:36:08 [http-nio-8080-exec-8] DEBUG org.hibernate.SQL - 
    select
        sc1_0.id,
        sc1_0.category_id,
        sc1_0.created_at,
        sc1_0.name,
        sc1_0.updated_at 
    from
        sub_categories sc1_0 
    where
        sc1_0.id=?
2026-09-07 22:36:08 [http-nio-8080-exec-8] DEBUG org.hibernate.SQL - 
    select
        c1_0.id,
        c1_0.created_at,
        c1_0.description,
        c1_0.name,
        c1_0.updated_at 
    from
        categories c1_0 
    where
        c1_0.id=?
2026-09-07 22:36:08 [http-nio-8080-exec-8] DEBUG org.hibernate.SQL - 
    select
        p1_0.sales_order_id,
        p1_0.id,
        p1_0.amount,
        p1_0.created_at,
        p1_0.method,
        p1_0.payment_date,
        p1_0.status,
        p1_0.updated_at 
    from
        payments p1_0 
    where
        p1_0.sales_order_id=?
2026-09-07 22:36:08 [http-nio-8080-exec-8] DEBUG org.hibernate.SQL - 
    select
        i1_0.sales_order_id,
        i1_0.id,
        i1_0.product_id,
        i1_0.quantity,
        i1_0.subtotal,
        i1_0.unit_price 
    from
        sales_order_items i1_0 
    where
        i1_0.sales_order_id=?
2026-09-07 22:36:08 [http-nio-8080-exec-8] DEBUG org.hibernate.SQL - 
    select
        p1_0.sales_order_id,
        p1_0.id,
        p1_0.amount,
        p1_0.created_at,
        p1_0.method,
        p1_0.payment_date,
        p1_0.status,
        p1_0.updated_at 
    from
        payments p1_0 
    where
        p1_0.sales_order_id=?
2026-09-07 22:36:08 [http-nio-8080-exec-8] DEBUG org.hibernate.SQL - 
    select
        c1_0.id,
        c1_0.address,
        c1_0.created_at,
        c1_0.email,
        c1_0.loyalty_points,
        c1_0.name,
        c1_0.phone,
        c1_0.updated_at 
    from
        customers c1_0 
    where
        c1_0.id=?
2026-09-07 22:36:08 [http-nio-8080-exec-8] DEBUG org.hibernate.SQL - 
    select
        i1_0.sales_order_id,
        i1_0.id,
        i1_0.product_id,
        i1_0.quantity,
        i1_0.subtotal,
        i1_0.unit_price 
    from
        sales_order_items i1_0 
    where
        i1_0.sales_order_id=?
2026-09-07 22:36:08 [http-nio-8080-exec-8] DEBUG org.hibernate.SQL - 
    select
        p1_0.id,
        p1_0.active,
        p1_0.created_at,
        p1_0.name,
        p1_0.reorder_level,
        p1_0.sku,
        p1_0.sub_category_id,
        p1_0.supplier_id,
        p1_0.unit,
        p1_0.unit_price,
        p1_0.updated_at 
    from
        products p1_0 
    where
        p1_0.id=?
2026-09-07 22:36:08 [http-nio-8080-exec-8] DEBUG org.hibernate.SQL - 
    select
        sc1_0.id,
        sc1_0.category_id,
        sc1_0.created_at,
        sc1_0.name,
        sc1_0.updated_at 
    from
        sub_categories sc1_0 
    where
        sc1_0.id=?
2026-09-07 22:36:08 [http-nio-8080-exec-8] DEBUG org.hibernate.SQL - 
    select
        c1_0.id,
        c1_0.created_at,
        c1_0.description,
        c1_0.name,
        c1_0.updated_at 
    from
        categories c1_0 
    where
        c1_0.id=?
2026-09-07 22:36:08 [http-nio-8080-exec-8] DEBUG org.hibernate.SQL - 
    select
        p1_0.id,
        p1_0.active,
        p1_0.created_at,
        p1_0.name,
        p1_0.reorder_level,
        p1_0.sku,
        p1_0.sub_category_id,
        p1_0.supplier_id,
        p1_0.unit,
        p1_0.unit_price,
        p1_0.updated_at 
    from
        products p1_0 
    where
        p1_0.id=?
2026-09-07 22:36:08 [http-nio-8080-exec-8] DEBUG org.hibernate.SQL - 
    select
        s1_0.id,
        s1_0.address,
        s1_0.contact_person,
        s1_0.created_at,
        s1_0.email,
        s1_0.name,
        s1_0.phone,
        s1_0.updated_at 
    from
        suppliers s1_0 
    where
        s1_0.id=?
2026-09-07 22:36:08 [http-nio-8080-exec-8] DEBUG org.hibernate.SQL - 
    select
        p1_0.sales_order_id,
        p1_0.id,
        p1_0.amount,
        p1_0.created_at,
        p1_0.method,
        p1_0.payment_date,
        p1_0.status,
        p1_0.updated_at 
    from
        payments p1_0 
    where
        p1_0.sales_order_id=?
2026-09-07 22:36:08 [http-nio-8080-exec-8] DEBUG org.hibernate.SQL - 
    select
        i1_0.sales_order_id,
        i1_0.id,
        i1_0.product_id,
        i1_0.quantity,
        i1_0.subtotal,
        i1_0.unit_price 
    from
        sales_order_items i1_0 
    where
        i1_0.sales_order_id=?
2026-09-07 22:36:08 [http-nio-8080-exec-8] DEBUG org.hibernate.SQL - 
    select
        p1_0.sales_order_id,
        p1_0.id,
        p1_0.amount,
        p1_0.created_at,
        p1_0.method,
        p1_0.payment_date,
        p1_0.status,
        p1_0.updated_at 
    from
        payments p1_0 
    where
        p1_0.sales_order_id=?
2026-09-07 22:36:08 [http-nio-8080-exec-8] DEBUG org.hibernate.SQL - 
    select
        i1_0.sales_order_id,
        i1_0.id,
        i1_0.product_id,
        i1_0.quantity,
        i1_0.subtotal,
        i1_0.unit_price 
    from
        sales_order_items i1_0 
    where
        i1_0.sales_order_id=?
2026-09-07 22:36:08 [http-nio-8080-exec-8] DEBUG org.hibernate.SQL - 
    select
        p1_0.id,
        p1_0.active,
        p1_0.created_at,
        p1_0.name,
        p1_0.reorder_level,
        p1_0.sku,
        p1_0.sub_category_id,
        p1_0.supplier_id,
        p1_0.unit,
        p1_0.unit_price,
        p1_0.updated_at 
    from
        products p1_0 
    where
        p1_0.id=?
2026-09-07 22:36:08 [http-nio-8080-exec-8] DEBUG org.hibernate.SQL - 
    select
        sc1_0.id,
        sc1_0.category_id,
        sc1_0.created_at,
        sc1_0.name,
        sc1_0.updated_at 
    from
        sub_categories sc1_0 
    where
        sc1_0.id=?
2026-09-07 22:36:08 [http-nio-8080-exec-8] DEBUG org.hibernate.SQL - 
    select
        c1_0.id,
        c1_0.created_at,
        c1_0.description,
        c1_0.name,
        c1_0.updated_at 
    from
        categories c1_0 
    where
        c1_0.id=?
2026-09-07 22:36:08 [http-nio-8080-exec-8] DEBUG org.hibernate.SQL - 
    select
        p1_0.sales_order_id,
        p1_0.id,
        p1_0.amount,
        p1_0.created_at,
        p1_0.method,
        p1_0.payment_date,
        p1_0.status,
        p1_0.updated_at 
    from
        payments p1_0 
    where
        p1_0.sales_order_id=?
2026-09-07 22:36:36 [http-nio-8080-exec-6] DEBUG org.hibernate.SQL - 
    select
        u1_0.id,
        u1_0.branch_id,
        u1_0.created_at,
        u1_0.email,
        u1_0.enabled,
        u1_0.full_name,
        u1_0.password,
        u1_0.phone,
        u1_0.role_id,
        u1_0.updated_at,
        u1_0.username 
    from
        users u1_0 
    where
        u1_0.username=?
2026-09-07 22:36:36 [http-nio-8080-exec-6] DEBUG org.hibernate.SQL - 
    select
        b1_0.id,
        b1_0.active,
        b1_0.address,
        b1_0.created_at,
        b1_0.name,
        b1_0.phone,
        b1_0.updated_at 
    from
        branches b1_0 
    where
        b1_0.id=?
2026-09-07 22:36:36 [http-nio-8080-exec-6] DEBUG org.hibernate.SQL - 
    select
        r1_0.id,
        r1_0.description,
        r1_0.name 
    from
        roles r1_0 
    where
        r1_0.id=?
2026-09-07 22:36:36 [http-nio-8080-exec-6] DEBUG org.hibernate.SQL - 
    select
        u1_0.id,
        b1_0.id,
        b1_0.active,
        b1_0.address,
        b1_0.created_at,
        b1_0.name,
        b1_0.phone,
        b1_0.updated_at,
        u1_0.created_at,
        u1_0.email,
        u1_0.enabled,
        u1_0.full_name,
        u1_0.password,
        u1_0.phone,
        u1_0.role_id,
        r1_0.id,
        r1_0.description,
        r1_0.name,
        u1_0.updated_at,
        u1_0.username 
    from
        users u1_0 
    left join
        branches b1_0 
            on b1_0.id=u1_0.branch_id 
    join
        roles r1_0 
            on r1_0.id=u1_0.role_id 
    where
        u1_0.id=?
2026-09-07 22:36:36 [http-nio-8080-exec-10] DEBUG org.hibernate.SQL - 
    select
        u1_0.id,
        u1_0.branch_id,
        u1_0.created_at,
        u1_0.email,
        u1_0.enabled,
        u1_0.full_name,
        u1_0.password,
        u1_0.phone,
        u1_0.role_id,
        u1_0.updated_at,
        u1_0.username 
    from
        users u1_0 
    where
        u1_0.username=?
2026-09-07 22:36:36 [http-nio-8080-exec-10] DEBUG org.hibernate.SQL - 
    select
        b1_0.id,
        b1_0.active,
        b1_0.address,
        b1_0.created_at,
        b1_0.name,
        b1_0.phone,
        b1_0.updated_at 
    from
        branches b1_0 
    where
        b1_0.id=?
2026-09-07 22:36:36 [http-nio-8080-exec-10] DEBUG org.hibernate.SQL - 
    select
        r1_0.id,
        r1_0.description,
        r1_0.name 
    from
        roles r1_0 
    where
        r1_0.id=?
2026-09-07 22:36:36 [http-nio-8080-exec-10] DEBUG org.hibernate.SQL - 
    select
        b1_0.id,
        b1_0.active,
        b1_0.address,
        b1_0.created_at,
        b1_0.name,
        b1_0.phone,
        b1_0.updated_at 
    from
        branches b1_0
2026-09-07 22:36:36 [http-nio-8080-exec-5] DEBUG org.hibernate.SQL - 
    select
        u1_0.id,
        u1_0.branch_id,
        u1_0.created_at,
        u1_0.email,
        u1_0.enabled,
        u1_0.full_name,
        u1_0.password,
        u1_0.phone,
        u1_0.role_id,
        u1_0.updated_at,
        u1_0.username 
    from
        users u1_0 
    where
        u1_0.username=?
2026-09-07 22:36:36 [http-nio-8080-exec-7] DEBUG org.hibernate.SQL - 
    select
        u1_0.id,
        u1_0.branch_id,
        u1_0.created_at,
        u1_0.email,
        u1_0.enabled,
        u1_0.full_name,
        u1_0.password,
        u1_0.phone,
        u1_0.role_id,
        u1_0.updated_at,
        u1_0.username 
    from
        users u1_0 
    where
        u1_0.username=?
2026-09-07 22:36:36 [http-nio-8080-exec-8] DEBUG org.hibernate.SQL - 
    select
        u1_0.id,
        u1_0.branch_id,
        u1_0.created_at,
        u1_0.email,
        u1_0.enabled,
        u1_0.full_name,
        u1_0.password,
        u1_0.phone,
        u1_0.role_id,
        u1_0.updated_at,
        u1_0.username 
    from
        users u1_0 
    where
        u1_0.username=?
2026-09-07 22:36:36 [http-nio-8080-exec-5] DEBUG org.hibernate.SQL - 
    select
        b1_0.id,
        b1_0.active,
        b1_0.address,
        b1_0.created_at,
        b1_0.name,
        b1_0.phone,
        b1_0.updated_at 
    from
        branches b1_0 
    where
        b1_0.id=?
2026-09-07 22:36:36 [http-nio-8080-exec-6] DEBUG org.hibernate.SQL - 
    select
        u1_0.id,
        u1_0.branch_id,
        u1_0.created_at,
        u1_0.email,
        u1_0.enabled,
        u1_0.full_name,
        u1_0.password,
        u1_0.phone,
        u1_0.role_id,
        u1_0.updated_at,
        u1_0.username 
    from
        users u1_0 
    where
        u1_0.username=?
2026-09-07 22:36:36 [http-nio-8080-exec-5] DEBUG org.hibernate.SQL - 
    select
        r1_0.id,
        r1_0.description,
        r1_0.name 
    from
        roles r1_0 
    where
        r1_0.id=?
2026-09-07 22:36:36 [http-nio-8080-exec-8] DEBUG org.hibernate.SQL - 
    select
        b1_0.id,
        b1_0.active,
        b1_0.address,
        b1_0.created_at,
        b1_0.name,
        b1_0.phone,
        b1_0.updated_at 
    from
        branches b1_0 
    where
        b1_0.id=?
2026-09-07 22:36:36 [http-nio-8080-exec-7] DEBUG org.hibernate.SQL - 
    select
        b1_0.id,
        b1_0.active,
        b1_0.address,
        b1_0.created_at,
        b1_0.name,
        b1_0.phone,
        b1_0.updated_at 
    from
        branches b1_0 
    where
        b1_0.id=?
2026-09-07 22:36:36 [http-nio-8080-exec-7] DEBUG org.hibernate.SQL - 
    select
        r1_0.id,
        r1_0.description,
        r1_0.name 
    from
        roles r1_0 
    where
        r1_0.id=?
2026-09-07 22:36:36 [http-nio-8080-exec-8] DEBUG org.hibernate.SQL - 
    select
        r1_0.id,
        r1_0.description,
        r1_0.name 
    from
        roles r1_0 
    where
        r1_0.id=?
2026-09-07 22:36:36 [http-nio-8080-exec-6] DEBUG org.hibernate.SQL - 
    select
        b1_0.id,
        b1_0.active,
        b1_0.address,
        b1_0.created_at,
        b1_0.name,
        b1_0.phone,
        b1_0.updated_at 
    from
        branches b1_0 
    where
        b1_0.id=?
2026-09-07 22:36:36 [http-nio-8080-exec-6] DEBUG org.hibernate.SQL - 
    select
        r1_0.id,
        r1_0.description,
        r1_0.name 
    from
        roles r1_0 
    where
        r1_0.id=?
2026-09-07 22:36:36 [http-nio-8080-exec-5] DEBUG org.hibernate.SQL - 
    select
        i1_0.id,
        i1_0.branch_id,
        i1_0.created_at,
        i1_0.product_id,
        i1_0.quantity,
        i1_0.updated_at 
    from
        inventory i1_0 
    where
        i1_0.branch_id=?
2026-09-07 22:36:36 [http-nio-8080-exec-7] DEBUG org.hibernate.SQL - 
    select
        p1_0.id,
        p1_0.active,
        p1_0.created_at,
        p1_0.name,
        p1_0.reorder_level,
        p1_0.sku,
        p1_0.sub_category_id,
        p1_0.supplier_id,
        p1_0.unit,
        p1_0.unit_price,
        p1_0.updated_at 
    from
        products p1_0
2026-09-07 22:36:36 [http-nio-8080-exec-5] DEBUG org.hibernate.SQL - 
    select
        p1_0.id,
        p1_0.active,
        p1_0.created_at,
        p1_0.name,
        p1_0.reorder_level,
        p1_0.sku,
        p1_0.sub_category_id,
        p1_0.supplier_id,
        p1_0.unit,
        p1_0.unit_price,
        p1_0.updated_at 
    from
        products p1_0 
    where
        p1_0.id=?
2026-09-07 22:36:36 [http-nio-8080-exec-6] DEBUG org.hibernate.SQL - 
    select
        so1_0.id,
        so1_0.branch_id,
        so1_0.cashier_id,
        so1_0.created_at,
        so1_0.customer_id,
        so1_0.discount_id,
        so1_0.order_date,
        so1_0.status,
        so1_0.total_amount,
        so1_0.updated_at 
    from
        sales_orders so1_0 
    where
        so1_0.branch_id=?
2026-09-07 22:36:36 [http-nio-8080-exec-8] DEBUG org.hibernate.SQL - 
    select
        po1_0.id,
        po1_0.branch_id,
        po1_0.created_at,
        po1_0.order_date,
        po1_0.ordered_by,
        po1_0.status,
        po1_0.supplier_id,
        po1_0.total_amount,
        po1_0.updated_at 
    from
        purchase_orders po1_0 
    where
        po1_0.branch_id=?
2026-09-07 22:36:36 [http-nio-8080-exec-5] DEBUG org.hibernate.SQL - 
    select
        sc1_0.id,
        sc1_0.category_id,
        sc1_0.created_at,
        sc1_0.name,
        sc1_0.updated_at 
    from
        sub_categories sc1_0 
    where
        sc1_0.id=?
2026-09-07 22:36:36 [http-nio-8080-exec-5] DEBUG org.hibernate.SQL - 
    select
        c1_0.id,
        c1_0.created_at,
        c1_0.description,
        c1_0.name,
        c1_0.updated_at 
    from
        categories c1_0 
    where
        c1_0.id=?
2026-09-07 22:36:36 [http-nio-8080-exec-6] DEBUG org.hibernate.SQL - 
    select
        c1_0.id,
        c1_0.address,
        c1_0.created_at,
        c1_0.email,
        c1_0.loyalty_points,
        c1_0.name,
        c1_0.phone,
        c1_0.updated_at 
    from
        customers c1_0 
    where
        c1_0.id=?
2026-09-07 22:36:36 [http-nio-8080-exec-5] DEBUG org.hibernate.SQL - 
    select
        s1_0.id,
        s1_0.address,
        s1_0.contact_person,
        s1_0.created_at,
        s1_0.email,
        s1_0.name,
        s1_0.phone,
        s1_0.updated_at 
    from
        suppliers s1_0 
    where
        s1_0.id=?
2026-09-07 22:36:36 [http-nio-8080-exec-7] DEBUG org.hibernate.SQL - 
    select
        sc1_0.id,
        sc1_0.category_id,
        sc1_0.created_at,
        sc1_0.name,
        sc1_0.updated_at 
    from
        sub_categories sc1_0 
    where
        sc1_0.id=?
2026-09-07 22:36:36 [http-nio-8080-exec-8] DEBUG org.hibernate.SQL - 
    select
        s1_0.id,
        s1_0.address,
        s1_0.contact_person,
        s1_0.created_at,
        s1_0.email,
        s1_0.name,
        s1_0.phone,
        s1_0.updated_at 
    from
        suppliers s1_0 
    where
        s1_0.id=?
2026-09-07 22:36:36 [http-nio-8080-exec-6] DEBUG org.hibernate.SQL - 
    select
        b1_0.id,
        b1_0.active,
        b1_0.address,
        b1_0.created_at,
        b1_0.name,
        b1_0.phone,
        b1_0.updated_at 
    from
        branches b1_0 
    where
        b1_0.id=?
2026-09-07 22:36:36 [http-nio-8080-exec-5] DEBUG org.hibernate.SQL - 
    select
        b1_0.id,
        b1_0.active,
        b1_0.address,
        b1_0.created_at,
        b1_0.name,
        b1_0.phone,
        b1_0.updated_at 
    from
        branches b1_0 
    where
        b1_0.id=?
2026-09-07 22:36:36 [http-nio-8080-exec-7] DEBUG org.hibernate.SQL - 
    select
        c1_0.id,
        c1_0.created_at,
        c1_0.description,
        c1_0.name,
        c1_0.updated_at 
    from
        categories c1_0 
    where
        c1_0.id=?
2026-09-07 22:36:36 [http-nio-8080-exec-8] DEBUG org.hibernate.SQL - 
    select
        b1_0.id,
        b1_0.active,
        b1_0.address,
        b1_0.created_at,
        b1_0.name,
        b1_0.phone,
        b1_0.updated_at 
    from
        branches b1_0 
    where
        b1_0.id=?
2026-09-07 22:36:36 [http-nio-8080-exec-6] DEBUG org.hibernate.SQL - 
    select
        u1_0.id,
        b1_0.id,
        b1_0.active,
        b1_0.address,
        b1_0.created_at,
        b1_0.name,
        b1_0.phone,
        b1_0.updated_at,
        u1_0.created_at,
        u1_0.email,
        u1_0.enabled,
        u1_0.full_name,
        u1_0.password,
        u1_0.phone,
        u1_0.role_id,
        r1_0.id,
        r1_0.description,
        r1_0.name,
        u1_0.updated_at,
        u1_0.username 
    from
        users u1_0 
    left join
        branches b1_0 
            on b1_0.id=u1_0.branch_id 
    join
        roles r1_0 
            on r1_0.id=u1_0.role_id 
    where
        u1_0.id=?
2026-09-07 22:36:36 [http-nio-8080-exec-5] DEBUG org.hibernate.SQL - 
    select
        p1_0.id,
        p1_0.active,
        p1_0.created_at,
        p1_0.name,
        p1_0.reorder_level,
        p1_0.sku,
        p1_0.sub_category_id,
        p1_0.supplier_id,
        p1_0.unit,
        p1_0.unit_price,
        p1_0.updated_at 
    from
        products p1_0 
    where
        p1_0.id=?
2026-09-07 22:36:36 [http-nio-8080-exec-7] DEBUG org.hibernate.SQL - 
    select
        s1_0.id,
        s1_0.address,
        s1_0.contact_person,
        s1_0.created_at,
        s1_0.email,
        s1_0.name,
        s1_0.phone,
        s1_0.updated_at 
    from
        suppliers s1_0 
    where
        s1_0.id=?
2026-09-07 22:36:36 [http-nio-8080-exec-8] DEBUG org.hibernate.SQL - 
    select
        u1_0.id,
        b1_0.id,
        b1_0.active,
        b1_0.address,
        b1_0.created_at,
        b1_0.name,
        b1_0.phone,
        b1_0.updated_at,
        u1_0.created_at,
        u1_0.email,
        u1_0.enabled,
        u1_0.full_name,
        u1_0.password,
        u1_0.phone,
        u1_0.role_id,
        r1_0.id,
        r1_0.description,
        r1_0.name,
        u1_0.updated_at,
        u1_0.username 
    from
        users u1_0 
    left join
        branches b1_0 
            on b1_0.id=u1_0.branch_id 
    join
        roles r1_0 
            on r1_0.id=u1_0.role_id 
    where
        u1_0.id=?
2026-09-07 22:36:36 [http-nio-8080-exec-5] DEBUG org.hibernate.SQL - 
    select
        p1_0.id,
        p1_0.active,
        p1_0.created_at,
        p1_0.name,
        p1_0.reorder_level,
        p1_0.sku,
        p1_0.sub_category_id,
        p1_0.supplier_id,
        p1_0.unit,
        p1_0.unit_price,
        p1_0.updated_at 
    from
        products p1_0 
    where
        p1_0.id=?
2026-09-07 22:36:36 [http-nio-8080-exec-6] DEBUG org.hibernate.SQL - 
    select
        i1_0.sales_order_id,
        i1_0.id,
        i1_0.product_id,
        i1_0.quantity,
        i1_0.subtotal,
        i1_0.unit_price 
    from
        sales_order_items i1_0 
    where
        i1_0.sales_order_id=?
2026-09-07 22:36:36 [http-nio-8080-exec-7] DEBUG org.hibernate.SQL - 
    select
        sc1_0.id,
        sc1_0.category_id,
        sc1_0.created_at,
        sc1_0.name,
        sc1_0.updated_at 
    from
        sub_categories sc1_0 
    where
        sc1_0.id=?
2026-09-07 22:36:36 [http-nio-8080-exec-7] DEBUG org.hibernate.SQL - 
    select
        c1_0.id,
        c1_0.created_at,
        c1_0.description,
        c1_0.name,
        c1_0.updated_at 
    from
        categories c1_0 
    where
        c1_0.id=?
2026-09-07 22:36:36 [http-nio-8080-exec-6] DEBUG org.hibernate.SQL - 
    select
        p1_0.id,
        p1_0.active,
        p1_0.created_at,
        p1_0.name,
        p1_0.reorder_level,
        p1_0.sku,
        p1_0.sub_category_id,
        p1_0.supplier_id,
        p1_0.unit,
        p1_0.unit_price,
        p1_0.updated_at 
    from
        products p1_0 
    where
        p1_0.id=?
2026-09-07 22:36:36 [http-nio-8080-exec-5] DEBUG org.hibernate.SQL - 
    select
        sc1_0.id,
        sc1_0.category_id,
        sc1_0.created_at,
        sc1_0.name,
        sc1_0.updated_at 
    from
        sub_categories sc1_0 
    where
        sc1_0.id=?
2026-09-07 22:36:36 [http-nio-8080-exec-8] DEBUG org.hibernate.SQL - 
    select
        i1_0.purchase_order_id,
        i1_0.id,
        i1_0.product_id,
        i1_0.quantity,
        i1_0.subtotal,
        i1_0.unit_cost 
    from
        purchase_order_items i1_0 
    where
        i1_0.purchase_order_id=?
2026-09-07 22:36:36 [http-nio-8080-exec-5] DEBUG org.hibernate.SQL - 
    select
        c1_0.id,
        c1_0.created_at,
        c1_0.description,
        c1_0.name,
        c1_0.updated_at 
    from
        categories c1_0 
    where
        c1_0.id=?
2026-09-07 22:36:36 [http-nio-8080-exec-6] DEBUG org.hibernate.SQL - 
    select
        sc1_0.id,
        sc1_0.category_id,
        sc1_0.created_at,
        sc1_0.name,
        sc1_0.updated_at 
    from
        sub_categories sc1_0 
    where
        sc1_0.id=?
2026-09-07 22:36:36 [http-nio-8080-exec-7] DEBUG org.hibernate.SQL - 
    select
        sc1_0.id,
        sc1_0.category_id,
        sc1_0.created_at,
        sc1_0.name,
        sc1_0.updated_at 
    from
        sub_categories sc1_0 
    where
        sc1_0.id=?
2026-09-07 22:36:36 [http-nio-8080-exec-7] DEBUG org.hibernate.SQL - 
    select
        c1_0.id,
        c1_0.created_at,
        c1_0.description,
        c1_0.name,
        c1_0.updated_at 
    from
        categories c1_0 
    where
        c1_0.id=?
2026-09-07 22:36:36 [http-nio-8080-exec-6] DEBUG org.hibernate.SQL - 
    select
        c1_0.id,
        c1_0.created_at,
        c1_0.description,
        c1_0.name,
        c1_0.updated_at 
    from
        categories c1_0 
    where
        c1_0.id=?
2026-09-07 22:36:36 [http-nio-8080-exec-5] DEBUG org.hibernate.SQL - 
    select
        p1_0.id,
        p1_0.active,
        p1_0.created_at,
        p1_0.name,
        p1_0.reorder_level,
        p1_0.sku,
        p1_0.sub_category_id,
        p1_0.supplier_id,
        p1_0.unit,
        p1_0.unit_price,
        p1_0.updated_at 
    from
        products p1_0 
    where
        p1_0.id=?
2026-09-07 22:36:36 [http-nio-8080-exec-5] DEBUG org.hibernate.SQL - 
    select
        sc1_0.id,
        sc1_0.category_id,
        sc1_0.created_at,
        sc1_0.name,
        sc1_0.updated_at 
    from
        sub_categories sc1_0 
    where
        sc1_0.id=?
2026-09-07 22:36:36 [http-nio-8080-exec-7] DEBUG org.hibernate.SQL - 
    select
        s1_0.id,
        s1_0.address,
        s1_0.contact_person,
        s1_0.created_at,
        s1_0.email,
        s1_0.name,
        s1_0.phone,
        s1_0.updated_at 
    from
        suppliers s1_0 
    where
        s1_0.id=?
2026-09-07 22:36:36 [http-nio-8080-exec-6] DEBUG org.hibernate.SQL - 
    select
        s1_0.id,
        s1_0.address,
        s1_0.contact_person,
        s1_0.created_at,
        s1_0.email,
        s1_0.name,
        s1_0.phone,
        s1_0.updated_at 
    from
        suppliers s1_0 
    where
        s1_0.id=?
2026-09-07 22:36:36 [http-nio-8080-exec-5] DEBUG org.hibernate.SQL - 
    select
        c1_0.id,
        c1_0.created_at,
        c1_0.description,
        c1_0.name,
        c1_0.updated_at 
    from
        categories c1_0 
    where
        c1_0.id=?
2026-09-07 22:36:36 [http-nio-8080-exec-7] DEBUG org.hibernate.SQL - 
    select
        sc1_0.id,
        sc1_0.category_id,
        sc1_0.created_at,
        sc1_0.name,
        sc1_0.updated_at 
    from
        sub_categories sc1_0 
    where
        sc1_0.id=?
2026-09-07 22:36:36 [http-nio-8080-exec-6] DEBUG org.hibernate.SQL - 
    select
        p1_0.id,
        p1_0.active,
        p1_0.created_at,
        p1_0.name,
        p1_0.reorder_level,
        p1_0.sku,
        p1_0.sub_category_id,
        p1_0.supplier_id,
        p1_0.unit,
        p1_0.unit_price,
        p1_0.updated_at 
    from
        products p1_0 
    where
        p1_0.id=?
2026-09-07 22:36:36 [http-nio-8080-exec-5] DEBUG org.hibernate.SQL - 
    select
        p1_0.id,
        p1_0.active,
        p1_0.created_at,
        p1_0.name,
        p1_0.reorder_level,
        p1_0.sku,
        p1_0.sub_category_id,
        p1_0.supplier_id,
        p1_0.unit,
        p1_0.unit_price,
        p1_0.updated_at 
    from
        products p1_0 
    where
        p1_0.id=?
2026-09-07 22:36:36 [http-nio-8080-exec-6] DEBUG org.hibernate.SQL - 
    select
        p1_0.id,
        p1_0.active,
        p1_0.created_at,
        p1_0.name,
        p1_0.reorder_level,
        p1_0.sku,
        p1_0.sub_category_id,
        p1_0.supplier_id,
        p1_0.unit,
        p1_0.unit_price,
        p1_0.updated_at 
    from
        products p1_0 
    where
        p1_0.id=?
2026-09-07 22:36:36 [http-nio-8080-exec-7] DEBUG org.hibernate.SQL - 
    select
        c1_0.id,
        c1_0.created_at,
        c1_0.description,
        c1_0.name,
        c1_0.updated_at 
    from
        categories c1_0 
    where
        c1_0.id=?
2026-09-07 22:36:36 [http-nio-8080-exec-8] DEBUG org.hibernate.SQL - 
    select
        p1_0.id,
        p1_0.active,
        p1_0.created_at,
        p1_0.name,
        p1_0.reorder_level,
        p1_0.sku,
        p1_0.sub_category_id,
        p1_0.supplier_id,
        p1_0.unit,
        p1_0.unit_price,
        p1_0.updated_at 
    from
        products p1_0 
    where
        p1_0.id=?
2026-09-07 22:36:36 [http-nio-8080-exec-6] DEBUG org.hibernate.SQL - 
    select
        sc1_0.id,
        sc1_0.category_id,
        sc1_0.created_at,
        sc1_0.name,
        sc1_0.updated_at 
    from
        sub_categories sc1_0 
    where
        sc1_0.id=?
2026-09-07 22:36:36 [http-nio-8080-exec-7] DEBUG org.hibernate.SQL - 
    select
        sc1_0.id,
        sc1_0.category_id,
        sc1_0.created_at,
        sc1_0.name,
        sc1_0.updated_at 
    from
        sub_categories sc1_0 
    where
        sc1_0.id=?
2026-09-07 22:36:36 [http-nio-8080-exec-5] DEBUG org.hibernate.SQL - 
    select
        s1_0.id,
        s1_0.address,
        s1_0.contact_person,
        s1_0.created_at,
        s1_0.email,
        s1_0.name,
        s1_0.phone,
        s1_0.updated_at 
    from
        suppliers s1_0 
    where
        s1_0.id=?
2026-09-07 22:36:36 [http-nio-8080-exec-8] DEBUG org.hibernate.SQL - 
    select
        sc1_0.id,
        sc1_0.category_id,
        sc1_0.created_at,
        sc1_0.name,
        sc1_0.updated_at 
    from
        sub_categories sc1_0 
    where
        sc1_0.id=?
2026-09-07 22:36:36 [http-nio-8080-exec-7] DEBUG org.hibernate.SQL - 
    select
        c1_0.id,
        c1_0.created_at,
        c1_0.description,
        c1_0.name,
        c1_0.updated_at 
    from
        categories c1_0 
    where
        c1_0.id=?
2026-09-07 22:36:36 [http-nio-8080-exec-6] DEBUG org.hibernate.SQL - 
    select
        c1_0.id,
        c1_0.created_at,
        c1_0.description,
        c1_0.name,
        c1_0.updated_at 
    from
        categories c1_0 
    where
        c1_0.id=?
2026-09-07 22:36:36 [http-nio-8080-exec-5] DEBUG org.hibernate.SQL - 
    select
        p1_0.id,
        p1_0.active,
        p1_0.created_at,
        p1_0.name,
        p1_0.reorder_level,
        p1_0.sku,
        p1_0.sub_category_id,
        p1_0.supplier_id,
        p1_0.unit,
        p1_0.unit_price,
        p1_0.updated_at 
    from
        products p1_0 
    where
        p1_0.id=?
2026-09-07 22:36:36 [http-nio-8080-exec-8] DEBUG org.hibernate.SQL - 
    select
        c1_0.id,
        c1_0.created_at,
        c1_0.description,
        c1_0.name,
        c1_0.updated_at 
    from
        categories c1_0 
    where
        c1_0.id=?
2026-09-07 22:36:36 [http-nio-8080-exec-5] DEBUG org.hibernate.SQL - 
    select
        sc1_0.id,
        sc1_0.category_id,
        sc1_0.created_at,
        sc1_0.name,
        sc1_0.updated_at 
    from
        sub_categories sc1_0 
    where
        sc1_0.id=?
2026-09-07 22:36:36 [http-nio-8080-exec-6] DEBUG org.hibernate.SQL - 
    select
        p1_0.sales_order_id,
        p1_0.id,
        p1_0.amount,
        p1_0.created_at,
        p1_0.method,
        p1_0.payment_date,
        p1_0.status,
        p1_0.updated_at 
    from
        payments p1_0 
    where
        p1_0.sales_order_id=?
2026-09-07 22:36:36 [http-nio-8080-exec-7] DEBUG org.hibernate.SQL - 
    select
        s1_0.id,
        s1_0.address,
        s1_0.contact_person,
        s1_0.created_at,
        s1_0.email,
        s1_0.name,
        s1_0.phone,
        s1_0.updated_at 
    from
        suppliers s1_0 
    where
        s1_0.id=?
2026-09-07 22:36:36 [http-nio-8080-exec-7] DEBUG org.hibernate.SQL - 
    select
        sc1_0.id,
        sc1_0.category_id,
        sc1_0.created_at,
        sc1_0.name,
        sc1_0.updated_at 
    from
        sub_categories sc1_0 
    where
        sc1_0.id=?
2026-09-07 22:36:36 [http-nio-8080-exec-6] DEBUG org.hibernate.SQL - 
    select
        i1_0.sales_order_id,
        i1_0.id,
        i1_0.product_id,
        i1_0.quantity,
        i1_0.subtotal,
        i1_0.unit_price 
    from
        sales_order_items i1_0 
    where
        i1_0.sales_order_id=?
2026-09-07 22:36:36 [http-nio-8080-exec-5] DEBUG org.hibernate.SQL - 
    select
        c1_0.id,
        c1_0.created_at,
        c1_0.description,
        c1_0.name,
        c1_0.updated_at 
    from
        categories c1_0 
    where
        c1_0.id=?
2026-09-07 22:36:36 [http-nio-8080-exec-8] DEBUG org.hibernate.SQL - 
    select
        s1_0.id,
        s1_0.address,
        s1_0.contact_person,
        s1_0.created_at,
        s1_0.email,
        s1_0.name,
        s1_0.phone,
        s1_0.updated_at 
    from
        suppliers s1_0 
    where
        s1_0.id=?
2026-09-07 22:36:36 [http-nio-8080-exec-7] DEBUG org.hibernate.SQL - 
    select
        c1_0.id,
        c1_0.created_at,
        c1_0.description,
        c1_0.name,
        c1_0.updated_at 
    from
        categories c1_0 
    where
        c1_0.id=?
2026-09-07 22:36:36 [http-nio-8080-exec-5] DEBUG org.hibernate.SQL - 
    select
        p1_0.id,
        p1_0.active,
        p1_0.created_at,
        p1_0.name,
        p1_0.reorder_level,
        p1_0.sku,
        p1_0.sub_category_id,
        p1_0.supplier_id,
        p1_0.unit,
        p1_0.unit_price,
        p1_0.updated_at 
    from
        products p1_0 
    where
        p1_0.id=?
2026-09-07 22:36:36 [http-nio-8080-exec-8] DEBUG org.hibernate.SQL - 
    select
        i1_0.purchase_order_id,
        i1_0.id,
        i1_0.product_id,
        i1_0.quantity,
        i1_0.subtotal,
        i1_0.unit_cost 
    from
        purchase_order_items i1_0 
    where
        i1_0.purchase_order_id=?
2026-09-07 22:36:36 [http-nio-8080-exec-6] DEBUG org.hibernate.SQL - 
    select
        p1_0.sales_order_id,
        p1_0.id,
        p1_0.amount,
        p1_0.created_at,
        p1_0.method,
        p1_0.payment_date,
        p1_0.status,
        p1_0.updated_at 
    from
        payments p1_0 
    where
        p1_0.sales_order_id=?
2026-09-07 22:36:36 [http-nio-8080-exec-6] DEBUG org.hibernate.SQL - 
    select
        i1_0.sales_order_id,
        i1_0.id,
        i1_0.product_id,
        i1_0.quantity,
        i1_0.subtotal,
        i1_0.unit_price 
    from
        sales_order_items i1_0 
    where
        i1_0.sales_order_id=?
2026-09-07 22:36:36 [http-nio-8080-exec-5] DEBUG org.hibernate.SQL - 
    select
        sc1_0.id,
        sc1_0.category_id,
        sc1_0.created_at,
        sc1_0.name,
        sc1_0.updated_at 
    from
        sub_categories sc1_0 
    where
        sc1_0.id=?
2026-09-07 22:36:36 [http-nio-8080-exec-8] DEBUG org.hibernate.SQL - 
    select
        p1_0.id,
        p1_0.active,
        p1_0.created_at,
        p1_0.name,
        p1_0.reorder_level,
        p1_0.sku,
        p1_0.sub_category_id,
        p1_0.supplier_id,
        p1_0.unit,
        p1_0.unit_price,
        p1_0.updated_at 
    from
        products p1_0 
    where
        p1_0.id=?
2026-09-07 22:36:36 [http-nio-8080-exec-5] DEBUG org.hibernate.SQL - 
    select
        c1_0.id,
        c1_0.created_at,
        c1_0.description,
        c1_0.name,
        c1_0.updated_at 
    from
        categories c1_0 
    where
        c1_0.id=?
2026-09-07 22:36:36 [http-nio-8080-exec-8] DEBUG org.hibernate.SQL - 
    select
        sc1_0.id,
        sc1_0.category_id,
        sc1_0.created_at,
        sc1_0.name,
        sc1_0.updated_at 
    from
        sub_categories sc1_0 
    where
        sc1_0.id=?
2026-09-07 22:36:36 [http-nio-8080-exec-6] DEBUG org.hibernate.SQL - 
    select
        p1_0.sales_order_id,
        p1_0.id,
        p1_0.amount,
        p1_0.created_at,
        p1_0.method,
        p1_0.payment_date,
        p1_0.status,
        p1_0.updated_at 
    from
        payments p1_0 
    where
        p1_0.sales_order_id=?
2026-09-07 22:36:36 [http-nio-8080-exec-8] DEBUG org.hibernate.SQL - 
    select
        c1_0.id,
        c1_0.created_at,
        c1_0.description,
        c1_0.name,
        c1_0.updated_at 
    from
        categories c1_0 
    where
        c1_0.id=?
2026-09-07 22:36:36 [http-nio-8080-exec-6] DEBUG org.hibernate.SQL - 
    select
        i1_0.sales_order_id,
        i1_0.id,
        i1_0.product_id,
        i1_0.quantity,
        i1_0.subtotal,
        i1_0.unit_price 
    from
        sales_order_items i1_0 
    where
        i1_0.sales_order_id=?
2026-09-07 22:36:36 [http-nio-8080-exec-8] DEBUG org.hibernate.SQL - 
    select
        i1_0.purchase_order_id,
        i1_0.id,
        i1_0.product_id,
        i1_0.quantity,
        i1_0.subtotal,
        i1_0.unit_cost 
    from
        purchase_order_items i1_0 
    where
        i1_0.purchase_order_id=?
2026-09-07 22:36:36 [http-nio-8080-exec-6] DEBUG org.hibernate.SQL - 
    select
        p1_0.sales_order_id,
        p1_0.id,
        p1_0.amount,
        p1_0.created_at,
        p1_0.method,
        p1_0.payment_date,
        p1_0.status,
        p1_0.updated_at 
    from
        payments p1_0 
    where
        p1_0.sales_order_id=?
2026-09-07 22:36:36 [http-nio-8080-exec-8] DEBUG org.hibernate.SQL - 
    select
        i1_0.purchase_order_id,
        i1_0.id,
        i1_0.product_id,
        i1_0.quantity,
        i1_0.subtotal,
        i1_0.unit_cost 
    from
        purchase_order_items i1_0 
    where
        i1_0.purchase_order_id=?
2026-09-07 22:36:36 [http-nio-8080-exec-6] DEBUG org.hibernate.SQL - 
    select
        c1_0.id,
        c1_0.address,
        c1_0.created_at,
        c1_0.email,
        c1_0.loyalty_points,
        c1_0.name,
        c1_0.phone,
        c1_0.updated_at 
    from
        customers c1_0 
    where
        c1_0.id=?
2026-09-07 22:36:36 [http-nio-8080-exec-6] DEBUG org.hibernate.SQL - 
    select
        i1_0.sales_order_id,
        i1_0.id,
        i1_0.product_id,
        i1_0.quantity,
        i1_0.subtotal,
        i1_0.unit_price 
    from
        sales_order_items i1_0 
    where
        i1_0.sales_order_id=?
2026-09-07 22:36:36 [http-nio-8080-exec-6] DEBUG org.hibernate.SQL - 
    select
        p1_0.sales_order_id,
        p1_0.id,
        p1_0.amount,
        p1_0.created_at,
        p1_0.method,
        p1_0.payment_date,
        p1_0.status,
        p1_0.updated_at 
    from
        payments p1_0 
    where
        p1_0.sales_order_id=?
2026-09-07 22:36:36 [http-nio-8080-exec-6] DEBUG org.hibernate.SQL - 
    select
        i1_0.sales_order_id,
        i1_0.id,
        i1_0.product_id,
        i1_0.quantity,
        i1_0.subtotal,
        i1_0.unit_price 
    from
        sales_order_items i1_0 
    where
        i1_0.sales_order_id=?
2026-09-07 22:36:36 [http-nio-8080-exec-6] DEBUG org.hibernate.SQL - 
    select
        p1_0.sales_order_id,
        p1_0.id,
        p1_0.amount,
        p1_0.created_at,
        p1_0.method,
        p1_0.payment_date,
        p1_0.status,
        p1_0.updated_at 
    from
        payments p1_0 
    where
        p1_0.sales_order_id=?
2026-09-07 22:36:36 [http-nio-8080-exec-6] DEBUG org.hibernate.SQL - 
    select
        i1_0.sales_order_id,
        i1_0.id,
        i1_0.product_id,
        i1_0.quantity,
        i1_0.subtotal,
        i1_0.unit_price 
    from
        sales_order_items i1_0 
    where
        i1_0.sales_order_id=?
2026-09-07 22:36:36 [http-nio-8080-exec-6] DEBUG org.hibernate.SQL - 
    select
        p1_0.sales_order_id,
        p1_0.id,
        p1_0.amount,
        p1_0.created_at,
        p1_0.method,
        p1_0.payment_date,
        p1_0.status,
        p1_0.updated_at 
    from
        payments p1_0 
    where
        p1_0.sales_order_id=?
2026-09-07 22:36:36 [http-nio-8080-exec-6] DEBUG org.hibernate.SQL - 
    select
        i1_0.sales_order_id,
        i1_0.id,
        i1_0.product_id,
        i1_0.quantity,
        i1_0.subtotal,
        i1_0.unit_price 
    from
        sales_order_items i1_0 
    where
        i1_0.sales_order_id=?
2026-09-07 22:36:36 [http-nio-8080-exec-6] DEBUG org.hibernate.SQL - 
    select
        p1_0.sales_order_id,
        p1_0.id,
        p1_0.amount,
        p1_0.created_at,
        p1_0.method,
        p1_0.payment_date,
        p1_0.status,
        p1_0.updated_at 
    from
        payments p1_0 
    where
        p1_0.sales_order_id=?
2026-09-07 22:36:36 [http-nio-8080-exec-6] DEBUG org.hibernate.SQL - 
    select
        i1_0.sales_order_id,
        i1_0.id,
        i1_0.product_id,
        i1_0.quantity,
        i1_0.subtotal,
        i1_0.unit_price 
    from
        sales_order_items i1_0 
    where
        i1_0.sales_order_id=?
2026-09-07 22:36:36 [http-nio-8080-exec-6] DEBUG org.hibernate.SQL - 
    select
        p1_0.sales_order_id,
        p1_0.id,
        p1_0.amount,
        p1_0.created_at,
        p1_0.method,
        p1_0.payment_date,
        p1_0.status,
        p1_0.updated_at 
    from
        payments p1_0 
    where
        p1_0.sales_order_id=?
2026-09-07 22:36:36 [http-nio-8080-exec-6] DEBUG org.hibernate.SQL - 
    select
        i1_0.sales_order_id,
        i1_0.id,
        i1_0.product_id,
        i1_0.quantity,
        i1_0.subtotal,
        i1_0.unit_price 
    from
        sales_order_items i1_0 
    where
        i1_0.sales_order_id=?
2026-09-07 22:36:36 [http-nio-8080-exec-6] DEBUG org.hibernate.SQL - 
    select
        p1_0.sales_order_id,
        p1_0.id,
        p1_0.amount,
        p1_0.created_at,
        p1_0.method,
        p1_0.payment_date,
        p1_0.status,
        p1_0.updated_at 
    from
        payments p1_0 
    where
        p1_0.sales_order_id=?
2026-09-07 22:36:36 [http-nio-8080-exec-6] DEBUG org.hibernate.SQL - 
    select
        u1_0.id,
        b1_0.id,
        b1_0.active,
        b1_0.address,
        b1_0.created_at,
        b1_0.name,
        b1_0.phone,
        b1_0.updated_at,
        u1_0.created_at,
        u1_0.email,
        u1_0.enabled,
        u1_0.full_name,
        u1_0.password,
        u1_0.phone,
        u1_0.role_id,
        r1_0.id,
        r1_0.description,
        r1_0.name,
        u1_0.updated_at,
        u1_0.username 
    from
        users u1_0 
    left join
        branches b1_0 
            on b1_0.id=u1_0.branch_id 
    join
        roles r1_0 
            on r1_0.id=u1_0.role_id 
    where
        u1_0.id=?
2026-09-07 22:36:36 [http-nio-8080-exec-6] DEBUG org.hibernate.SQL - 
    select
        i1_0.sales_order_id,
        i1_0.id,
        i1_0.product_id,
        i1_0.quantity,
        i1_0.subtotal,
        i1_0.unit_price 
    from
        sales_order_items i1_0 
    where
        i1_0.sales_order_id=?
2026-09-07 22:36:36 [http-nio-8080-exec-6] DEBUG org.hibernate.SQL - 
    select
        p1_0.id,
        p1_0.active,
        p1_0.created_at,
        p1_0.name,
        p1_0.reorder_level,
        p1_0.sku,
        p1_0.sub_category_id,
        p1_0.supplier_id,
        p1_0.unit,
        p1_0.unit_price,
        p1_0.updated_at 
    from
        products p1_0 
    where
        p1_0.id=?
2026-09-07 22:36:36 [http-nio-8080-exec-6] DEBUG org.hibernate.SQL - 
    select
        sc1_0.id,
        sc1_0.category_id,
        sc1_0.created_at,
        sc1_0.name,
        sc1_0.updated_at 
    from
        sub_categories sc1_0 
    where
        sc1_0.id=?
2026-09-07 22:36:36 [http-nio-8080-exec-6] DEBUG org.hibernate.SQL - 
    select
        c1_0.id,
        c1_0.created_at,
        c1_0.description,
        c1_0.name,
        c1_0.updated_at 
    from
        categories c1_0 
    where
        c1_0.id=?
2026-09-07 22:36:36 [http-nio-8080-exec-6] DEBUG org.hibernate.SQL - 
    select
        p1_0.sales_order_id,
        p1_0.id,
        p1_0.amount,
        p1_0.created_at,
        p1_0.method,
        p1_0.payment_date,
        p1_0.status,
        p1_0.updated_at 
    from
        payments p1_0 
    where
        p1_0.sales_order_id=?
2026-09-07 22:36:36 [http-nio-8080-exec-6] DEBUG org.hibernate.SQL - 
    select
        i1_0.sales_order_id,
        i1_0.id,
        i1_0.product_id,
        i1_0.quantity,
        i1_0.subtotal,
        i1_0.unit_price 
    from
        sales_order_items i1_0 
    where
        i1_0.sales_order_id=?
2026-09-07 22:36:36 [http-nio-8080-exec-6] DEBUG org.hibernate.SQL - 
    select
        p1_0.sales_order_id,
        p1_0.id,
        p1_0.amount,
        p1_0.created_at,
        p1_0.method,
        p1_0.payment_date,
        p1_0.status,
        p1_0.updated_at 
    from
        payments p1_0 
    where
        p1_0.sales_order_id=?
2026-09-07 22:36:36 [http-nio-8080-exec-6] DEBUG org.hibernate.SQL - 
    select
        c1_0.id,
        c1_0.address,
        c1_0.created_at,
        c1_0.email,
        c1_0.loyalty_points,
        c1_0.name,
        c1_0.phone,
        c1_0.updated_at 
    from
        customers c1_0 
    where
        c1_0.id=?
2026-09-07 22:36:36 [http-nio-8080-exec-6] DEBUG org.hibernate.SQL - 
    select
        i1_0.sales_order_id,
        i1_0.id,
        i1_0.product_id,
        i1_0.quantity,
        i1_0.subtotal,
        i1_0.unit_price 
    from
        sales_order_items i1_0 
    where
        i1_0.sales_order_id=?
2026-09-07 22:36:36 [http-nio-8080-exec-6] DEBUG org.hibernate.SQL - 
    select
        p1_0.id,
        p1_0.active,
        p1_0.created_at,
        p1_0.name,
        p1_0.reorder_level,
        p1_0.sku,
        p1_0.sub_category_id,
        p1_0.supplier_id,
        p1_0.unit,
        p1_0.unit_price,
        p1_0.updated_at 
    from
        products p1_0 
    where
        p1_0.id=?
2026-09-07 22:36:36 [http-nio-8080-exec-6] DEBUG org.hibernate.SQL - 
    select
        sc1_0.id,
        sc1_0.category_id,
        sc1_0.created_at,
        sc1_0.name,
        sc1_0.updated_at 
    from
        sub_categories sc1_0 
    where
        sc1_0.id=?
2026-09-07 22:36:36 [http-nio-8080-exec-6] DEBUG org.hibernate.SQL - 
    select
        c1_0.id,
        c1_0.created_at,
        c1_0.description,
        c1_0.name,
        c1_0.updated_at 
    from
        categories c1_0 
    where
        c1_0.id=?
2026-09-07 22:36:36 [http-nio-8080-exec-6] DEBUG org.hibernate.SQL - 
    select
        p1_0.id,
        p1_0.active,
        p1_0.created_at,
        p1_0.name,
        p1_0.reorder_level,
        p1_0.sku,
        p1_0.sub_category_id,
        p1_0.supplier_id,
        p1_0.unit,
        p1_0.unit_price,
        p1_0.updated_at 
    from
        products p1_0 
    where
        p1_0.id=?
2026-09-07 22:36:36 [http-nio-8080-exec-6] DEBUG org.hibernate.SQL - 
    select
        s1_0.id,
        s1_0.address,
        s1_0.contact_person,
        s1_0.created_at,
        s1_0.email,
        s1_0.name,
        s1_0.phone,
        s1_0.updated_at 
    from
        suppliers s1_0 
    where
        s1_0.id=?
2026-09-07 22:36:36 [http-nio-8080-exec-6] DEBUG org.hibernate.SQL - 
    select
        p1_0.sales_order_id,
        p1_0.id,
        p1_0.amount,
        p1_0.created_at,
        p1_0.method,
        p1_0.payment_date,
        p1_0.status,
        p1_0.updated_at 
    from
        payments p1_0 
    where
        p1_0.sales_order_id=?
2026-09-07 22:36:36 [http-nio-8080-exec-6] DEBUG org.hibernate.SQL - 
    select
        i1_0.sales_order_id,
        i1_0.id,
        i1_0.product_id,
        i1_0.quantity,
        i1_0.subtotal,
        i1_0.unit_price 
    from
        sales_order_items i1_0 
    where
        i1_0.sales_order_id=?
2026-09-07 22:36:36 [http-nio-8080-exec-6] DEBUG org.hibernate.SQL - 
    select
        p1_0.sales_order_id,
        p1_0.id,
        p1_0.amount,
        p1_0.created_at,
        p1_0.method,
        p1_0.payment_date,
        p1_0.status,
        p1_0.updated_at 
    from
        payments p1_0 
    where
        p1_0.sales_order_id=?
2026-09-07 22:36:36 [http-nio-8080-exec-6] DEBUG org.hibernate.SQL - 
    select
        i1_0.sales_order_id,
        i1_0.id,
        i1_0.product_id,
        i1_0.quantity,
        i1_0.subtotal,
        i1_0.unit_price 
    from
        sales_order_items i1_0 
    where
        i1_0.sales_order_id=?
2026-09-07 22:36:36 [http-nio-8080-exec-6] DEBUG org.hibernate.SQL - 
    select
        p1_0.id,
        p1_0.active,
        p1_0.created_at,
        p1_0.name,
        p1_0.reorder_level,
        p1_0.sku,
        p1_0.sub_category_id,
        p1_0.supplier_id,
        p1_0.unit,
        p1_0.unit_price,
        p1_0.updated_at 
    from
        products p1_0 
    where
        p1_0.id=?
2026-09-07 22:36:36 [http-nio-8080-exec-6] DEBUG org.hibernate.SQL - 
    select
        sc1_0.id,
        sc1_0.category_id,
        sc1_0.created_at,
        sc1_0.name,
        sc1_0.updated_at 
    from
        sub_categories sc1_0 
    where
        sc1_0.id=?
2026-09-07 22:36:36 [http-nio-8080-exec-6] DEBUG org.hibernate.SQL - 
    select
        c1_0.id,
        c1_0.created_at,
        c1_0.description,
        c1_0.name,
        c1_0.updated_at 
    from
        categories c1_0 
    where
        c1_0.id=?
2026-09-07 22:36:36 [http-nio-8080-exec-6] DEBUG org.hibernate.SQL - 
    select
        p1_0.sales_order_id,
        p1_0.id,
        p1_0.amount,
        p1_0.created_at,
        p1_0.method,
        p1_0.payment_date,
        p1_0.status,
        p1_0.updated_at 
    from
        payments p1_0 
    where
        p1_0.sales_order_id=?
